customer_id,customer_unique_id,customer_state
OC000001,CUST100000,RJ
OC000002,CUST100000,RJ
OC000003,CUST100001,SP
OC000004,CUST100002,PR
OC000005,CUST100003,RS
OC000006,CUST100004,RS
OC000007,CUST100005,MG
OC000008,CUST100006,RJ
OC000009,CUST100007,PE
OC000010,CUST100008,RJ
OC000011,CUST100009,CE
OC000012,CUST100009,CE
OC000013,CUST100010,SC
OC000014,CUST100011,SP
OC000015,CUST100011,SP
OC000016,CUST100011,SP
OC000017,CUST100011,SP
OC000018,CUST100011,SP
OC000019,CUST100012,SP
OC000020,CUST100013,RJ
OC000021,CUST100013,RJ
OC000022,CUST100014,RS
OC000023,CUST100014,RS
OC000024,CUST100014,RS
OC000025,CUST100014,RS
OC000026,CUST100014,RS
OC000027,CUST100014,RS
OC000028,CUST100014,RS
OC000029,CUST100014,RS
OC000030,CUST100015,RS
OC000031,CUST100016,PE
OC000032,CUST100017,CE
OC000033,CUST100018,SP
OC000034,CUST100018,SP
OC000035,CUST100019,PE
OC000036,CUST100020,RS
OC000037,CUST100021,PE
OC000038,CUST100021,PE
OC000039,CUST100021,PE
OC000040,CUST100021,PE
OC000041,CUST100021,PE
OC000042,CUST100022,SC
OC000043,CUST100023,RS
OC000044,CUST100023,RS
OC000045,CUST100024,GO
OC000046,CUST100025,CE
OC000047,CUST100026,PR
OC000048,CUST100027,SP
OC000049,CUST100028,MG
OC000050,CUST100029,SC
OC000051,CUST100030,BA
OC000052,CUST100031,PR
OC000053,CUST100032,MG
OC000054,CUST100032,MG
OC000055,CUST100033,RS
OC000056,CUST100034,BA
OC000057,CUST100035,RJ
OC000058,CUST100036,RJ
OC000059,CUST100037,SC
OC000060,CUST100038,RJ
OC000061,CUST100039,BA
OC000062,CUST100040,BA
OC000063,CUST100041,CE
OC000064,CUST100042,PR
OC000065,CUST100043,SP
OC000066,CUST100043,SP
OC000067,CUST100043,SP
OC000068,CUST100044,GO
OC000069,CUST100044,GO
OC000070,CUST100045,PE
OC000071,CUST100046,RJ
OC000072,CUST100047,SC
OC000073,CUST100048,RJ
OC000074,CUST100049,PE
OC000075,CUST100050,PR
OC000076,CUST100051,CE
OC000077,CUST100052,BA
OC000078,CUST100053,CE
OC000079,CUST100054,RS
OC000080,CUST100055,RJ
OC000081,CUST100056,SP
OC000082,CUST100057,RS
OC000083,CUST100058,PR
OC000084,CUST100058,PR
OC000085,CUST100059,RJ
OC000086,CUST100060,RS
OC000087,CUST100061,RJ
OC000088,CUST100061,RJ
OC000089,CUST100062,SC
OC000090,CUST100063,PR
OC000091,CUST100064,GO
OC000092,CUST100065,BA
OC000093,CUST100066,MG
OC000094,CUST100066,MG
OC000095,CUST100067,BA
OC000096,CUST100067,BA
OC000097,CUST100068,BA
OC000098,CUST100069,RS
OC000099,CUST100069,RS
OC000100,CUST100070,PR
OC000101,CUST100071,RJ
OC000102,CUST100072,CE
OC000103,CUST100073,MG
OC000104,CUST100074,PE
OC000105,CUST100075,RS
OC000106,CUST100076,MG
OC000107,CUST100077,GO
OC000108,CUST100078,SC
OC000109,CUST100078,SC
OC000110,CUST100079,PR
OC000111,CUST100080,PE
OC000112,CUST100081,RS
OC000113,CUST100082,BA
OC000114,CUST100082,BA
OC000115,CUST100082,BA
OC000116,CUST100082,BA
OC000117,CUST100083,SP
OC000118,CUST100084,RS
OC000119,CUST100085,SP
OC000120,CUST100086,BA
OC000121,CUST100086,BA
OC000122,CUST100086,BA
OC000123,CUST100086,BA
OC000124,CUST100086,BA
OC000125,CUST100086,BA
OC000126,CUST100087,SC
OC000127,CUST100088,PR
OC000128,CUST100089,RJ
OC000129,CUST100089,RJ
OC000130,CUST100090,RS
OC000131,CUST100090,RS
OC000132,CUST100090,RS
OC000133,CUST100090,RS
OC000134,CUST100090,RS
OC000135,CUST100090,RS
OC000136,CUST100090,RS
OC000137,CUST100091,CE
OC000138,CUST100092,BA
OC000139,CUST100093,RS
OC000140,CUST100094,GO
OC000141,CUST100095,SC
OC000142,CUST100096,GO
OC000143,CUST100097,MG
OC000144,CUST100098,PR
OC000145,CUST100099,MG
OC000146,CUST100100,RS
OC000147,CUST100101,PE
OC000148,CUST100102,PE
OC000149,CUST100103,PR
OC000150,CUST100104,CE
OC000151,CUST100105,SC
OC000152,CUST100106,CE
OC000153,CUST100107,SC
OC000154,CUST100107,SC
OC000155,CUST100107,SC
OC000156,CUST100108,BA
OC000157,CUST100109,RS
OC000158,CUST100110,MG
OC000159,CUST100110,MG
OC000160,CUST100111,PE
OC000161,CUST100112,GO
OC000162,CUST100113,RJ
OC000163,CUST100114,SP
OC000164,CUST100114,SP
OC000165,CUST100114,SP
OC000166,CUST100114,SP
OC000167,CUST100114,SP
OC000168,CUST100114,SP
OC000169,CUST100115,RJ
OC000170,CUST100116,MG
OC000171,CUST100116,MG
OC000172,CUST100116,MG
OC000173,CUST100116,MG
OC000174,CUST100117,MG
OC000175,CUST100118,SC
OC000176,CUST100119,CE
OC000177,CUST100120,RJ
OC000178,CUST100121,SC
OC000179,CUST100122,SC
OC000180,CUST100123,CE
OC000181,CUST100123,CE
OC000182,CUST100123,CE
OC000183,CUST100124,GO
OC000184,CUST100125,PE
OC000185,CUST100125,PE
OC000186,CUST100126,PR
OC000187,CUST100127,PE
OC000188,CUST100128,SP
OC000189,CUST100129,RJ
OC000190,CUST100130,PE
OC000191,CUST100131,PR
OC000192,CUST100132,BA
OC000193,CUST100133,RJ
OC000194,CUST100133,RJ
OC000195,CUST100133,RJ
OC000196,CUST100133,RJ
OC000197,CUST100133,RJ
OC000198,CUST100134,PR
OC000199,CUST100134,PR
OC000200,CUST100134,PR
OC000201,CUST100135,SC
OC000202,CUST100135,SC
OC000203,CUST100136,MG
OC000204,CUST100137,GO
OC000205,CUST100137,GO
OC000206,CUST100137,GO
OC000207,CUST100138,SP
OC000208,CUST100139,PR
OC000209,CUST100140,PE
OC000210,CUST100140,PE
OC000211,CUST100141,MG
OC000212,CUST100142,PE
OC000213,CUST100143,RJ
OC000214,CUST100144,PR
OC000215,CUST100144,PR
OC000216,CUST100144,PR
OC000217,CUST100145,PE
OC000218,CUST100145,PE
OC000219,CUST100145,PE
OC000220,CUST100146,CE
OC000221,CUST100146,CE
OC000222,CUST100147,RS
OC000223,CUST100148,MG
OC000224,CUST100149,BA
OC000225,CUST100150,MG
OC000226,CUST100151,PE
OC000227,CUST100152,PE
OC000228,CUST100153,SP
OC000229,CUST100153,SP
OC000230,CUST100153,SP
OC000231,CUST100154,CE
OC000232,CUST100155,BA
OC000233,CUST100156,GO
OC000234,CUST100157,SP
OC000235,CUST100158,RJ
OC000236,CUST100159,BA
OC000237,CUST100160,PR
OC000238,CUST100161,RS
OC000239,CUST100162,SP
OC000240,CUST100163,RS
OC000241,CUST100164,CE
OC000242,CUST100165,RJ
OC000243,CUST100165,RJ
OC000244,CUST100166,RJ
OC000245,CUST100166,RJ
OC000246,CUST100166,RJ
OC000247,CUST100166,RJ
OC000248,CUST100166,RJ
OC000249,CUST100166,RJ
OC000250,CUST100167,GO
OC000251,CUST100168,RJ
OC000252,CUST100169,PE
OC000253,CUST100170,MG
OC000254,CUST100171,MG
OC000255,CUST100172,GO
OC000256,CUST100173,PE
OC000257,CUST100174,MG
OC000258,CUST100175,PR
OC000259,CUST100176,PE
OC000260,CUST100176,PE
OC000261,CUST100177,CE
OC000262,CUST100178,SC
OC000263,CUST100179,RS
OC000264,CUST100180,PE
OC000265,CUST100181,RS
OC000266,CUST100181,RS
OC000267,CUST100182,PR
OC000268,CUST100183,SC
OC000269,CUST100184,BA
OC000270,CUST100185,GO
OC000271,CUST100186,PE
OC000272,CUST100187,GO
OC000273,CUST100188,RJ
OC000274,CUST100189,RS
OC000275,CUST100189,RS
OC000276,CUST100190,RS
OC000277,CUST100191,RJ
OC000278,CUST100191,RJ
OC000279,CUST100192,BA
OC000280,CUST100193,SP
OC000281,CUST100194,CE
OC000282,CUST100195,PE
OC000283,CUST100196,RS
OC000284,CUST100197,CE
OC000285,CUST100198,RS
OC000286,CUST100199,SP
OC000287,CUST100199,SP
OC000288,CUST100199,SP
OC000289,CUST100199,SP
OC000290,CUST100199,SP
OC000291,CUST100200,RJ
OC000292,CUST100201,SP
OC000293,CUST100202,RS
OC000294,CUST100202,RS
OC000295,CUST100202,RS
OC000296,CUST100203,RJ
OC000297,CUST100203,RJ
OC000298,CUST100203,RJ
OC000299,CUST100203,RJ
OC000300,CUST100204,SP
OC000301,CUST100205,BA
OC000302,CUST100206,RJ
OC000303,CUST100207,PE
OC000304,CUST100207,PE
OC000305,CUST100207,PE
OC000306,CUST100207,PE
OC000307,CUST100208,RS
OC000308,CUST100209,PR
OC000309,CUST100210,GO
OC000310,CUST100211,RS
OC000311,CUST100212,PE
OC000312,CUST100213,MG
OC000313,CUST100213,MG
OC000314,CUST100213,MG
OC000315,CUST100213,MG
OC000316,CUST100213,MG
OC000317,CUST100213,MG
OC000318,CUST100213,MG
OC000319,CUST100213,MG
OC000320,CUST100213,MG
OC000321,CUST100213,MG
OC000322,CUST100214,CE
OC000323,CUST100215,CE
OC000324,CUST100215,CE
OC000325,CUST100215,CE
OC000326,CUST100215,CE
OC000327,CUST100215,CE
OC000328,CUST100216,GO
OC000329,CUST100217,RS
OC000330,CUST100218,GO
OC000331,CUST100218,GO
OC000332,CUST100219,SC
OC000333,CUST100220,RS
OC000334,CUST100221,RJ
OC000335,CUST100222,RJ
OC000336,CUST100223,SC
OC000337,CUST100224,BA
OC000338,CUST100225,SC
OC000339,CUST100226,SC
OC000340,CUST100226,SC
OC000341,CUST100227,GO
OC000342,CUST100228,SP
OC000343,CUST100228,SP
OC000344,CUST100228,SP
OC000345,CUST100228,SP
OC000346,CUST100229,RJ
OC000347,CUST100230,SP
OC000348,CUST100230,SP
OC000349,CUST100230,SP
OC000350,CUST100231,SC
OC000351,CUST100231,SC
OC000352,CUST100232,BA
OC000353,CUST100233,RJ
OC000354,CUST100234,RS
OC000355,CUST100235,RS
OC000356,CUST100236,RS
OC000357,CUST100237,PE
OC000358,CUST100238,GO
OC000359,CUST100238,GO
OC000360,CUST100238,GO
OC000361,CUST100239,MG
OC000362,CUST100239,MG
OC000363,CUST100239,MG
OC000364,CUST100239,MG
OC000365,CUST100239,MG
OC000366,CUST100240,SC
OC000367,CUST100241,MG
OC000368,CUST100242,PR
OC000369,CUST100242,PR
OC000370,CUST100242,PR
OC000371,CUST100243,GO
OC000372,CUST100244,RS
OC000373,CUST100245,RJ
OC000374,CUST100246,GO
OC000375,CUST100247,PE
OC000376,CUST100248,RJ
OC000377,CUST100248,RJ
OC000378,CUST100248,RJ
OC000379,CUST100249,SP
OC000380,CUST100250,PE
OC000381,CUST100251,SP
OC000382,CUST100252,RJ
OC000383,CUST100253,RS
OC000384,CUST100253,RS
OC000385,CUST100254,MG
OC000386,CUST100254,MG
OC000387,CUST100255,SC
OC000388,CUST100256,GO
OC000389,CUST100257,GO
OC000390,CUST100257,GO
OC000391,CUST100257,GO
OC000392,CUST100258,RS
OC000393,CUST100258,RS
OC000394,CUST100258,RS
OC000395,CUST100259,SC
OC000396,CUST100260,SP
OC000397,CUST100261,MG
OC000398,CUST100262,SC
OC000399,CUST100263,SP
OC000400,CUST100263,SP
OC000401,CUST100264,SC
OC000402,CUST100265,PR
OC000403,CUST100266,GO
OC000404,CUST100266,GO
OC000405,CUST100267,PR
OC000406,CUST100267,PR
OC000407,CUST100267,PR
OC000408,CUST100267,PR
OC000409,CUST100267,PR
OC000410,CUST100267,PR
OC000411,CUST100267,PR
OC000412,CUST100268,SC
OC000413,CUST100269,PE
OC000414,CUST100270,GO
OC000415,CUST100271,MG
OC000416,CUST100272,RS
OC000417,CUST100273,PR
OC000418,CUST100274,RS
OC000419,CUST100275,SP
OC000420,CUST100276,CE
OC000421,CUST100277,PE
OC000422,CUST100278,SP
OC000423,CUST100278,SP
OC000424,CUST100279,BA
OC000425,CUST100280,SP
OC000426,CUST100281,SP
OC000427,CUST100282,CE
OC000428,CUST100283,GO
OC000429,CUST100283,GO
OC000430,CUST100284,PE
OC000431,CUST100285,PE
OC000432,CUST100286,MG
OC000433,CUST100287,SP
OC000434,CUST100288,PE
OC000435,CUST100288,PE
OC000436,CUST100289,RJ
OC000437,CUST100290,MG
OC000438,CUST100290,MG
OC000439,CUST100291,RJ
OC000440,CUST100292,CE
OC000441,CUST100293,RJ
OC000442,CUST100294,RS
OC000443,CUST100295,SC
OC000444,CUST100295,SC
OC000445,CUST100295,SC
OC000446,CUST100296,RJ
OC000447,CUST100297,CE
OC000448,CUST100298,RS
OC000449,CUST100299,CE
OC000450,CUST100300,CE
OC000451,CUST100301,SP
OC000452,CUST100302,CE
OC000453,CUST100303,RJ
OC000454,CUST100303,RJ
OC000455,CUST100304,SC
OC000456,CUST100305,CE
OC000457,CUST100306,CE
OC000458,CUST100307,PE
OC000459,CUST100308,BA
OC000460,CUST100309,PR
OC000461,CUST100309,PR
OC000462,CUST100310,RS
OC000463,CUST100311,BA
OC000464,CUST100312,RS
OC000465,CUST100313,PR
OC000466,CUST100314,SC
OC000467,CUST100315,MG
OC000468,CUST100316,PR
OC000469,CUST100316,PR
OC000470,CUST100317,GO
OC000471,CUST100318,BA
OC000472,CUST100319,RJ
OC000473,CUST100320,SP
OC000474,CUST100321,GO
OC000475,CUST100322,CE
OC000476,CUST100322,CE
OC000477,CUST100322,CE
OC000478,CUST100322,CE
OC000479,CUST100323,CE
OC000480,CUST100324,RJ
OC000481,CUST100325,RJ
OC000482,CUST100326,PE
OC000483,CUST100327,RS
OC000484,CUST100328,PE
OC000485,CUST100329,PR
OC000486,CUST100330,MG
OC000487,CUST100330,MG
OC000488,CUST100331,BA
OC000489,CUST100332,RJ
OC000490,CUST100332,RJ
OC000491,CUST100332,RJ
OC000492,CUST100332,RJ
OC000493,CUST100333,RS
OC000494,CUST100334,BA
OC000495,CUST100335,PR
OC000496,CUST100335,PR
OC000497,CUST100336,MG
OC000498,CUST100337,GO
OC000499,CUST100338,PE
OC000500,CUST100339,PR
OC000501,CUST100340,CE
OC000502,CUST100341,PE
OC000503,CUST100342,SP
OC000504,CUST100343,PE
OC000505,CUST100344,PR
OC000506,CUST100345,RJ
OC000507,CUST100345,RJ
OC000508,CUST100346,MG
OC000509,CUST100347,PR
OC000510,CUST100348,RJ
OC000511,CUST100348,RJ
OC000512,CUST100349,RJ
OC000513,CUST100350,PE
OC000514,CUST100351,MG
OC000515,CUST100352,PR
OC000516,CUST100353,PR
OC000517,CUST100353,PR
OC000518,CUST100354,CE
OC000519,CUST100355,RS
OC000520,CUST100356,BA
OC000521,CUST100356,BA
OC000522,CUST100357,RS
OC000523,CUST100358,PR
OC000524,CUST100359,PE
OC000525,CUST100360,GO
OC000526,CUST100361,PR
OC000527,CUST100362,SP
OC000528,CUST100362,SP
OC000529,CUST100363,RJ
OC000530,CUST100363,RJ
OC000531,CUST100363,RJ
OC000532,CUST100364,SC
OC000533,CUST100365,PR
OC000534,CUST100366,SP
OC000535,CUST100367,SP
OC000536,CUST100368,BA
OC000537,CUST100369,MG
OC000538,CUST100369,MG
OC000539,CUST100370,PR
OC000540,CUST100370,PR
OC000541,CUST100371,MG
OC000542,CUST100371,MG
OC000543,CUST100372,GO
OC000544,CUST100373,PE
OC000545,CUST100374,SC
OC000546,CUST100375,PE
OC000547,CUST100376,SP
OC000548,CUST100377,RJ
OC000549,CUST100378,RJ
OC000550,CUST100379,MG
OC000551,CUST100380,PE
OC000552,CUST100381,SP
OC000553,CUST100382,BA
OC000554,CUST100383,CE
OC000555,CUST100384,PE
OC000556,CUST100385,MG
OC000557,CUST100385,MG
OC000558,CUST100386,SC
OC000559,CUST100387,MG
OC000560,CUST100388,SP
OC000561,CUST100389,PR
OC000562,CUST100390,BA
OC000563,CUST100391,SP
OC000564,CUST100392,BA
OC000565,CUST100393,RS
OC000566,CUST100394,RS
OC000567,CUST100394,RS
OC000568,CUST100394,RS
OC000569,CUST100394,RS
OC000570,CUST100395,RJ
OC000571,CUST100396,BA
OC000572,CUST100397,PE
OC000573,CUST100398,SC
OC000574,CUST100399,CE
OC000575,CUST100400,MG
OC000576,CUST100401,RS
OC000577,CUST100402,MG
OC000578,CUST100402,MG
OC000579,CUST100402,MG
OC000580,CUST100402,MG
OC000581,CUST100402,MG
OC000582,CUST100402,MG
OC000583,CUST100402,MG
OC000584,CUST100402,MG
OC000585,CUST100402,MG
OC000586,CUST100402,MG
OC000587,CUST100403,MG
OC000588,CUST100403,MG
OC000589,CUST100404,SC
OC000590,CUST100405,SP
OC000591,CUST100406,MG
OC000592,CUST100407,BA
OC000593,CUST100407,BA
OC000594,CUST100408,SC
OC000595,CUST100409,RS
OC000596,CUST100409,RS
OC000597,CUST100410,PR
OC000598,CUST100411,MG
OC000599,CUST100412,RJ
OC000600,CUST100413,SC
OC000601,CUST100414,SP
OC000602,CUST100415,GO
OC000603,CUST100416,RS
OC000604,CUST100417,RS
OC000605,CUST100418,GO
OC000606,CUST100419,BA
OC000607,CUST100420,PR
OC000608,CUST100421,RS
OC000609,CUST100422,RS
OC000610,CUST100423,SP
OC000611,CUST100424,RS
OC000612,CUST100425,SC
OC000613,CUST100425,SC
OC000614,CUST100425,SC
OC000615,CUST100426,BA
OC000616,CUST100427,PR
OC000617,CUST100428,RJ
OC000618,CUST100429,PR
OC000619,CUST100430,BA
OC000620,CUST100430,BA
OC000621,CUST100430,BA
OC000622,CUST100430,BA
OC000623,CUST100430,BA
OC000624,CUST100430,BA
OC000625,CUST100430,BA
OC000626,CUST100430,BA
OC000627,CUST100430,BA
OC000628,CUST100431,PE
OC000629,CUST100432,SC
OC000630,CUST100433,PE
OC000631,CUST100433,PE
OC000632,CUST100434,BA
OC000633,CUST100435,SP
OC000634,CUST100435,SP
OC000635,CUST100436,RJ
OC000636,CUST100437,PR
OC000637,CUST100437,PR
OC000638,CUST100438,MG
OC000639,CUST100439,CE
OC000640,CUST100440,PR
OC000641,CUST100441,SP
OC000642,CUST100441,SP
OC000643,CUST100441,SP
OC000644,CUST100441,SP
OC000645,CUST100441,SP
OC000646,CUST100441,SP
OC000647,CUST100441,SP
OC000648,CUST100442,RJ
OC000649,CUST100443,CE
OC000650,CUST100444,SC
OC000651,CUST100445,BA
OC000652,CUST100446,BA
OC000653,CUST100447,SC
OC000654,CUST100447,SC
OC000655,CUST100447,SC
OC000656,CUST100447,SC
OC000657,CUST100447,SC
OC000658,CUST100447,SC
OC000659,CUST100447,SC
OC000660,CUST100448,CE
OC000661,CUST100449,PE
OC000662,CUST100450,RJ
OC000663,CUST100451,SC
OC000664,CUST100452,CE
OC000665,CUST100453,RS
OC000666,CUST100454,PR
OC000667,CUST100455,SP
OC000668,CUST100456,SC
OC000669,CUST100457,SP
OC000670,CUST100457,SP
OC000671,CUST100458,PE
OC000672,CUST100459,PE
OC000673,CUST100460,RS
OC000674,CUST100461,BA
OC000675,CUST100462,SC
OC000676,CUST100463,RJ
OC000677,CUST100463,RJ
OC000678,CUST100463,RJ
OC000679,CUST100464,BA
OC000680,CUST100465,CE
OC000681,CUST100466,BA
OC000682,CUST100467,RJ
OC000683,CUST100468,PR
OC000684,CUST100469,PE
OC000685,CUST100469,PE
OC000686,CUST100469,PE
OC000687,CUST100469,PE
OC000688,CUST100469,PE
OC000689,CUST100469,PE
OC000690,CUST100470,PR
OC000691,CUST100471,SC
OC000692,CUST100472,BA
OC000693,CUST100472,BA
OC000694,CUST100473,SC
OC000695,CUST100474,PR
OC000696,CUST100475,PE
OC000697,CUST100476,MG
OC000698,CUST100477,RS
OC000699,CUST100478,SC
OC000700,CUST100479,SC
OC000701,CUST100480,MG
OC000702,CUST100481,CE
OC000703,CUST100482,CE
OC000704,CUST100483,PR
OC000705,CUST100484,SC
OC000706,CUST100485,PE
OC000707,CUST100486,SP
OC000708,CUST100487,PR
OC000709,CUST100487,PR
OC000710,CUST100488,PR
OC000711,CUST100489,RS
OC000712,CUST100490,SC
OC000713,CUST100490,SC
OC000714,CUST100491,CE
OC000715,CUST100492,CE
OC000716,CUST100492,CE
OC000717,CUST100493,BA
OC000718,CUST100494,GO
OC000719,CUST100495,GO
OC000720,CUST100496,GO
OC000721,CUST100497,RS
OC000722,CUST100497,RS
OC000723,CUST100498,PE
OC000724,CUST100499,GO
OC000725,CUST100500,MG
OC000726,CUST100501,RJ
OC000727,CUST100502,PR
OC000728,CUST100502,PR
OC000729,CUST100502,PR
OC000730,CUST100502,PR
OC000731,CUST100503,PE
OC000732,CUST100504,CE
OC000733,CUST100505,BA
OC000734,CUST100506,RJ
OC000735,CUST100507,RS
OC000736,CUST100508,PR
OC000737,CUST100509,RS
OC000738,CUST100510,RS
OC000739,CUST100511,MG
OC000740,CUST100512,SP
OC000741,CUST100513,SP
OC000742,CUST100514,RS
OC000743,CUST100515,GO
OC000744,CUST100516,CE
OC000745,CUST100517,RJ
OC000746,CUST100517,RJ
OC000747,CUST100517,RJ
OC000748,CUST100518,GO
OC000749,CUST100519,SC
OC000750,CUST100520,CE
OC000751,CUST100521,RS
OC000752,CUST100522,SC
OC000753,CUST100523,GO
OC000754,CUST100524,SC
OC000755,CUST100525,RS
OC000756,CUST100526,MG
OC000757,CUST100527,SP
OC000758,CUST100528,RJ
OC000759,CUST100529,SC
OC000760,CUST100530,RS
OC000761,CUST100531,MG
OC000762,CUST100531,MG
OC000763,CUST100531,MG
OC000764,CUST100532,PE
OC000765,CUST100533,GO
OC000766,CUST100533,GO
OC000767,CUST100534,SP
OC000768,CUST100534,SP
OC000769,CUST100534,SP
OC000770,CUST100534,SP
OC000771,CUST100534,SP
OC000772,CUST100534,SP
OC000773,CUST100534,SP
OC000774,CUST100535,PE
OC000775,CUST100536,RS
OC000776,CUST100537,RJ
OC000777,CUST100538,GO
OC000778,CUST100539,MG
OC000779,CUST100540,GO
OC000780,CUST100541,PE
OC000781,CUST100542,PE
OC000782,CUST100542,PE
OC000783,CUST100543,CE
OC000784,CUST100544,BA
OC000785,CUST100545,GO
OC000786,CUST100545,GO
OC000787,CUST100546,CE
OC000788,CUST100547,PE
OC000789,CUST100548,SC
OC000790,CUST100549,PE
OC000791,CUST100550,GO
OC000792,CUST100551,MG
OC000793,CUST100552,GO
OC000794,CUST100552,GO
OC000795,CUST100552,GO
OC000796,CUST100553,GO
OC000797,CUST100553,GO
OC000798,CUST100553,GO
OC000799,CUST100554,PR
OC000800,CUST100555,RS
OC000801,CUST100555,RS
OC000802,CUST100555,RS
OC000803,CUST100555,RS
OC000804,CUST100556,PR
OC000805,CUST100557,PE
OC000806,CUST100557,PE
OC000807,CUST100557,PE
OC000808,CUST100557,PE
OC000809,CUST100557,PE
OC000810,CUST100557,PE
OC000811,CUST100558,GO
OC000812,CUST100559,RS
OC000813,CUST100560,PR
OC000814,CUST100561,GO
OC000815,CUST100562,RJ
OC000816,CUST100563,PR
OC000817,CUST100564,RS
OC000818,CUST100565,PR
OC000819,CUST100566,BA
OC000820,CUST100567,BA
OC000821,CUST100567,BA
OC000822,CUST100568,PE
OC000823,CUST100568,PE
OC000824,CUST100568,PE
OC000825,CUST100568,PE
OC000826,CUST100568,PE
OC000827,CUST100569,RJ
OC000828,CUST100570,MG
OC000829,CUST100571,MG
OC000830,CUST100572,RS
OC000831,CUST100573,SC
OC000832,CUST100574,MG
OC000833,CUST100575,RS
OC000834,CUST100575,RS
OC000835,CUST100576,RJ
OC000836,CUST100576,RJ
OC000837,CUST100576,RJ
OC000838,CUST100576,RJ
OC000839,CUST100577,SC
OC000840,CUST100578,SC
OC000841,CUST100579,BA
OC000842,CUST100580,PE
OC000843,CUST100581,GO
OC000844,CUST100582,SC
OC000845,CUST100583,SP
OC000846,CUST100584,RS
OC000847,CUST100584,RS
OC000848,CUST100584,RS
OC000849,CUST100584,RS
OC000850,CUST100584,RS
OC000851,CUST100585,SC
OC000852,CUST100585,SC
OC000853,CUST100586,SC
OC000854,CUST100586,SC
OC000855,CUST100586,SC
OC000856,CUST100586,SC
OC000857,CUST100586,SC
OC000858,CUST100586,SC
OC000859,CUST100587,CE
OC000860,CUST100588,SP
OC000861,CUST100589,CE
OC000862,CUST100589,CE
OC000863,CUST100589,CE
OC000864,CUST100590,SC
OC000865,CUST100591,GO
OC000866,CUST100592,SP
OC000867,CUST100592,SP
OC000868,CUST100592,SP
OC000869,CUST100593,BA
OC000870,CUST100594,PR
OC000871,CUST100595,SC
OC000872,CUST100595,SC
OC000873,CUST100596,SC
OC000874,CUST100597,PE
OC000875,CUST100598,PE
OC000876,CUST100599,CE
OC000877,CUST100600,RS
OC000878,CUST100601,GO
OC000879,CUST100602,RS
OC000880,CUST100603,PR
OC000881,CUST100604,SC
OC000882,CUST100605,GO
OC000883,CUST100606,SP
OC000884,CUST100607,SC
OC000885,CUST100608,BA
OC000886,CUST100609,SC
OC000887,CUST100610,MG
OC000888,CUST100611,GO
OC000889,CUST100612,MG
OC000890,CUST100613,CE
OC000891,CUST100614,PE
OC000892,CUST100615,SP
OC000893,CUST100616,SC
OC000894,CUST100617,CE
OC000895,CUST100617,CE
OC000896,CUST100618,CE
OC000897,CUST100619,SP
OC000898,CUST100620,RJ
OC000899,CUST100621,SC
OC000900,CUST100622,MG
OC000901,CUST100622,MG
OC000902,CUST100623,GO
OC000903,CUST100623,GO
OC000904,CUST100623,GO
OC000905,CUST100623,GO
OC000906,CUST100623,GO
OC000907,CUST100623,GO
OC000908,CUST100623,GO
OC000909,CUST100623,GO
OC000910,CUST100623,GO
OC000911,CUST100623,GO
OC000912,CUST100623,GO
OC000913,CUST100624,MG
OC000914,CUST100625,SP
OC000915,CUST100625,SP
OC000916,CUST100625,SP
OC000917,CUST100625,SP
OC000918,CUST100626,PR
OC000919,CUST100627,SC
OC000920,CUST100628,BA
OC000921,CUST100629,RS
OC000922,CUST100630,GO
OC000923,CUST100631,BA
OC000924,CUST100631,BA
OC000925,CUST100632,BA
OC000926,CUST100633,SC
OC000927,CUST100634,PR
OC000928,CUST100635,SC
OC000929,CUST100636,PR
OC000930,CUST100637,RJ
OC000931,CUST100638,GO
OC000932,CUST100639,SP
OC000933,CUST100640,PE
OC000934,CUST100640,PE
OC000935,CUST100641,SP
OC000936,CUST100642,BA
OC000937,CUST100642,BA
OC000938,CUST100643,RS
OC000939,CUST100644,RJ
OC000940,CUST100645,SP
OC000941,CUST100646,SP
OC000942,CUST100647,RS
OC000943,CUST100648,RS
OC000944,CUST100649,SP
OC000945,CUST100649,SP
OC000946,CUST100649,SP
OC000947,CUST100649,SP
OC000948,CUST100650,CE
OC000949,CUST100651,MG
OC000950,CUST100652,RS
OC000951,CUST100653,MG
OC000952,CUST100654,GO
OC000953,CUST100655,RJ
OC000954,CUST100655,RJ
OC000955,CUST100656,CE
OC000956,CUST100656,CE
OC000957,CUST100656,CE
OC000958,CUST100657,RS
OC000959,CUST100658,GO
OC000960,CUST100659,PR
OC000961,CUST100660,BA
OC000962,CUST100661,MG
OC000963,CUST100661,MG
OC000964,CUST100661,MG
OC000965,CUST100661,MG
OC000966,CUST100662,CE
OC000967,CUST100663,CE
OC000968,CUST100664,RJ
OC000969,CUST100665,MG
OC000970,CUST100665,MG
OC000971,CUST100666,PR
OC000972,CUST100667,RJ
OC000973,CUST100668,CE
OC000974,CUST100669,SP
OC000975,CUST100669,SP
OC000976,CUST100670,PR
OC000977,CUST100671,CE
OC000978,CUST100672,SC
OC000979,CUST100673,SC
OC000980,CUST100674,RS
OC000981,CUST100675,RJ
OC000982,CUST100676,CE
OC000983,CUST100676,CE
OC000984,CUST100676,CE
OC000985,CUST100676,CE
OC000986,CUST100677,RS
OC000987,CUST100678,RJ
OC000988,CUST100679,PR
OC000989,CUST100680,CE
OC000990,CUST100681,RJ
OC000991,CUST100681,RJ
OC000992,CUST100681,RJ
OC000993,CUST100682,CE
OC000994,CUST100683,SP
OC000995,CUST100684,BA
OC000996,CUST100685,PE
OC000997,CUST100686,SC
OC000998,CUST100687,BA
OC000999,CUST100688,RJ
OC001000,CUST100689,PE
OC001001,CUST100690,BA
OC001002,CUST100691,SP
OC001003,CUST100691,SP
OC001004,CUST100691,SP
OC001005,CUST100691,SP
OC001006,CUST100691,SP
OC001007,CUST100692,SC
OC001008,CUST100692,SC
OC001009,CUST100692,SC
OC001010,CUST100692,SC
OC001011,CUST100693,GO
OC001012,CUST100694,RJ
OC001013,CUST100695,SC
OC001014,CUST100696,BA
OC001015,CUST100697,GO
OC001016,CUST100698,MG
OC001017,CUST100698,MG
OC001018,CUST100699,SC
OC001019,CUST100700,MG
OC001020,CUST100701,PE
OC001021,CUST100702,PR
OC001022,CUST100703,CE
OC001023,CUST100704,PE
OC001024,CUST100705,GO
OC001025,CUST100706,GO
OC001026,CUST100707,SC
OC001027,CUST100708,CE
OC001028,CUST100708,CE
OC001029,CUST100708,CE
OC001030,CUST100708,CE
OC001031,CUST100709,PR
OC001032,CUST100710,BA
OC001033,CUST100711,RS
OC001034,CUST100712,RJ
OC001035,CUST100713,PR
OC001036,CUST100714,GO
OC001037,CUST100715,RS
OC001038,CUST100716,GO
OC001039,CUST100716,GO
OC001040,CUST100717,CE
OC001041,CUST100718,CE
OC001042,CUST100719,SC
OC001043,CUST100720,BA
OC001044,CUST100720,BA
OC001045,CUST100720,BA
OC001046,CUST100720,BA
OC001047,CUST100720,BA
OC001048,CUST100720,BA
OC001049,CUST100720,BA
OC001050,CUST100720,BA
OC001051,CUST100720,BA
OC001052,CUST100721,SP
OC001053,CUST100722,GO
OC001054,CUST100723,BA
OC001055,CUST100723,BA
OC001056,CUST100724,MG
OC001057,CUST100725,GO
OC001058,CUST100726,RS
OC001059,CUST100727,BA
OC001060,CUST100728,PR
OC001061,CUST100729,BA
OC001062,CUST100730,PR
OC001063,CUST100731,CE
OC001064,CUST100732,PR
OC001065,CUST100732,PR
OC001066,CUST100732,PR
OC001067,CUST100733,PE
OC001068,CUST100734,SP
OC001069,CUST100735,PE
OC001070,CUST100736,RS
OC001071,CUST100737,RJ
OC001072,CUST100738,RS
OC001073,CUST100739,SC
OC001074,CUST100739,SC
OC001075,CUST100740,GO
OC001076,CUST100741,PE
OC001077,CUST100742,RS
OC001078,CUST100742,RS
OC001079,CUST100743,GO
OC001080,CUST100744,GO
OC001081,CUST100744,GO
OC001082,CUST100745,GO
OC001083,CUST100746,SP
OC001084,CUST100747,RJ
OC001085,CUST100748,PR
OC001086,CUST100749,RS
OC001087,CUST100750,SC
OC001088,CUST100750,SC
OC001089,CUST100750,SC
OC001090,CUST100751,RS
OC001091,CUST100752,PR
OC001092,CUST100753,CE
OC001093,CUST100754,BA
OC001094,CUST100755,GO
OC001095,CUST100756,PE
OC001096,CUST100757,PE
OC001097,CUST100758,BA
OC001098,CUST100759,SC
OC001099,CUST100760,PE
OC001100,CUST100761,BA
OC001101,CUST100762,BA
OC001102,CUST100763,GO
OC001103,CUST100764,PR
OC001104,CUST100765,PR
OC001105,CUST100766,PR
OC001106,CUST100766,PR
OC001107,CUST100766,PR
OC001108,CUST100766,PR
OC001109,CUST100767,RS
OC001110,CUST100768,RJ
OC001111,CUST100769,RS
OC001112,CUST100770,BA
OC001113,CUST100771,RJ
OC001114,CUST100772,PE
OC001115,CUST100772,PE
OC001116,CUST100773,MG
OC001117,CUST100773,MG
OC001118,CUST100773,MG
OC001119,CUST100773,MG
OC001120,CUST100773,MG
OC001121,CUST100773,MG
OC001122,CUST100773,MG
OC001123,CUST100773,MG
OC001124,CUST100774,RS
OC001125,CUST100775,RS
OC001126,CUST100776,GO
OC001127,CUST100777,PR
OC001128,CUST100778,CE
OC001129,CUST100779,PE
OC001130,CUST100780,CE
OC001131,CUST100781,PR
OC001132,CUST100782,RJ
OC001133,CUST100783,RS
OC001134,CUST100783,RS
OC001135,CUST100784,PR
OC001136,CUST100785,RS
OC001137,CUST100786,BA
OC001138,CUST100786,BA
OC001139,CUST100786,BA
OC001140,CUST100786,BA
OC001141,CUST100787,MG
OC001142,CUST100788,PR
OC001143,CUST100788,PR
OC001144,CUST100789,SP
OC001145,CUST100790,PE
OC001146,CUST100791,MG
OC001147,CUST100792,PR
OC001148,CUST100793,SP
OC001149,CUST100794,SP
OC001150,CUST100795,PE
OC001151,CUST100796,PR
OC001152,CUST100797,MG
OC001153,CUST100798,GO
OC001154,CUST100799,RJ
OC001155,CUST100800,SP
OC001156,CUST100801,CE
OC001157,CUST100801,CE
OC001158,CUST100801,CE
OC001159,CUST100802,PR
OC001160,CUST100802,PR
OC001161,CUST100802,PR
OC001162,CUST100802,PR
OC001163,CUST100803,GO
OC001164,CUST100804,GO
OC001165,CUST100805,GO
OC001166,CUST100806,BA
OC001167,CUST100807,MG
OC001168,CUST100808,SP
OC001169,CUST100809,PR
OC001170,CUST100809,PR
OC001171,CUST100810,GO
OC001172,CUST100810,GO
OC001173,CUST100810,GO
OC001174,CUST100810,GO
OC001175,CUST100811,RJ
OC001176,CUST100812,RJ
OC001177,CUST100813,SC
OC001178,CUST100814,GO
OC001179,CUST100815,RJ
OC001180,CUST100816,CE
OC001181,CUST100816,CE
OC001182,CUST100817,SP
OC001183,CUST100818,MG
OC001184,CUST100819,MG
OC001185,CUST100819,MG
OC001186,CUST100820,CE
OC001187,CUST100820,CE
OC001188,CUST100821,PR
OC001189,CUST100821,PR
OC001190,CUST100822,RJ
OC001191,CUST100823,RS
OC001192,CUST100824,RJ
OC001193,CUST100825,PE
OC001194,CUST100826,SC
OC001195,CUST100827,CE
OC001196,CUST100828,CE
OC001197,CUST100829,CE
OC001198,CUST100830,RS
OC001199,CUST100830,RS
OC001200,CUST100831,PE
OC001201,CUST100832,SC
OC001202,CUST100833,GO
OC001203,CUST100834,GO
OC001204,CUST100835,PR
OC001205,CUST100836,CE
OC001206,CUST100837,SC
OC001207,CUST100837,SC
OC001208,CUST100838,PR
OC001209,CUST100839,CE
OC001210,CUST100840,CE
OC001211,CUST100841,SP
OC001212,CUST100842,CE
OC001213,CUST100843,RJ
OC001214,CUST100844,RS
OC001215,CUST100844,RS
OC001216,CUST100844,RS
OC001217,CUST100845,RS
OC001218,CUST100846,PR
OC001219,CUST100847,RJ
OC001220,CUST100848,MG
OC001221,CUST100849,RS
OC001222,CUST100850,MG
OC001223,CUST100851,PE
OC001224,CUST100852,RJ
OC001225,CUST100853,MG
OC001226,CUST100854,SP
OC001227,CUST100854,SP
OC001228,CUST100854,SP
OC001229,CUST100855,SC
OC001230,CUST100856,GO
OC001231,CUST100857,CE
OC001232,CUST100858,GO
OC001233,CUST100859,PR
OC001234,CUST100860,SP
OC001235,CUST100861,RS
OC001236,CUST100862,PR
OC001237,CUST100863,PR
OC001238,CUST100864,GO
OC001239,CUST100865,RJ
OC001240,CUST100866,RS
OC001241,CUST100867,PR
OC001242,CUST100868,CE
OC001243,CUST100869,RS
OC001244,CUST100870,SC
OC001245,CUST100870,SC
OC001246,CUST100870,SC
OC001247,CUST100871,RJ
OC001248,CUST100872,PE
OC001249,CUST100873,RS
OC001250,CUST100874,MG
OC001251,CUST100874,MG
OC001252,CUST100874,MG
OC001253,CUST100875,PR
OC001254,CUST100876,MG
OC001255,CUST100877,RJ
OC001256,CUST100878,SP
OC001257,CUST100879,MG
OC001258,CUST100879,MG
OC001259,CUST100880,PR
OC001260,CUST100881,CE
OC001261,CUST100882,CE
OC001262,CUST100883,PR
OC001263,CUST100884,GO
OC001264,CUST100885,RJ
OC001265,CUST100886,GO
OC001266,CUST100887,PR
OC001267,CUST100888,SC
OC001268,CUST100889,PR
OC001269,CUST100890,PE
OC001270,CUST100891,PE
OC001271,CUST100892,GO
OC001272,CUST100893,GO
OC001273,CUST100894,RJ
OC001274,CUST100895,CE
OC001275,CUST100896,SP
OC001276,CUST100897,SC
OC001277,CUST100898,BA
OC001278,CUST100899,CE
OC001279,CUST100900,PR
OC001280,CUST100900,PR
OC001281,CUST100900,PR
OC001282,CUST100901,SP
OC001283,CUST100902,RJ
OC001284,CUST100903,RS
OC001285,CUST100903,RS
OC001286,CUST100903,RS
OC001287,CUST100904,CE
OC001288,CUST100905,CE
OC001289,CUST100906,SP
OC001290,CUST100907,PR
OC001291,CUST100908,CE
OC001292,CUST100909,SP
OC001293,CUST100909,SP
OC001294,CUST100910,MG
OC001295,CUST100911,GO
OC001296,CUST100911,GO
OC001297,CUST100911,GO
OC001298,CUST100911,GO
OC001299,CUST100911,GO
OC001300,CUST100912,PE
OC001301,CUST100913,GO
OC001302,CUST100914,PR
OC001303,CUST100915,MG
OC001304,CUST100916,CE
OC001305,CUST100917,SC
OC001306,CUST100918,GO
OC001307,CUST100919,RJ
OC001308,CUST100920,GO
OC001309,CUST100921,BA
OC001310,CUST100921,BA
OC001311,CUST100921,BA
OC001312,CUST100921,BA
OC001313,CUST100922,SC
OC001314,CUST100923,BA
OC001315,CUST100923,BA
OC001316,CUST100923,BA
OC001317,CUST100924,BA
OC001318,CUST100925,RJ
OC001319,CUST100926,MG
OC001320,CUST100926,MG
OC001321,CUST100927,BA
OC001322,CUST100928,SC
OC001323,CUST100929,GO
OC001324,CUST100930,PR
OC001325,CUST100930,PR
OC001326,CUST100930,PR
OC001327,CUST100931,SC
OC001328,CUST100932,PE
OC001329,CUST100933,SP
OC001330,CUST100934,GO
OC001331,CUST100935,RJ
OC001332,CUST100936,BA
OC001333,CUST100937,PR
OC001334,CUST100938,BA
OC001335,CUST100938,BA
OC001336,CUST100938,BA
OC001337,CUST100938,BA
OC001338,CUST100938,BA
OC001339,CUST100938,BA
OC001340,CUST100938,BA
OC001341,CUST100939,RJ
OC001342,CUST100939,RJ
OC001343,CUST100940,SC
OC001344,CUST100940,SC
OC001345,CUST100940,SC
OC001346,CUST100941,PE
OC001347,CUST100942,SP
OC001348,CUST100943,PE
OC001349,CUST100944,GO
OC001350,CUST100945,SC
OC001351,CUST100946,SP
OC001352,CUST100947,RS
OC001353,CUST100948,PE
OC001354,CUST100949,BA
OC001355,CUST100950,CE
OC001356,CUST100950,CE
OC001357,CUST100950,CE
OC001358,CUST100950,CE
OC001359,CUST100951,GO
OC001360,CUST100952,GO
OC001361,CUST100953,SP
OC001362,CUST100954,RS
OC001363,CUST100955,PR
OC001364,CUST100955,PR
OC001365,CUST100956,PE
OC001366,CUST100957,MG
OC001367,CUST100958,PR
OC001368,CUST100958,PR
OC001369,CUST100959,GO
OC001370,CUST100960,GO
OC001371,CUST100961,RJ
OC001372,CUST100962,SP
OC001373,CUST100962,SP
OC001374,CUST100962,SP
OC001375,CUST100963,CE
OC001376,CUST100964,RS
OC001377,CUST100965,MG
OC001378,CUST100966,PR
OC001379,CUST100967,PE
OC001380,CUST100968,SP
OC001381,CUST100968,SP
OC001382,CUST100969,PE
OC001383,CUST100970,SC
OC001384,CUST100971,RJ
OC001385,CUST100971,RJ
OC001386,CUST100971,RJ
OC001387,CUST100971,RJ
OC001388,CUST100971,RJ
OC001389,CUST100971,RJ
OC001390,CUST100972,RS
OC001391,CUST100973,RJ
OC001392,CUST100974,GO
OC001393,CUST100975,RJ
OC001394,CUST100976,MG
OC001395,CUST100977,GO
OC001396,CUST100978,PR
OC001397,CUST100979,PE
OC001398,CUST100979,PE
OC001399,CUST100979,PE
OC001400,CUST100980,PR
OC001401,CUST100981,SC
OC001402,CUST100982,GO
OC001403,CUST100983,GO
OC001404,CUST100984,RS
OC001405,CUST100985,GO
OC001406,CUST100985,GO
OC001407,CUST100986,PE
OC001408,CUST100986,PE
OC001409,CUST100986,PE
OC001410,CUST100987,MG
OC001411,CUST100987,MG
OC001412,CUST100988,SC
OC001413,CUST100988,SC
OC001414,CUST100988,SC
OC001415,CUST100989,RS
OC001416,CUST100990,CE
OC001417,CUST100991,PE
OC001418,CUST100992,MG
OC001419,CUST100993,RJ
OC001420,CUST100994,PR
OC001421,CUST100995,SC
OC001422,CUST100996,BA
OC001423,CUST100996,BA
OC001424,CUST100997,PE
OC001425,CUST100998,PR
OC001426,CUST100999,SP
OC001427,CUST101000,PR
OC001428,CUST101000,PR
OC001429,CUST101001,PR
OC001430,CUST101002,CE
OC001431,CUST101003,CE
OC001432,CUST101004,GO
OC001433,CUST101005,MG
OC001434,CUST101006,GO
OC001435,CUST101007,PE
OC001436,CUST101008,GO
OC001437,CUST101009,BA
OC001438,CUST101010,BA
OC001439,CUST101010,BA
OC001440,CUST101011,PE
OC001441,CUST101011,PE
OC001442,CUST101011,PE
OC001443,CUST101012,PE
OC001444,CUST101013,SC
OC001445,CUST101014,GO
OC001446,CUST101015,BA
OC001447,CUST101016,RS
OC001448,CUST101017,RS
OC001449,CUST101018,CE
OC001450,CUST101019,SC
OC001451,CUST101020,RS
OC001452,CUST101021,SC
OC001453,CUST101022,SP
OC001454,CUST101023,BA
OC001455,CUST101024,GO
OC001456,CUST101025,SC
OC001457,CUST101026,SC
OC001458,CUST101027,MG
OC001459,CUST101028,GO
OC001460,CUST101029,SP
OC001461,CUST101030,MG
OC001462,CUST101030,MG
OC001463,CUST101031,PE
OC001464,CUST101032,CE
OC001465,CUST101033,BA
OC001466,CUST101034,RJ
OC001467,CUST101035,GO
OC001468,CUST101036,RJ
OC001469,CUST101037,PE
OC001470,CUST101037,PE
OC001471,CUST101037,PE
OC001472,CUST101037,PE
OC001473,CUST101037,PE
OC001474,CUST101038,GO
OC001475,CUST101039,SP
OC001476,CUST101039,SP
OC001477,CUST101039,SP
OC001478,CUST101039,SP
OC001479,CUST101039,SP
OC001480,CUST101039,SP
OC001481,CUST101039,SP
OC001482,CUST101039,SP
OC001483,CUST101039,SP
OC001484,CUST101040,MG
OC001485,CUST101041,SC
OC001486,CUST101041,SC
OC001487,CUST101042,MG
OC001488,CUST101043,RJ
OC001489,CUST101044,GO
OC001490,CUST101045,PR
OC001491,CUST101045,PR
OC001492,CUST101046,BA
OC001493,CUST101047,CE
OC001494,CUST101048,SC
OC001495,CUST101049,RJ
OC001496,CUST101050,BA
OC001497,CUST101051,PE
OC001498,CUST101052,SC
OC001499,CUST101052,SC
OC001500,CUST101053,BA
OC001501,CUST101054,GO
OC001502,CUST101054,GO
OC001503,CUST101055,PE
OC001504,CUST101056,SP
OC001505,CUST101057,CE
OC001506,CUST101058,RJ
OC001507,CUST101059,RS
OC001508,CUST101060,PR
OC001509,CUST101061,RS
OC001510,CUST101062,RJ
OC001511,CUST101063,SC
OC001512,CUST101064,RJ
OC001513,CUST101064,RJ
OC001514,CUST101064,RJ
OC001515,CUST101065,RJ
OC001516,CUST101065,RJ
OC001517,CUST101065,RJ
OC001518,CUST101065,RJ
OC001519,CUST101065,RJ
OC001520,CUST101065,RJ
OC001521,CUST101066,GO
OC001522,CUST101067,MG
OC001523,CUST101068,PR
OC001524,CUST101069,SP
OC001525,CUST101070,SP
OC001526,CUST101070,SP
OC001527,CUST101071,BA
OC001528,CUST101072,SP
OC001529,CUST101073,PR
OC001530,CUST101074,BA
OC001531,CUST101074,BA
OC001532,CUST101074,BA
OC001533,CUST101075,BA
OC001534,CUST101075,BA
OC001535,CUST101076,SC
OC001536,CUST101076,SC
OC001537,CUST101077,MG
OC001538,CUST101078,RS
OC001539,CUST101079,PE
OC001540,CUST101079,PE
OC001541,CUST101079,PE
OC001542,CUST101080,SC
OC001543,CUST101081,CE
OC001544,CUST101082,MG
OC001545,CUST101082,MG
OC001546,CUST101082,MG
OC001547,CUST101082,MG
OC001548,CUST101082,MG
OC001549,CUST101082,MG
OC001550,CUST101082,MG
OC001551,CUST101083,MG
OC001552,CUST101084,MG
OC001553,CUST101085,RJ
OC001554,CUST101086,CE
OC001555,CUST101086,CE
OC001556,CUST101086,CE
OC001557,CUST101086,CE
OC001558,CUST101087,SC
OC001559,CUST101088,CE
OC001560,CUST101088,CE
OC001561,CUST101088,CE
OC001562,CUST101089,RS
OC001563,CUST101090,GO
OC001564,CUST101091,CE
OC001565,CUST101092,MG
OC001566,CUST101093,RS
OC001567,CUST101094,GO
OC001568,CUST101095,PR
OC001569,CUST101095,PR
OC001570,CUST101095,PR
OC001571,CUST101095,PR
OC001572,CUST101095,PR
OC001573,CUST101095,PR
OC001574,CUST101095,PR
OC001575,CUST101096,GO
OC001576,CUST101097,PR
OC001577,CUST101098,SP
OC001578,CUST101099,GO
OC001579,CUST101100,PR
OC001580,CUST101101,PE
OC001581,CUST101102,MG
OC001582,CUST101103,RJ
OC001583,CUST101104,GO
OC001584,CUST101105,BA
OC001585,CUST101106,CE
OC001586,CUST101107,PR
OC001587,CUST101108,SC
OC001588,CUST101109,PR
OC001589,CUST101110,GO
OC001590,CUST101111,PR
OC001591,CUST101112,RS
OC001592,CUST101113,SC
OC001593,CUST101114,GO
OC001594,CUST101115,RJ
OC001595,CUST101116,RS
OC001596,CUST101117,SC
OC001597,CUST101118,CE
OC001598,CUST101118,CE
OC001599,CUST101119,BA
OC001600,CUST101119,BA
OC001601,CUST101119,BA
OC001602,CUST101119,BA
OC001603,CUST101120,CE
OC001604,CUST101121,PR
OC001605,CUST101122,PR
OC001606,CUST101122,PR
OC001607,CUST101122,PR
OC001608,CUST101123,SP
OC001609,CUST101123,SP
OC001610,CUST101124,SC
OC001611,CUST101125,PR
OC001612,CUST101125,PR
OC001613,CUST101125,PR
OC001614,CUST101125,PR
OC001615,CUST101125,PR
OC001616,CUST101125,PR
OC001617,CUST101125,PR
OC001618,CUST101125,PR
OC001619,CUST101125,PR
OC001620,CUST101125,PR
OC001621,CUST101125,PR
OC001622,CUST101125,PR
OC001623,CUST101125,PR
OC001624,CUST101126,SP
OC001625,CUST101127,CE
OC001626,CUST101128,SP
OC001627,CUST101129,CE
OC001628,CUST101130,GO
OC001629,CUST101131,PR
OC001630,CUST101132,RS
OC001631,CUST101133,CE
OC001632,CUST101134,BA
OC001633,CUST101134,BA
OC001634,CUST101134,BA
OC001635,CUST101134,BA
OC001636,CUST101135,RS
OC001637,CUST101136,RS
OC001638,CUST101136,RS
OC001639,CUST101137,CE
OC001640,CUST101137,CE
OC001641,CUST101137,CE
OC001642,CUST101137,CE
OC001643,CUST101137,CE
OC001644,CUST101137,CE
OC001645,CUST101137,CE
OC001646,CUST101138,PR
OC001647,CUST101139,MG
OC001648,CUST101140,RJ
OC001649,CUST101141,SP
OC001650,CUST101141,SP
OC001651,CUST101142,PR
OC001652,CUST101142,PR
OC001653,CUST101142,PR
OC001654,CUST101143,GO
OC001655,CUST101144,SP
OC001656,CUST101145,CE
OC001657,CUST101145,CE
OC001658,CUST101146,BA
OC001659,CUST101147,MG
OC001660,CUST101148,RJ
OC001661,CUST101149,PR
OC001662,CUST101150,BA
OC001663,CUST101151,SC
OC001664,CUST101152,MG
OC001665,CUST101152,MG
OC001666,CUST101153,RS
OC001667,CUST101154,MG
OC001668,CUST101154,MG
OC001669,CUST101154,MG
OC001670,CUST101155,PE
OC001671,CUST101156,BA
OC001672,CUST101157,PE
OC001673,CUST101157,PE
OC001674,CUST101157,PE
OC001675,CUST101157,PE
OC001676,CUST101157,PE
OC001677,CUST101158,PE
OC001678,CUST101159,PR
OC001679,CUST101159,PR
OC001680,CUST101159,PR
OC001681,CUST101159,PR
OC001682,CUST101160,MG
OC001683,CUST101161,PR
OC001684,CUST101162,GO
OC001685,CUST101162,GO
OC001686,CUST101162,GO
OC001687,CUST101163,PR
OC001688,CUST101164,BA
OC001689,CUST101165,RJ
OC001690,CUST101166,GO
OC001691,CUST101167,RJ
OC001692,CUST101168,MG
OC001693,CUST101169,RS
OC001694,CUST101170,SC
OC001695,CUST101170,SC
OC001696,CUST101170,SC
OC001697,CUST101170,SC
OC001698,CUST101170,SC
OC001699,CUST101171,PE
OC001700,CUST101172,BA
OC001701,CUST101173,RJ
OC001702,CUST101173,RJ
OC001703,CUST101174,SC
OC001704,CUST101175,SP
OC001705,CUST101176,PR
OC001706,CUST101177,PE
OC001707,CUST101178,RJ
OC001708,CUST101179,GO
OC001709,CUST101180,BA
OC001710,CUST101181,PR
OC001711,CUST101182,CE
OC001712,CUST101183,SC
OC001713,CUST101184,BA
OC001714,CUST101185,RJ
OC001715,CUST101186,RS
OC001716,CUST101187,GO
OC001717,CUST101188,SP
OC001718,CUST101188,SP
OC001719,CUST101189,CE
OC001720,CUST101189,CE
OC001721,CUST101190,PE
OC001722,CUST101191,BA
OC001723,CUST101192,CE
OC001724,CUST101192,CE
OC001725,CUST101192,CE
OC001726,CUST101193,RS
OC001727,CUST101194,RJ
OC001728,CUST101194,RJ
OC001729,CUST101195,GO
OC001730,CUST101196,PR
OC001731,CUST101197,SC
OC001732,CUST101198,RJ
OC001733,CUST101199,MG
OC001734,CUST101199,MG
OC001735,CUST101200,SP
OC001736,CUST101201,SP
OC001737,CUST101202,PR
OC001738,CUST101203,GO
OC001739,CUST101204,RJ
OC001740,CUST101205,RJ
OC001741,CUST101206,RS
OC001742,CUST101207,PE
OC001743,CUST101208,MG
OC001744,CUST101209,SC
OC001745,CUST101210,GO
OC001746,CUST101211,BA
OC001747,CUST101212,PE
OC001748,CUST101212,PE
OC001749,CUST101213,SC
OC001750,CUST101214,CE
OC001751,CUST101215,MG
OC001752,CUST101216,SC
OC001753,CUST101216,SC
OC001754,CUST101217,RJ
OC001755,CUST101218,GO
OC001756,CUST101219,CE
OC001757,CUST101220,SC
OC001758,CUST101220,SC
OC001759,CUST101220,SC
OC001760,CUST101221,PR
OC001761,CUST101222,SP
OC001762,CUST101223,BA
OC001763,CUST101224,RS
OC001764,CUST101225,GO
OC001765,CUST101226,GO
OC001766,CUST101226,GO
OC001767,CUST101227,RS
OC001768,CUST101228,BA
OC001769,CUST101229,RJ
OC001770,CUST101230,BA
OC001771,CUST101230,BA
OC001772,CUST101230,BA
OC001773,CUST101231,PE
OC001774,CUST101232,BA
OC001775,CUST101233,SP
OC001776,CUST101234,SC
OC001777,CUST101235,PR
OC001778,CUST101236,RS
OC001779,CUST101237,RJ
OC001780,CUST101238,GO
OC001781,CUST101239,RJ
OC001782,CUST101240,RS
OC001783,CUST101241,CE
OC001784,CUST101242,SP
OC001785,CUST101243,SP
OC001786,CUST101243,SP
OC001787,CUST101243,SP
OC001788,CUST101243,SP
OC001789,CUST101243,SP
OC001790,CUST101244,BA
OC001791,CUST101245,RS
OC001792,CUST101246,MG
OC001793,CUST101247,CE
OC001794,CUST101248,RS
OC001795,CUST101249,RJ
OC001796,CUST101249,RJ
OC001797,CUST101249,RJ
OC001798,CUST101250,PE
OC001799,CUST101250,PE
OC001800,CUST101251,RS
OC001801,CUST101252,CE
OC001802,CUST101253,RS
OC001803,CUST101254,RS
OC001804,CUST101255,BA
OC001805,CUST101256,MG
OC001806,CUST101257,CE
OC001807,CUST101257,CE
OC001808,CUST101258,SP
OC001809,CUST101259,PR
OC001810,CUST101260,MG
OC001811,CUST101260,MG
OC001812,CUST101260,MG
OC001813,CUST101260,MG
OC001814,CUST101260,MG
OC001815,CUST101261,MG
OC001816,CUST101262,PE
OC001817,CUST101263,PR
OC001818,CUST101264,MG
OC001819,CUST101265,RJ
OC001820,CUST101266,SP
OC001821,CUST101266,SP
OC001822,CUST101266,SP
OC001823,CUST101267,MG
OC001824,CUST101268,SP
OC001825,CUST101269,BA
OC001826,CUST101270,RS
OC001827,CUST101271,CE
OC001828,CUST101272,BA
OC001829,CUST101272,BA
OC001830,CUST101273,SP
OC001831,CUST101274,MG
OC001832,CUST101275,PR
OC001833,CUST101276,SP
OC001834,CUST101277,MG
OC001835,CUST101278,SC
OC001836,CUST101278,SC
OC001837,CUST101279,PE
OC001838,CUST101279,PE
OC001839,CUST101279,PE
OC001840,CUST101279,PE
OC001841,CUST101280,RJ
OC001842,CUST101281,RJ
OC001843,CUST101282,GO
OC001844,CUST101282,GO
OC001845,CUST101282,GO
OC001846,CUST101283,GO
OC001847,CUST101284,BA
OC001848,CUST101285,PE
OC001849,CUST101285,PE
OC001850,CUST101286,CE
OC001851,CUST101287,RJ
OC001852,CUST101288,GO
OC001853,CUST101289,PE
OC001854,CUST101290,RS
OC001855,CUST101291,CE
OC001856,CUST101292,SP
OC001857,CUST101292,SP
OC001858,CUST101292,SP
OC001859,CUST101292,SP
OC001860,CUST101292,SP
OC001861,CUST101293,PE
OC001862,CUST101294,PR
OC001863,CUST101295,GO
OC001864,CUST101296,SP
OC001865,CUST101297,SP
OC001866,CUST101298,GO
OC001867,CUST101299,SC
OC001868,CUST101299,SC
OC001869,CUST101300,SC
OC001870,CUST101301,RJ
OC001871,CUST101302,GO
OC001872,CUST101303,GO
OC001873,CUST101303,GO
OC001874,CUST101303,GO
OC001875,CUST101303,GO
OC001876,CUST101304,RJ
OC001877,CUST101304,RJ
OC001878,CUST101305,RJ
OC001879,CUST101306,BA
OC001880,CUST101307,CE
OC001881,CUST101308,MG
OC001882,CUST101308,MG
OC001883,CUST101308,MG
OC001884,CUST101309,RJ
OC001885,CUST101310,MG
OC001886,CUST101311,PR
OC001887,CUST101312,CE
OC001888,CUST101313,CE
OC001889,CUST101314,PE
OC001890,CUST101315,BA
OC001891,CUST101316,SC
OC001892,CUST101317,CE
OC001893,CUST101318,PE
OC001894,CUST101319,PR
OC001895,CUST101319,PR
OC001896,CUST101320,GO
OC001897,CUST101321,PE
OC001898,CUST101322,CE
OC001899,CUST101323,SC
OC001900,CUST101324,RJ
OC001901,CUST101324,RJ
OC001902,CUST101324,RJ
OC001903,CUST101324,RJ
OC001904,CUST101324,RJ
OC001905,CUST101324,RJ
OC001906,CUST101324,RJ
OC001907,CUST101324,RJ
OC001908,CUST101325,RJ
OC001909,CUST101326,PE
OC001910,CUST101327,RS
OC001911,CUST101328,SC
OC001912,CUST101328,SC
OC001913,CUST101328,SC
OC001914,CUST101329,GO
OC001915,CUST101330,RS
OC001916,CUST101331,SC
OC001917,CUST101332,BA
OC001918,CUST101333,GO
OC001919,CUST101333,GO
OC001920,CUST101334,SC
OC001921,CUST101334,SC
OC001922,CUST101335,SC
OC001923,CUST101335,SC
OC001924,CUST101335,SC
OC001925,CUST101335,SC
OC001926,CUST101335,SC
OC001927,CUST101335,SC
OC001928,CUST101336,RJ
OC001929,CUST101337,BA
OC001930,CUST101338,SC
OC001931,CUST101339,BA
OC001932,CUST101340,PR
OC001933,CUST101341,BA
OC001934,CUST101342,MG
OC001935,CUST101343,GO
OC001936,CUST101343,GO
OC001937,CUST101343,GO
OC001938,CUST101343,GO
OC001939,CUST101344,RJ
OC001940,CUST101345,RJ
OC001941,CUST101346,RJ
OC001942,CUST101347,RJ
OC001943,CUST101348,SC
OC001944,CUST101349,RJ
OC001945,CUST101350,BA
OC001946,CUST101351,MG
OC001947,CUST101352,PE
OC001948,CUST101353,SP
OC001949,CUST101354,CE
OC001950,CUST101355,PE
OC001951,CUST101356,PE
OC001952,CUST101357,BA
OC001953,CUST101357,BA
OC001954,CUST101358,RJ
OC001955,CUST101358,RJ
OC001956,CUST101358,RJ
OC001957,CUST101358,RJ
OC001958,CUST101358,RJ
OC001959,CUST101359,SC
OC001960,CUST101360,BA
OC001961,CUST101361,SC
OC001962,CUST101362,SP
OC001963,CUST101363,PR
OC001964,CUST101363,PR
OC001965,CUST101363,PR
OC001966,CUST101363,PR
OC001967,CUST101364,CE
OC001968,CUST101365,PR
OC001969,CUST101366,BA
OC001970,CUST101367,RJ
OC001971,CUST101367,RJ
OC001972,CUST101367,RJ
OC001973,CUST101367,RJ
OC001974,CUST101367,RJ
OC001975,CUST101368,CE
OC001976,CUST101369,PE
OC001977,CUST101370,RS
OC001978,CUST101371,MG
OC001979,CUST101372,GO
OC001980,CUST101373,RS
OC001981,CUST101374,RJ
OC001982,CUST101374,RJ
OC001983,CUST101374,RJ
OC001984,CUST101374,RJ
OC001985,CUST101374,RJ
OC001986,CUST101374,RJ
OC001987,CUST101374,RJ
OC001988,CUST101375,BA
OC001989,CUST101376,PE
OC001990,CUST101377,BA
OC001991,CUST101378,RJ
OC001992,CUST101379,PR
OC001993,CUST101380,CE
OC001994,CUST101381,RS
OC001995,CUST101382,SC
OC001996,CUST101383,PE
OC001997,CUST101384,CE
OC001998,CUST101385,CE
OC001999,CUST101386,PE
OC002000,CUST101386,PE
OC002001,CUST101387,SP
OC002002,CUST101388,CE
OC002003,CUST101389,PR
OC002004,CUST101390,SP
OC002005,CUST101391,MG
OC002006,CUST101392,PR
OC002007,CUST101393,PR
OC002008,CUST101393,PR
OC002009,CUST101394,BA
OC002010,CUST101395,BA
OC002011,CUST101396,SP
OC002012,CUST101396,SP
OC002013,CUST101397,MG
OC002014,CUST101398,MG
OC002015,CUST101399,CE
OC002016,CUST101400,SC
OC002017,CUST101401,RJ
OC002018,CUST101402,MG
OC002019,CUST101402,MG
OC002020,CUST101402,MG
OC002021,CUST101403,SP
OC002022,CUST101404,RJ
OC002023,CUST101405,PE
OC002024,CUST101406,RS
OC002025,CUST101407,SC
OC002026,CUST101408,SC
OC002027,CUST101409,GO
OC002028,CUST101410,BA
OC002029,CUST101411,MG
OC002030,CUST101412,BA
OC002031,CUST101413,PR
OC002032,CUST101414,BA
OC002033,CUST101415,CE
OC002034,CUST101416,CE
OC002035,CUST101417,RJ
OC002036,CUST101418,SP
OC002037,CUST101419,MG
OC002038,CUST101420,MG
OC002039,CUST101421,CE
OC002040,CUST101421,CE
OC002041,CUST101422,SP
OC002042,CUST101423,RJ
OC002043,CUST101424,PR
OC002044,CUST101425,GO
OC002045,CUST101426,SC
OC002046,CUST101427,GO
OC002047,CUST101427,GO
OC002048,CUST101427,GO
OC002049,CUST101427,GO
OC002050,CUST101427,GO
OC002051,CUST101427,GO
OC002052,CUST101427,GO
OC002053,CUST101427,GO
OC002054,CUST101427,GO
OC002055,CUST101427,GO
OC002056,CUST101428,CE
OC002057,CUST101429,GO
OC002058,CUST101430,SC
OC002059,CUST101431,PR
OC002060,CUST101432,RS
OC002061,CUST101433,PE
OC002062,CUST101434,RJ
OC002063,CUST101435,BA
OC002064,CUST101436,SC
OC002065,CUST101437,RJ
OC002066,CUST101438,PR
OC002067,CUST101439,CE
OC002068,CUST101439,CE
OC002069,CUST101439,CE
OC002070,CUST101439,CE
OC002071,CUST101440,GO
OC002072,CUST101440,GO
OC002073,CUST101440,GO
OC002074,CUST101440,GO
OC002075,CUST101440,GO
OC002076,CUST101440,GO
OC002077,CUST101440,GO
OC002078,CUST101441,PE
OC002079,CUST101442,PR
OC002080,CUST101443,SP
OC002081,CUST101444,RS
OC002082,CUST101445,SC
OC002083,CUST101445,SC
OC002084,CUST101445,SC
OC002085,CUST101446,CE
OC002086,CUST101446,CE
OC002087,CUST101446,CE
OC002088,CUST101446,CE
OC002089,CUST101446,CE
OC002090,CUST101446,CE
OC002091,CUST101446,CE
OC002092,CUST101446,CE
OC002093,CUST101446,CE
OC002094,CUST101446,CE
OC002095,CUST101446,CE
OC002096,CUST101446,CE
OC002097,CUST101446,CE
OC002098,CUST101447,SP
OC002099,CUST101448,SP
OC002100,CUST101449,RS
OC002101,CUST101449,RS
OC002102,CUST101449,RS
OC002103,CUST101449,RS
OC002104,CUST101449,RS
OC002105,CUST101449,RS
OC002106,CUST101450,PR
OC002107,CUST101451,RS
OC002108,CUST101452,MG
OC002109,CUST101453,PR
OC002110,CUST101453,PR
OC002111,CUST101453,PR
OC002112,CUST101454,PR
OC002113,CUST101455,BA
OC002114,CUST101456,RJ
OC002115,CUST101457,SP
OC002116,CUST101458,GO
OC002117,CUST101459,SC
OC002118,CUST101460,MG
OC002119,CUST101461,MG
OC002120,CUST101462,SC
OC002121,CUST101462,SC
OC002122,CUST101462,SC
OC002123,CUST101462,SC
OC002124,CUST101462,SC
OC002125,CUST101462,SC
OC002126,CUST101462,SC
OC002127,CUST101463,PE
OC002128,CUST101464,RS
OC002129,CUST101465,PE
OC002130,CUST101465,PE
OC002131,CUST101466,PE
OC002132,CUST101467,BA
OC002133,CUST101468,RJ
OC002134,CUST101469,SC
OC002135,CUST101470,SP
OC002136,CUST101470,SP
OC002137,CUST101471,SC
OC002138,CUST101472,SP
OC002139,CUST101473,GO
OC002140,CUST101474,RJ
OC002141,CUST101474,RJ
OC002142,CUST101475,BA
OC002143,CUST101476,CE
OC002144,CUST101477,SC
OC002145,CUST101478,CE
OC002146,CUST101479,SC
OC002147,CUST101480,SC
OC002148,CUST101480,SC
OC002149,CUST101481,PR
OC002150,CUST101482,RJ
OC002151,CUST101483,SC
OC002152,CUST101484,SP
OC002153,CUST101485,BA
OC002154,CUST101485,BA
OC002155,CUST101486,MG
OC002156,CUST101487,CE
OC002157,CUST101488,GO
OC002158,CUST101488,GO
OC002159,CUST101488,GO
OC002160,CUST101489,BA
OC002161,CUST101490,RJ
OC002162,CUST101491,SC
OC002163,CUST101492,RJ
OC002164,CUST101493,RS
OC002165,CUST101494,SC
OC002166,CUST101495,CE
OC002167,CUST101496,SC
OC002168,CUST101497,PE
OC002169,CUST101497,PE
OC002170,CUST101498,RJ
OC002171,CUST101499,SC
OC002172,CUST101500,PR
OC002173,CUST101500,PR
OC002174,CUST101500,PR
OC002175,CUST101500,PR
OC002176,CUST101500,PR
OC002177,CUST101501,BA
OC002178,CUST101502,RS
OC002179,CUST101503,BA
OC002180,CUST101503,BA
OC002181,CUST101504,MG
OC002182,CUST101505,RJ
OC002183,CUST101505,RJ
OC002184,CUST101506,PE
OC002185,CUST101507,RJ
OC002186,CUST101508,PE
OC002187,CUST101508,PE
OC002188,CUST101508,PE
OC002189,CUST101508,PE
OC002190,CUST101509,PE
OC002191,CUST101510,RS
OC002192,CUST101510,RS
OC002193,CUST101510,RS
OC002194,CUST101510,RS
OC002195,CUST101511,BA
OC002196,CUST101512,BA
OC002197,CUST101512,BA
OC002198,CUST101512,BA
OC002199,CUST101512,BA
OC002200,CUST101513,MG
OC002201,CUST101514,RS
OC002202,CUST101515,RJ
OC002203,CUST101516,MG
OC002204,CUST101516,MG
OC002205,CUST101516,MG
OC002206,CUST101517,PR
OC002207,CUST101518,RS
OC002208,CUST101519,MG
OC002209,CUST101519,MG
OC002210,CUST101520,CE
OC002211,CUST101521,MG
OC002212,CUST101521,MG
OC002213,CUST101521,MG
OC002214,CUST101521,MG
OC002215,CUST101521,MG
OC002216,CUST101522,RJ
OC002217,CUST101523,MG
OC002218,CUST101523,MG
OC002219,CUST101524,GO
OC002220,CUST101524,GO
OC002221,CUST101525,GO
OC002222,CUST101526,CE
OC002223,CUST101527,CE
OC002224,CUST101528,GO
OC002225,CUST101528,GO
OC002226,CUST101529,CE
OC002227,CUST101530,CE
OC002228,CUST101530,CE
OC002229,CUST101530,CE
OC002230,CUST101530,CE
OC002231,CUST101531,BA
OC002232,CUST101532,BA
OC002233,CUST101533,MG
OC002234,CUST101534,GO
OC002235,CUST101535,RJ
OC002236,CUST101535,RJ
OC002237,CUST101535,RJ
OC002238,CUST101535,RJ
OC002239,CUST101535,RJ
OC002240,CUST101536,GO
OC002241,CUST101536,GO
OC002242,CUST101537,GO
OC002243,CUST101538,PR
OC002244,CUST101539,PR
OC002245,CUST101540,CE
OC002246,CUST101540,CE
OC002247,CUST101541,SP
OC002248,CUST101541,SP
OC002249,CUST101542,BA
OC002250,CUST101543,PE
OC002251,CUST101544,RJ
OC002252,CUST101545,PR
OC002253,CUST101545,PR
OC002254,CUST101545,PR
OC002255,CUST101545,PR
OC002256,CUST101546,GO
OC002257,CUST101547,GO
OC002258,CUST101548,SP
OC002259,CUST101549,SP
OC002260,CUST101550,BA
OC002261,CUST101551,PR
OC002262,CUST101552,RJ
OC002263,CUST101553,RJ
OC002264,CUST101553,RJ
OC002265,CUST101553,RJ
OC002266,CUST101554,CE
OC002267,CUST101555,CE
OC002268,CUST101556,PE
OC002269,CUST101556,PE
OC002270,CUST101556,PE
OC002271,CUST101556,PE
OC002272,CUST101556,PE
OC002273,CUST101557,SC
OC002274,CUST101557,SC
OC002275,CUST101558,GO
OC002276,CUST101559,CE
OC002277,CUST101560,PE
OC002278,CUST101560,PE
OC002279,CUST101561,SP
OC002280,CUST101561,SP
OC002281,CUST101562,GO
OC002282,CUST101563,CE
OC002283,CUST101564,RS
OC002284,CUST101565,BA
OC002285,CUST101566,CE
OC002286,CUST101567,GO
OC002287,CUST101568,PE
OC002288,CUST101569,MG
OC002289,CUST101570,SP
OC002290,CUST101571,GO
OC002291,CUST101572,RJ
OC002292,CUST101573,BA
OC002293,CUST101574,RJ
OC002294,CUST101575,PE
OC002295,CUST101575,PE
OC002296,CUST101576,MG
OC002297,CUST101577,SP
OC002298,CUST101577,SP
OC002299,CUST101577,SP
OC002300,CUST101577,SP
OC002301,CUST101577,SP
OC002302,CUST101577,SP
OC002303,CUST101578,RS
OC002304,CUST101578,RS
OC002305,CUST101578,RS
OC002306,CUST101578,RS
OC002307,CUST101579,GO
OC002308,CUST101580,GO
OC002309,CUST101581,PE
OC002310,CUST101581,PE
OC002311,CUST101582,PE
OC002312,CUST101583,CE
OC002313,CUST101584,MG
OC002314,CUST101585,BA
OC002315,CUST101585,BA
OC002316,CUST101585,BA
OC002317,CUST101585,BA
OC002318,CUST101585,BA
OC002319,CUST101586,BA
OC002320,CUST101587,PR
OC002321,CUST101587,PR
OC002322,CUST101588,SC
OC002323,CUST101589,SC
OC002324,CUST101590,BA
OC002325,CUST101591,CE
OC002326,CUST101592,SP
OC002327,CUST101593,BA
OC002328,CUST101594,RJ
OC002329,CUST101595,BA
OC002330,CUST101596,RJ
OC002331,CUST101597,PE
OC002332,CUST101598,SC
OC002333,CUST101599,PR
OC002334,CUST101600,PR
OC002335,CUST101601,CE
OC002336,CUST101602,MG
OC002337,CUST101603,BA
OC002338,CUST101604,RJ
OC002339,CUST101605,CE
OC002340,CUST101605,CE
OC002341,CUST101606,MG
OC002342,CUST101607,BA
OC002343,CUST101608,PR
OC002344,CUST101609,SC
OC002345,CUST101610,MG
OC002346,CUST101611,CE
OC002347,CUST101612,RJ
OC002348,CUST101613,PR
OC002349,CUST101613,PR
OC002350,CUST101613,PR
OC002351,CUST101614,PE
OC002352,CUST101615,SC
OC002353,CUST101616,BA
OC002354,CUST101617,MG
OC002355,CUST101618,PE
OC002356,CUST101618,PE
OC002357,CUST101618,PE
OC002358,CUST101618,PE
OC002359,CUST101619,RJ
OC002360,CUST101620,SC
OC002361,CUST101621,PE
OC002362,CUST101622,BA
OC002363,CUST101623,SP
OC002364,CUST101624,BA
OC002365,CUST101625,PR
OC002366,CUST101626,MG
OC002367,CUST101627,RS
OC002368,CUST101627,RS
OC002369,CUST101628,BA
OC002370,CUST101628,BA
OC002371,CUST101628,BA
OC002372,CUST101628,BA
OC002373,CUST101629,GO
OC002374,CUST101629,GO
OC002375,CUST101630,RS
OC002376,CUST101631,RS
OC002377,CUST101632,MG
OC002378,CUST101633,MG
OC002379,CUST101634,RJ
OC002380,CUST101635,PR
OC002381,CUST101635,PR
OC002382,CUST101636,RJ
OC002383,CUST101637,PE
OC002384,CUST101638,PE
OC002385,CUST101638,PE
OC002386,CUST101638,PE
OC002387,CUST101638,PE
OC002388,CUST101638,PE
OC002389,CUST101639,PE
OC002390,CUST101640,SP
OC002391,CUST101641,BA
OC002392,CUST101642,CE
OC002393,CUST101642,CE
OC002394,CUST101643,MG
OC002395,CUST101644,CE
OC002396,CUST101645,SC
OC002397,CUST101646,MG
OC002398,CUST101646,MG
OC002399,CUST101646,MG
OC002400,CUST101646,MG
OC002401,CUST101647,MG
OC002402,CUST101647,MG
OC002403,CUST101647,MG
OC002404,CUST101647,MG
OC002405,CUST101647,MG
OC002406,CUST101648,MG
OC002407,CUST101649,CE
OC002408,CUST101650,MG
OC002409,CUST101651,GO
OC002410,CUST101651,GO
OC002411,CUST101651,GO
OC002412,CUST101652,SP
OC002413,CUST101653,SC
OC002414,CUST101653,SC
OC002415,CUST101653,SC
OC002416,CUST101654,BA
OC002417,CUST101655,RS
OC002418,CUST101656,GO
OC002419,CUST101656,GO
OC002420,CUST101657,CE
OC002421,CUST101658,PR
OC002422,CUST101659,GO
OC002423,CUST101659,GO
OC002424,CUST101660,RS
OC002425,CUST101661,PE
OC002426,CUST101662,RS
OC002427,CUST101662,RS
OC002428,CUST101662,RS
OC002429,CUST101663,PR
OC002430,CUST101664,GO
OC002431,CUST101664,GO
OC002432,CUST101665,RS
OC002433,CUST101666,BA
OC002434,CUST101667,CE
OC002435,CUST101668,GO
OC002436,CUST101669,GO
OC002437,CUST101670,PR
OC002438,CUST101671,SC
OC002439,CUST101672,PE
OC002440,CUST101673,PE
OC002441,CUST101674,SC
OC002442,CUST101675,MG
OC002443,CUST101676,RS
OC002444,CUST101677,CE
OC002445,CUST101677,CE
OC002446,CUST101678,MG
OC002447,CUST101679,PR
OC002448,CUST101680,SP
OC002449,CUST101681,GO
OC002450,CUST101682,BA
OC002451,CUST101683,PE
OC002452,CUST101684,RJ
OC002453,CUST101685,PE
OC002454,CUST101686,RJ
OC002455,CUST101687,PR
OC002456,CUST101688,RJ
OC002457,CUST101688,RJ
OC002458,CUST101689,MG
OC002459,CUST101690,PR
OC002460,CUST101691,GO
OC002461,CUST101692,PE
OC002462,CUST101693,MG
OC002463,CUST101694,SC
OC002464,CUST101695,RJ
OC002465,CUST101696,RS
OC002466,CUST101696,RS
OC002467,CUST101696,RS
OC002468,CUST101696,RS
OC002469,CUST101696,RS
OC002470,CUST101697,GO
OC002471,CUST101698,BA
OC002472,CUST101699,SP
OC002473,CUST101700,SC
OC002474,CUST101700,SC
OC002475,CUST101700,SC
OC002476,CUST101700,SC
OC002477,CUST101701,SP
OC002478,CUST101702,SC
OC002479,CUST101703,PE
OC002480,CUST101704,BA
OC002481,CUST101705,RS
OC002482,CUST101705,RS
OC002483,CUST101706,SC
OC002484,CUST101707,RJ
OC002485,CUST101708,BA
OC002486,CUST101708,BA
OC002487,CUST101709,RS
OC002488,CUST101710,SP
OC002489,CUST101711,BA
OC002490,CUST101712,RJ
OC002491,CUST101713,BA
OC002492,CUST101714,MG
OC002493,CUST101715,MG
OC002494,CUST101716,SP
OC002495,CUST101717,PR
OC002496,CUST101718,GO
OC002497,CUST101718,GO
OC002498,CUST101718,GO
OC002499,CUST101718,GO
OC002500,CUST101719,MG
OC002501,CUST101719,MG
OC002502,CUST101719,MG
OC002503,CUST101720,GO
OC002504,CUST101721,GO
OC002505,CUST101721,GO
OC002506,CUST101721,GO
OC002507,CUST101721,GO
OC002508,CUST101722,CE
OC002509,CUST101723,SP
OC002510,CUST101723,SP
OC002511,CUST101723,SP
OC002512,CUST101724,RJ
OC002513,CUST101725,SP
OC002514,CUST101725,SP
OC002515,CUST101725,SP
OC002516,CUST101725,SP
OC002517,CUST101725,SP
OC002518,CUST101725,SP
OC002519,CUST101725,SP
OC002520,CUST101725,SP
OC002521,CUST101725,SP
OC002522,CUST101725,SP
OC002523,CUST101725,SP
OC002524,CUST101726,PR
OC002525,CUST101727,RS
OC002526,CUST101727,RS
OC002527,CUST101727,RS
OC002528,CUST101727,RS
OC002529,CUST101727,RS
OC002530,CUST101728,MG
OC002531,CUST101729,PE
OC002532,CUST101730,CE
OC002533,CUST101731,PE
OC002534,CUST101732,SC
OC002535,CUST101733,RJ
OC002536,CUST101734,PR
OC002537,CUST101735,RS
OC002538,CUST101736,PR
OC002539,CUST101737,RJ
OC002540,CUST101738,SP
OC002541,CUST101739,RS
OC002542,CUST101740,SC
OC002543,CUST101741,CE
OC002544,CUST101742,GO
OC002545,CUST101743,RJ
OC002546,CUST101744,RJ
OC002547,CUST101744,RJ
OC002548,CUST101744,RJ
OC002549,CUST101744,RJ
OC002550,CUST101744,RJ
OC002551,CUST101744,RJ
OC002552,CUST101745,GO
OC002553,CUST101746,CE
OC002554,CUST101747,PE
OC002555,CUST101747,PE
OC002556,CUST101748,SP
OC002557,CUST101749,PE
OC002558,CUST101750,CE
OC002559,CUST101751,RS
OC002560,CUST101752,MG
OC002561,CUST101753,PR
OC002562,CUST101754,SC
OC002563,CUST101754,SC
OC002564,CUST101754,SC
OC002565,CUST101755,SP
OC002566,CUST101756,CE
OC002567,CUST101757,BA
OC002568,CUST101758,RS
OC002569,CUST101759,CE
OC002570,CUST101760,SC
OC002571,CUST101761,MG
OC002572,CUST101762,RJ
OC002573,CUST101762,RJ
OC002574,CUST101763,PE
OC002575,CUST101764,BA
OC002576,CUST101764,BA
OC002577,CUST101764,BA
OC002578,CUST101765,RJ
OC002579,CUST101766,PE
OC002580,CUST101767,PE
OC002581,CUST101768,PE
OC002582,CUST101769,PE
OC002583,CUST101769,PE
OC002584,CUST101769,PE
OC002585,CUST101770,PE
OC002586,CUST101771,SP
OC002587,CUST101772,SC
OC002588,CUST101773,GO
OC002589,CUST101774,SP
OC002590,CUST101775,SC
OC002591,CUST101776,BA
OC002592,CUST101776,BA
OC002593,CUST101776,BA
OC002594,CUST101776,BA
OC002595,CUST101777,PR
OC002596,CUST101778,SP
OC002597,CUST101778,SP
OC002598,CUST101779,BA
OC002599,CUST101780,RJ
OC002600,CUST101781,BA
OC002601,CUST101781,BA
OC002602,CUST101781,BA
OC002603,CUST101782,RS
OC002604,CUST101783,RJ
OC002605,CUST101784,CE
OC002606,CUST101785,BA
OC002607,CUST101785,BA
OC002608,CUST101785,BA
OC002609,CUST101785,BA
OC002610,CUST101786,MG
OC002611,CUST101787,SP
OC002612,CUST101788,BA
OC002613,CUST101789,PE
OC002614,CUST101790,BA
OC002615,CUST101791,MG
OC002616,CUST101792,GO
OC002617,CUST101793,GO
OC002618,CUST101794,MG
OC002619,CUST101795,MG
OC002620,CUST101796,RJ
OC002621,CUST101797,GO
OC002622,CUST101798,SP
OC002623,CUST101799,PR
OC002624,CUST101800,RS
OC002625,CUST101800,RS
OC002626,CUST101800,RS
OC002627,CUST101800,RS
OC002628,CUST101801,SP
OC002629,CUST101802,RS
OC002630,CUST101803,SP
OC002631,CUST101804,BA
OC002632,CUST101805,PR
OC002633,CUST101806,PE
OC002634,CUST101807,SC
OC002635,CUST101808,PE
OC002636,CUST101809,GO
OC002637,CUST101810,PR
OC002638,CUST101811,SP
OC002639,CUST101812,RS
OC002640,CUST101813,PR
OC002641,CUST101814,BA
OC002642,CUST101815,SP
OC002643,CUST101816,BA
OC002644,CUST101817,PR
OC002645,CUST101817,PR
OC002646,CUST101818,RJ
OC002647,CUST101819,BA
OC002648,CUST101820,SC
OC002649,CUST101820,SC
OC002650,CUST101820,SC
OC002651,CUST101820,SC
OC002652,CUST101820,SC
OC002653,CUST101820,SC
OC002654,CUST101820,SC
OC002655,CUST101820,SC
OC002656,CUST101820,SC
OC002657,CUST101821,SC
OC002658,CUST101822,GO
OC002659,CUST101823,SC
OC002660,CUST101824,BA
OC002661,CUST101825,MG
OC002662,CUST101825,MG
OC002663,CUST101826,GO
OC002664,CUST101826,GO
OC002665,CUST101826,GO
OC002666,CUST101826,GO
OC002667,CUST101826,GO
OC002668,CUST101826,GO
OC002669,CUST101826,GO
OC002670,CUST101826,GO
OC002671,CUST101826,GO
OC002672,CUST101827,GO
OC002673,CUST101828,BA
OC002674,CUST101829,PE
OC002675,CUST101829,PE
OC002676,CUST101829,PE
OC002677,CUST101829,PE
OC002678,CUST101829,PE
OC002679,CUST101829,PE
OC002680,CUST101830,PR
OC002681,CUST101831,RJ
OC002682,CUST101832,SC
OC002683,CUST101833,RJ
OC002684,CUST101834,SC
OC002685,CUST101835,CE
OC002686,CUST101836,MG
OC002687,CUST101837,PE
OC002688,CUST101838,PR
OC002689,CUST101839,BA
OC002690,CUST101840,RJ
OC002691,CUST101841,RJ
OC002692,CUST101842,BA
OC002693,CUST101843,PR
OC002694,CUST101844,PR
OC002695,CUST101845,GO
OC002696,CUST101846,CE
OC002697,CUST101847,SC
OC002698,CUST101848,MG
OC002699,CUST101849,GO
OC002700,CUST101850,BA
OC002701,CUST101851,GO
OC002702,CUST101851,GO
OC002703,CUST101851,GO
OC002704,CUST101851,GO
OC002705,CUST101851,GO
OC002706,CUST101851,GO
OC002707,CUST101852,SP
OC002708,CUST101852,SP
OC002709,CUST101852,SP
OC002710,CUST101852,SP
OC002711,CUST101853,BA
OC002712,CUST101854,CE
OC002713,CUST101854,CE
OC002714,CUST101854,CE
OC002715,CUST101854,CE
OC002716,CUST101854,CE
OC002717,CUST101855,SC
OC002718,CUST101855,SC
OC002719,CUST101855,SC
OC002720,CUST101855,SC
OC002721,CUST101855,SC
OC002722,CUST101856,PR
OC002723,CUST101857,SP
OC002724,CUST101858,RJ
OC002725,CUST101858,RJ
OC002726,CUST101858,RJ
OC002727,CUST101858,RJ
OC002728,CUST101859,SC
OC002729,CUST101860,BA
OC002730,CUST101861,PE
OC002731,CUST101862,MG
OC002732,CUST101863,SP
OC002733,CUST101864,MG
OC002734,CUST101865,CE
OC002735,CUST101866,GO
OC002736,CUST101866,GO
OC002737,CUST101866,GO
OC002738,CUST101866,GO
OC002739,CUST101866,GO
OC002740,CUST101866,GO
OC002741,CUST101866,GO
OC002742,CUST101867,SP
OC002743,CUST101867,SP
OC002744,CUST101867,SP
OC002745,CUST101867,SP
OC002746,CUST101868,MG
OC002747,CUST101869,RJ
OC002748,CUST101870,RS
OC002749,CUST101871,BA
OC002750,CUST101872,BA
OC002751,CUST101873,SC
OC002752,CUST101874,CE
OC002753,CUST101874,CE
OC002754,CUST101874,CE
OC002755,CUST101874,CE
OC002756,CUST101874,CE
OC002757,CUST101874,CE
OC002758,CUST101875,SP
OC002759,CUST101875,SP
OC002760,CUST101875,SP
OC002761,CUST101876,CE
OC002762,CUST101877,MG
OC002763,CUST101877,MG
OC002764,CUST101877,MG
OC002765,CUST101878,GO
OC002766,CUST101879,BA
OC002767,CUST101880,BA
OC002768,CUST101880,BA
OC002769,CUST101881,GO
OC002770,CUST101882,RJ
OC002771,CUST101882,RJ
OC002772,CUST101883,CE
OC002773,CUST101883,CE
OC002774,CUST101883,CE
OC002775,CUST101884,MG
OC002776,CUST101885,PE
OC002777,CUST101885,PE
OC002778,CUST101886,BA
OC002779,CUST101887,SC
OC002780,CUST101888,BA
OC002781,CUST101889,PR
OC002782,CUST101890,RS
OC002783,CUST101891,RJ
OC002784,CUST101892,SP
OC002785,CUST101893,MG
OC002786,CUST101893,MG
OC002787,CUST101894,GO
OC002788,CUST101895,PE
OC002789,CUST101896,SC
OC002790,CUST101897,PE
OC002791,CUST101898,RJ
OC002792,CUST101899,PR
OC002793,CUST101900,PR
OC002794,CUST101901,GO
OC002795,CUST101902,RS
OC002796,CUST101903,CE
OC002797,CUST101904,PR
OC002798,CUST101905,GO
OC002799,CUST101906,RS
OC002800,CUST101906,RS
OC002801,CUST101906,RS
OC002802,CUST101906,RS
OC002803,CUST101907,RJ
OC002804,CUST101908,MG
OC002805,CUST101908,MG
OC002806,CUST101908,MG
OC002807,CUST101909,RJ
OC002808,CUST101909,RJ
OC002809,CUST101909,RJ
OC002810,CUST101909,RJ
OC002811,CUST101909,RJ
OC002812,CUST101909,RJ
OC002813,CUST101909,RJ
OC002814,CUST101909,RJ
OC002815,CUST101909,RJ
OC002816,CUST101909,RJ
OC002817,CUST101910,GO
OC002818,CUST101911,MG
OC002819,CUST101912,GO
OC002820,CUST101913,RJ
OC002821,CUST101914,BA
OC002822,CUST101915,BA
OC002823,CUST101916,RJ
OC002824,CUST101917,PE
OC002825,CUST101918,PE
OC002826,CUST101919,PR
OC002827,CUST101920,PR
OC002828,CUST101921,MG
OC002829,CUST101922,MG
OC002830,CUST101922,MG
OC002831,CUST101923,BA
OC002832,CUST101923,BA
OC002833,CUST101923,BA
OC002834,CUST101923,BA
OC002835,CUST101923,BA
OC002836,CUST101923,BA
OC002837,CUST101923,BA
OC002838,CUST101923,BA
OC002839,CUST101924,PE
OC002840,CUST101925,RS
OC002841,CUST101926,RJ
OC002842,CUST101927,RS
OC002843,CUST101927,RS
OC002844,CUST101928,MG
OC002845,CUST101929,RS
OC002846,CUST101929,RS
OC002847,CUST101930,GO
OC002848,CUST101931,SP
OC002849,CUST101932,BA
OC002850,CUST101933,PE
OC002851,CUST101934,CE
OC002852,CUST101935,BA
OC002853,CUST101936,GO
OC002854,CUST101937,PE
OC002855,CUST101938,MG
OC002856,CUST101939,CE
OC002857,CUST101939,CE
OC002858,CUST101939,CE
OC002859,CUST101940,RJ
OC002860,CUST101941,RJ
OC002861,CUST101942,PR
OC002862,CUST101943,SC
OC002863,CUST101943,SC
OC002864,CUST101943,SC
OC002865,CUST101943,SC
OC002866,CUST101943,SC
OC002867,CUST101943,SC
OC002868,CUST101943,SC
OC002869,CUST101944,GO
OC002870,CUST101945,PE
OC002871,CUST101945,PE
OC002872,CUST101945,PE
OC002873,CUST101945,PE
OC002874,CUST101946,SC
OC002875,CUST101947,SC
OC002876,CUST101948,CE
OC002877,CUST101949,RJ
OC002878,CUST101950,MG
OC002879,CUST101951,BA
OC002880,CUST101952,RJ
OC002881,CUST101952,RJ
OC002882,CUST101952,RJ
OC002883,CUST101952,RJ
OC002884,CUST101953,GO
OC002885,CUST101954,GO
OC002886,CUST101955,PE
OC002887,CUST101956,BA
OC002888,CUST101956,BA
OC002889,CUST101957,MG
OC002890,CUST101958,PE
OC002891,CUST101959,CE
OC002892,CUST101960,MG
OC002893,CUST101961,MG
OC002894,CUST101962,SC
OC002895,CUST101963,PE
OC002896,CUST101964,SP
OC002897,CUST101965,RJ
OC002898,CUST101966,PE
OC002899,CUST101967,MG
OC002900,CUST101968,PR
OC002901,CUST101969,MG
OC002902,CUST101970,MG
OC002903,CUST101971,BA
OC002904,CUST101971,BA
OC002905,CUST101971,BA
OC002906,CUST101971,BA
OC002907,CUST101972,RS
OC002908,CUST101973,BA
OC002909,CUST101974,PE
OC002910,CUST101975,PR
OC002911,CUST101975,PR
OC002912,CUST101975,PR
OC002913,CUST101976,RJ
OC002914,CUST101977,PR
OC002915,CUST101978,RS
OC002916,CUST101979,PE
OC002917,CUST101980,PR
OC002918,CUST101981,MG
OC002919,CUST101982,PR
OC002920,CUST101983,CE
OC002921,CUST101984,PE
OC002922,CUST101984,PE
OC002923,CUST101984,PE
OC002924,CUST101984,PE
OC002925,CUST101984,PE
OC002926,CUST101985,RJ
OC002927,CUST101985,RJ
OC002928,CUST101986,PE
OC002929,CUST101987,MG
OC002930,CUST101988,CE
OC002931,CUST101989,CE
OC002932,CUST101990,MG
OC002933,CUST101990,MG
OC002934,CUST101991,MG
OC002935,CUST101992,CE
OC002936,CUST101993,CE
OC002937,CUST101994,BA
OC002938,CUST101995,CE
OC002939,CUST101996,SP
OC002940,CUST101997,SP
OC002941,CUST101998,RJ
OC002942,CUST101999,SP
OC002943,CUST102000,CE
OC002944,CUST102000,CE
OC002945,CUST102001,PR
OC002946,CUST102002,RS
OC002947,CUST102003,CE
OC002948,CUST102004,SC
OC002949,CUST102005,CE
OC002950,CUST102005,CE
OC002951,CUST102006,SP
OC002952,CUST102006,SP
OC002953,CUST102006,SP
OC002954,CUST102006,SP
OC002955,CUST102006,SP
OC002956,CUST102007,GO
OC002957,CUST102008,PE
OC002958,CUST102009,PR
OC002959,CUST102009,PR
OC002960,CUST102010,PR
OC002961,CUST102011,GO
OC002962,CUST102012,RS
OC002963,CUST102013,SC
OC002964,CUST102013,SC
OC002965,CUST102014,PR
OC002966,CUST102015,GO
OC002967,CUST102016,RJ
OC002968,CUST102016,RJ
OC002969,CUST102017,SP
OC002970,CUST102018,MG
OC002971,CUST102019,GO
OC002972,CUST102020,SC
OC002973,CUST102021,GO
OC002974,CUST102022,GO
OC002975,CUST102023,RS
OC002976,CUST102024,BA
OC002977,CUST102025,CE
OC002978,CUST102026,MG
OC002979,CUST102027,BA
OC002980,CUST102028,BA
OC002981,CUST102029,BA
OC002982,CUST102029,BA
OC002983,CUST102029,BA
OC002984,CUST102029,BA
OC002985,CUST102029,BA
OC002986,CUST102030,SC
OC002987,CUST102031,MG
OC002988,CUST102032,BA
OC002989,CUST102033,PE
OC002990,CUST102034,PE
OC002991,CUST102035,RJ
OC002992,CUST102036,BA
OC002993,CUST102037,RS
OC002994,CUST102037,RS
OC002995,CUST102038,GO
OC002996,CUST102039,RJ
OC002997,CUST102039,RJ
OC002998,CUST102039,RJ
OC002999,CUST102039,RJ
OC003000,CUST102039,RJ
OC003001,CUST102040,PR
OC003002,CUST102041,GO
OC003003,CUST102042,RS
OC003004,CUST102043,MG
OC003005,CUST102044,RJ
OC003006,CUST102045,SP
OC003007,CUST102046,PR
OC003008,CUST102047,SC
OC003009,CUST102048,CE
OC003010,CUST102049,SC
OC003011,CUST102050,RS
OC003012,CUST102050,RS
OC003013,CUST102050,RS
OC003014,CUST102050,RS
OC003015,CUST102051,MG
OC003016,CUST102052,BA
OC003017,CUST102053,CE
OC003018,CUST102054,BA
OC003019,CUST102054,BA
OC003020,CUST102054,BA
OC003021,CUST102054,BA
OC003022,CUST102055,RS
OC003023,CUST102056,MG
OC003024,CUST102057,GO
OC003025,CUST102058,PE
OC003026,CUST102058,PE
OC003027,CUST102058,PE
OC003028,CUST102059,GO
OC003029,CUST102060,GO
OC003030,CUST102060,GO
OC003031,CUST102061,PR
OC003032,CUST102062,GO
OC003033,CUST102063,SP
OC003034,CUST102064,RJ
OC003035,CUST102065,SC
OC003036,CUST102066,PE
OC003037,CUST102067,GO
OC003038,CUST102068,RS
OC003039,CUST102069,RS
OC003040,CUST102070,CE
OC003041,CUST102071,BA
OC003042,CUST102072,SP
OC003043,CUST102073,SP
OC003044,CUST102074,PR
OC003045,CUST102074,PR
OC003046,CUST102075,GO
OC003047,CUST102076,CE
OC003048,CUST102077,GO
OC003049,CUST102078,PR
OC003050,CUST102078,PR
OC003051,CUST102078,PR
OC003052,CUST102078,PR
OC003053,CUST102078,PR
OC003054,CUST102079,PE
OC003055,CUST102080,SP
OC003056,CUST102081,RJ
OC003057,CUST102081,RJ
OC003058,CUST102081,RJ
OC003059,CUST102081,RJ
OC003060,CUST102081,RJ
OC003061,CUST102081,RJ
OC003062,CUST102081,RJ
OC003063,CUST102081,RJ
OC003064,CUST102081,RJ
OC003065,CUST102082,SC
OC003066,CUST102083,MG
OC003067,CUST102084,PR
OC003068,CUST102084,PR
OC003069,CUST102085,BA
OC003070,CUST102085,BA
OC003071,CUST102086,SC
OC003072,CUST102087,BA
OC003073,CUST102087,BA
OC003074,CUST102087,BA
OC003075,CUST102087,BA
OC003076,CUST102088,SP
OC003077,CUST102089,SC
OC003078,CUST102089,SC
OC003079,CUST102089,SC
OC003080,CUST102090,SP
OC003081,CUST102090,SP
OC003082,CUST102091,CE
OC003083,CUST102091,CE
OC003084,CUST102092,PE
OC003085,CUST102093,RS
OC003086,CUST102094,BA
OC003087,CUST102094,BA
OC003088,CUST102095,PE
OC003089,CUST102095,PE
OC003090,CUST102095,PE
OC003091,CUST102095,PE
OC003092,CUST102096,PR
OC003093,CUST102097,RJ
OC003094,CUST102098,SC
OC003095,CUST102099,PE
OC003096,CUST102100,GO
OC003097,CUST102100,GO
OC003098,CUST102100,GO
OC003099,CUST102100,GO
OC003100,CUST102101,PE
OC003101,CUST102102,PR
OC003102,CUST102103,CE
OC003103,CUST102104,CE
OC003104,CUST102105,RJ
OC003105,CUST102105,RJ
OC003106,CUST102105,RJ
OC003107,CUST102105,RJ
OC003108,CUST102106,MG
OC003109,CUST102106,MG
OC003110,CUST102107,RJ
OC003111,CUST102108,SC
OC003112,CUST102109,BA
OC003113,CUST102110,BA
OC003114,CUST102110,BA
OC003115,CUST102111,PE
OC003116,CUST102112,BA
OC003117,CUST102113,MG
OC003118,CUST102114,RS
OC003119,CUST102115,CE
OC003120,CUST102116,PE
OC003121,CUST102117,SC
OC003122,CUST102118,PE
OC003123,CUST102119,SP
OC003124,CUST102120,SP
OC003125,CUST102120,SP
OC003126,CUST102121,SP
OC003127,CUST102122,MG
OC003128,CUST102123,BA
OC003129,CUST102123,BA
OC003130,CUST102123,BA
OC003131,CUST102123,BA
OC003132,CUST102123,BA
OC003133,CUST102123,BA
OC003134,CUST102124,GO
OC003135,CUST102124,GO
OC003136,CUST102124,GO
OC003137,CUST102124,GO
OC003138,CUST102124,GO
OC003139,CUST102124,GO
OC003140,CUST102124,GO
OC003141,CUST102124,GO
OC003142,CUST102124,GO
OC003143,CUST102125,PE
OC003144,CUST102126,GO
OC003145,CUST102127,MG
OC003146,CUST102128,CE
OC003147,CUST102128,CE
OC003148,CUST102128,CE
OC003149,CUST102129,PE
OC003150,CUST102130,MG
OC003151,CUST102131,BA
OC003152,CUST102132,CE
OC003153,CUST102133,BA
OC003154,CUST102134,MG
OC003155,CUST102135,SC
OC003156,CUST102135,SC
OC003157,CUST102136,CE
OC003158,CUST102137,PR
OC003159,CUST102138,CE
OC003160,CUST102138,CE
OC003161,CUST102139,BA
OC003162,CUST102139,BA
OC003163,CUST102139,BA
OC003164,CUST102140,PE
OC003165,CUST102141,PE
OC003166,CUST102142,PE
OC003167,CUST102143,GO
OC003168,CUST102144,CE
OC003169,CUST102145,PR
OC003170,CUST102146,GO
OC003171,CUST102147,SP
OC003172,CUST102148,BA
OC003173,CUST102148,BA
OC003174,CUST102149,BA
OC003175,CUST102150,RJ
OC003176,CUST102151,SC
OC003177,CUST102152,CE
OC003178,CUST102153,PR
OC003179,CUST102154,SP
OC003180,CUST102154,SP
OC003181,CUST102155,CE
OC003182,CUST102156,GO
OC003183,CUST102157,PR
OC003184,CUST102158,CE
OC003185,CUST102159,CE
OC003186,CUST102160,RS
OC003187,CUST102161,SP
OC003188,CUST102161,SP
OC003189,CUST102162,CE
OC003190,CUST102163,GO
OC003191,CUST102164,MG
OC003192,CUST102164,MG
OC003193,CUST102164,MG
OC003194,CUST102165,PE
OC003195,CUST102166,CE
OC003196,CUST102167,SC
OC003197,CUST102167,SC
OC003198,CUST102168,MG
OC003199,CUST102169,RS
OC003200,CUST102170,SP
OC003201,CUST102171,CE
OC003202,CUST102172,RJ
OC003203,CUST102173,RS
OC003204,CUST102174,SP
OC003205,CUST102174,SP
OC003206,CUST102175,GO
OC003207,CUST102176,BA
OC003208,CUST102177,SC
OC003209,CUST102178,MG
OC003210,CUST102179,SC
OC003211,CUST102179,SC
OC003212,CUST102180,RS
OC003213,CUST102181,SC
OC003214,CUST102181,SC
OC003215,CUST102182,PE
OC003216,CUST102182,PE
OC003217,CUST102182,PE
OC003218,CUST102182,PE
OC003219,CUST102182,PE
OC003220,CUST102182,PE
OC003221,CUST102183,CE
OC003222,CUST102184,GO
OC003223,CUST102185,SP
OC003224,CUST102186,MG
OC003225,CUST102187,PE
OC003226,CUST102187,PE
OC003227,CUST102187,PE
OC003228,CUST102187,PE
OC003229,CUST102188,RS
OC003230,CUST102189,PE
OC003231,CUST102189,PE
OC003232,CUST102189,PE
OC003233,CUST102189,PE
OC003234,CUST102190,BA
OC003235,CUST102191,GO
OC003236,CUST102192,PE
OC003237,CUST102193,SC
OC003238,CUST102194,BA
OC003239,CUST102195,MG
OC003240,CUST102196,GO
OC003241,CUST102197,PE
OC003242,CUST102198,BA
OC003243,CUST102199,PE
OC003244,CUST102199,PE
OC003245,CUST102200,BA
OC003246,CUST102201,PR
OC003247,CUST102202,CE
OC003248,CUST102203,GO
OC003249,CUST102204,RS
OC003250,CUST102204,RS
OC003251,CUST102204,RS
OC003252,CUST102205,RS
OC003253,CUST102206,PR
OC003254,CUST102207,PE
OC003255,CUST102208,PR
OC003256,CUST102209,RS
OC003257,CUST102210,PR
OC003258,CUST102211,PR
OC003259,CUST102212,RS
OC003260,CUST102213,GO
OC003261,CUST102214,BA
OC003262,CUST102215,GO
OC003263,CUST102215,GO
OC003264,CUST102216,BA
OC003265,CUST102217,PE
OC003266,CUST102218,PR
OC003267,CUST102219,PR
OC003268,CUST102220,RJ
OC003269,CUST102221,CE
OC003270,CUST102221,CE
OC003271,CUST102222,PE
OC003272,CUST102223,SC
OC003273,CUST102223,SC
OC003274,CUST102223,SC
OC003275,CUST102223,SC
OC003276,CUST102223,SC
OC003277,CUST102223,SC
OC003278,CUST102223,SC
OC003279,CUST102223,SC
OC003280,CUST102223,SC
OC003281,CUST102223,SC
OC003282,CUST102223,SC
OC003283,CUST102224,SC
OC003284,CUST102225,BA
OC003285,CUST102225,BA
OC003286,CUST102225,BA
OC003287,CUST102225,BA
OC003288,CUST102226,MG
OC003289,CUST102226,MG
OC003290,CUST102226,MG
OC003291,CUST102226,MG
OC003292,CUST102226,MG
OC003293,CUST102226,MG
OC003294,CUST102227,PR
OC003295,CUST102228,SP
OC003296,CUST102229,PR
OC003297,CUST102230,RJ
OC003298,CUST102230,RJ
OC003299,CUST102230,RJ
OC003300,CUST102230,RJ
OC003301,CUST102231,BA
OC003302,CUST102231,BA
OC003303,CUST102231,BA
OC003304,CUST102231,BA
OC003305,CUST102232,GO
OC003306,CUST102233,PR
OC003307,CUST102234,GO
OC003308,CUST102235,RS
OC003309,CUST102236,RS
OC003310,CUST102237,PE
OC003311,CUST102238,PR
OC003312,CUST102239,PE
OC003313,CUST102239,PE
OC003314,CUST102240,PR
OC003315,CUST102241,MG
OC003316,CUST102242,RJ
OC003317,CUST102243,CE
OC003318,CUST102244,CE
OC003319,CUST102245,RS
OC003320,CUST102246,RS
OC003321,CUST102246,RS
OC003322,CUST102246,RS
OC003323,CUST102246,RS
OC003324,CUST102246,RS
OC003325,CUST102247,SP
OC003326,CUST102248,PE
OC003327,CUST102249,RS
OC003328,CUST102250,RS
OC003329,CUST102251,SP
OC003330,CUST102252,RJ
OC003331,CUST102253,SC
OC003332,CUST102254,BA
OC003333,CUST102255,GO
OC003334,CUST102256,RJ
OC003335,CUST102257,MG
OC003336,CUST102257,MG
OC003337,CUST102257,MG
OC003338,CUST102258,SP
OC003339,CUST102259,PE
OC003340,CUST102260,MG
OC003341,CUST102260,MG
OC003342,CUST102261,SC
OC003343,CUST102262,GO
OC003344,CUST102262,GO
OC003345,CUST102263,GO
OC003346,CUST102264,RS
OC003347,CUST102265,PR
OC003348,CUST102265,PR
OC003349,CUST102266,BA
OC003350,CUST102267,PR
OC003351,CUST102268,SP
OC003352,CUST102269,RJ
OC003353,CUST102270,CE
OC003354,CUST102271,RS
OC003355,CUST102272,PE
OC003356,CUST102273,SP
OC003357,CUST102274,MG
OC003358,CUST102275,SC
OC003359,CUST102276,MG
OC003360,CUST102277,SP
OC003361,CUST102278,SC
OC003362,CUST102278,SC
OC003363,CUST102278,SC
OC003364,CUST102279,GO
OC003365,CUST102279,GO
OC003366,CUST102279,GO
OC003367,CUST102279,GO
OC003368,CUST102279,GO
OC003369,CUST102280,MG
OC003370,CUST102281,PR
OC003371,CUST102282,SP
OC003372,CUST102283,SP
OC003373,CUST102284,PR
OC003374,CUST102285,CE
OC003375,CUST102286,CE
OC003376,CUST102287,RJ
OC003377,CUST102288,BA
OC003378,CUST102288,BA
OC003379,CUST102289,PR
OC003380,CUST102290,GO
OC003381,CUST102291,PE
OC003382,CUST102292,PE
OC003383,CUST102293,GO
OC003384,CUST102293,GO
OC003385,CUST102293,GO
OC003386,CUST102294,MG
OC003387,CUST102295,PE
OC003388,CUST102295,PE
OC003389,CUST102295,PE
OC003390,CUST102295,PE
OC003391,CUST102296,GO
OC003392,CUST102297,PR
OC003393,CUST102298,RS
OC003394,CUST102299,RJ
OC003395,CUST102300,BA
OC003396,CUST102301,MG
OC003397,CUST102302,GO
OC003398,CUST102302,GO
OC003399,CUST102302,GO
OC003400,CUST102302,GO
OC003401,CUST102303,PR
OC003402,CUST102304,MG
OC003403,CUST102304,MG
OC003404,CUST102304,MG
OC003405,CUST102304,MG
OC003406,CUST102305,SP
OC003407,CUST102306,BA
OC003408,CUST102307,PR
OC003409,CUST102308,CE
OC003410,CUST102309,RS
OC003411,CUST102310,MG
OC003412,CUST102310,MG
OC003413,CUST102311,CE
OC003414,CUST102312,SC
OC003415,CUST102313,SC
OC003416,CUST102314,PE
OC003417,CUST102314,PE
OC003418,CUST102314,PE
OC003419,CUST102314,PE
OC003420,CUST102315,BA
OC003421,CUST102316,RJ
OC003422,CUST102317,SC
OC003423,CUST102318,RJ
OC003424,CUST102319,MG
OC003425,CUST102320,MG
OC003426,CUST102321,GO
OC003427,CUST102322,BA
OC003428,CUST102323,RS
OC003429,CUST102324,SP
OC003430,CUST102324,SP
OC003431,CUST102325,PR
OC003432,CUST102325,PR
OC003433,CUST102326,SC
OC003434,CUST102327,RS
OC003435,CUST102328,GO
OC003436,CUST102328,GO
OC003437,CUST102328,GO
OC003438,CUST102328,GO
OC003439,CUST102328,GO
OC003440,CUST102329,PR
OC003441,CUST102330,BA
OC003442,CUST102331,PR
OC003443,CUST102332,CE
OC003444,CUST102333,CE
OC003445,CUST102334,SP
OC003446,CUST102334,SP
OC003447,CUST102334,SP
OC003448,CUST102334,SP
OC003449,CUST102335,PR
OC003450,CUST102336,BA
OC003451,CUST102337,RS
OC003452,CUST102337,RS
OC003453,CUST102338,SP
OC003454,CUST102339,RJ
OC003455,CUST102340,GO
OC003456,CUST102341,PR
OC003457,CUST102342,MG
OC003458,CUST102343,SC
OC003459,CUST102344,PE
OC003460,CUST102345,PR
OC003461,CUST102346,RJ
OC003462,CUST102347,PR
OC003463,CUST102347,PR
OC003464,CUST102347,PR
OC003465,CUST102348,BA
OC003466,CUST102349,CE
OC003467,CUST102350,RS
OC003468,CUST102351,RS
OC003469,CUST102352,MG
OC003470,CUST102353,GO
OC003471,CUST102354,MG
OC003472,CUST102355,GO
OC003473,CUST102355,GO
OC003474,CUST102356,CE
OC003475,CUST102356,CE
OC003476,CUST102357,BA
OC003477,CUST102358,SC
OC003478,CUST102359,PE
OC003479,CUST102360,GO
OC003480,CUST102361,PE
OC003481,CUST102361,PE
OC003482,CUST102361,PE
OC003483,CUST102361,PE
OC003484,CUST102361,PE
OC003485,CUST102361,PE
OC003486,CUST102362,RS
OC003487,CUST102363,RS
OC003488,CUST102364,CE
OC003489,CUST102364,CE
OC003490,CUST102365,RJ
OC003491,CUST102366,PE
OC003492,CUST102367,GO
OC003493,CUST102368,PE
OC003494,CUST102369,BA
OC003495,CUST102370,RJ
OC003496,CUST102371,CE
OC003497,CUST102372,RJ
OC003498,CUST102373,SP
OC003499,CUST102374,PE
OC003500,CUST102375,PE
OC003501,CUST102376,RS
OC003502,CUST102376,RS
OC003503,CUST102376,RS
OC003504,CUST102376,RS
OC003505,CUST102377,CE
OC003506,CUST102378,PE
OC003507,CUST102379,MG
OC003508,CUST102380,MG
OC003509,CUST102381,BA
OC003510,CUST102382,PE
OC003511,CUST102383,GO
OC003512,CUST102383,GO
OC003513,CUST102383,GO
OC003514,CUST102384,RJ
OC003515,CUST102385,RS
OC003516,CUST102385,RS
OC003517,CUST102385,RS
OC003518,CUST102386,CE
OC003519,CUST102387,GO
OC003520,CUST102388,RJ
OC003521,CUST102389,PE
OC003522,CUST102390,GO
OC003523,CUST102390,GO
OC003524,CUST102390,GO
OC003525,CUST102391,SP
OC003526,CUST102392,GO
OC003527,CUST102393,MG
OC003528,CUST102393,MG
OC003529,CUST102393,MG
OC003530,CUST102394,PE
OC003531,CUST102394,PE
OC003532,CUST102394,PE
OC003533,CUST102394,PE
OC003534,CUST102395,SC
OC003535,CUST102396,GO
OC003536,CUST102397,CE
OC003537,CUST102398,SP
OC003538,CUST102399,PE
OC003539,CUST102400,GO
OC003540,CUST102401,PR
OC003541,CUST102402,SP
OC003542,CUST102403,SC
OC003543,CUST102404,PR
OC003544,CUST102404,PR
OC003545,CUST102404,PR
OC003546,CUST102404,PR
OC003547,CUST102404,PR
OC003548,CUST102405,SP
OC003549,CUST102406,RS
OC003550,CUST102407,CE
OC003551,CUST102408,RJ
OC003552,CUST102408,RJ
OC003553,CUST102409,SP
OC003554,CUST102410,SC
OC003555,CUST102411,BA
OC003556,CUST102412,RJ
OC003557,CUST102413,PE
OC003558,CUST102414,SP
OC003559,CUST102415,RJ
OC003560,CUST102415,RJ
OC003561,CUST102415,RJ
OC003562,CUST102415,RJ
OC003563,CUST102415,RJ
OC003564,CUST102415,RJ
OC003565,CUST102415,RJ
OC003566,CUST102416,GO
OC003567,CUST102417,SP
OC003568,CUST102417,SP
OC003569,CUST102418,PR
OC003570,CUST102419,SC
OC003571,CUST102420,MG
OC003572,CUST102421,MG
OC003573,CUST102422,SC
OC003574,CUST102422,SC
OC003575,CUST102423,BA
OC003576,CUST102424,SC
OC003577,CUST102425,GO
OC003578,CUST102426,SC
OC003579,CUST102427,SC
OC003580,CUST102428,RJ
OC003581,CUST102428,RJ
OC003582,CUST102429,PE
OC003583,CUST102430,MG
OC003584,CUST102431,BA
OC003585,CUST102432,RJ
OC003586,CUST102433,MG
OC003587,CUST102434,PE
OC003588,CUST102434,PE
OC003589,CUST102435,SC
OC003590,CUST102436,PE
OC003591,CUST102436,PE
OC003592,CUST102436,PE
OC003593,CUST102436,PE
OC003594,CUST102436,PE
OC003595,CUST102437,MG
OC003596,CUST102438,RS
OC003597,CUST102438,RS
OC003598,CUST102438,RS
OC003599,CUST102438,RS
OC003600,CUST102439,SP
OC003601,CUST102440,SP
OC003602,CUST102441,PR
OC003603,CUST102442,GO
OC003604,CUST102443,PE
OC003605,CUST102444,SC
OC003606,CUST102445,PE
OC003607,CUST102446,SC
OC003608,CUST102446,SC
OC003609,CUST102446,SC
OC003610,CUST102447,RS
OC003611,CUST102448,RS
OC003612,CUST102449,GO
OC003613,CUST102450,BA
OC003614,CUST102450,BA
OC003615,CUST102450,BA
OC003616,CUST102451,MG
OC003617,CUST102452,PR
OC003618,CUST102453,RS
OC003619,CUST102454,RJ
OC003620,CUST102455,SP
OC003621,CUST102456,SC
OC003622,CUST102457,CE
OC003623,CUST102458,SP
OC003624,CUST102459,RS
OC003625,CUST102460,RS
OC003626,CUST102460,RS
OC003627,CUST102460,RS
OC003628,CUST102460,RS
OC003629,CUST102461,RJ
OC003630,CUST102462,RJ
OC003631,CUST102463,CE
OC003632,CUST102464,SP
OC003633,CUST102465,GO
OC003634,CUST102465,GO
OC003635,CUST102465,GO
OC003636,CUST102465,GO
OC003637,CUST102466,CE
OC003638,CUST102467,SP
OC003639,CUST102468,RS
OC003640,CUST102469,SP
OC003641,CUST102469,SP
OC003642,CUST102470,SC
OC003643,CUST102471,GO
OC003644,CUST102472,RS
OC003645,CUST102472,RS
OC003646,CUST102473,PE
OC003647,CUST102474,RS
OC003648,CUST102475,SP
OC003649,CUST102475,SP
OC003650,CUST102476,MG
OC003651,CUST102477,PE
OC003652,CUST102478,PR
OC003653,CUST102478,PR
OC003654,CUST102479,RS
OC003655,CUST102480,CE
OC003656,CUST102481,BA
OC003657,CUST102482,CE
OC003658,CUST102482,CE
OC003659,CUST102482,CE
OC003660,CUST102483,CE
OC003661,CUST102484,BA
OC003662,CUST102485,RS
OC003663,CUST102486,PR
OC003664,CUST102487,MG
OC003665,CUST102488,PE
OC003666,CUST102489,RS
OC003667,CUST102490,SC
OC003668,CUST102490,SC
OC003669,CUST102491,PR
OC003670,CUST102492,PR
OC003671,CUST102493,SP
OC003672,CUST102494,PE
OC003673,CUST102495,CE
OC003674,CUST102496,MG
OC003675,CUST102497,SC
OC003676,CUST102498,PE
OC003677,CUST102499,GO
OC003678,CUST102499,GO
OC003679,CUST102499,GO
OC003680,CUST102499,GO
OC003681,CUST102500,SP
OC003682,CUST102501,BA
OC003683,CUST102502,SC
OC003684,CUST102503,PE
OC003685,CUST102504,BA
OC003686,CUST102504,BA
OC003687,CUST102505,SC
OC003688,CUST102506,SC
OC003689,CUST102507,MG
OC003690,CUST102508,PR
OC003691,CUST102509,SC
OC003692,CUST102510,MG
OC003693,CUST102511,PE
OC003694,CUST102512,GO
OC003695,CUST102513,RS
OC003696,CUST102514,RS
OC003697,CUST102515,PR
OC003698,CUST102516,MG
OC003699,CUST102517,GO
OC003700,CUST102517,GO
OC003701,CUST102517,GO
OC003702,CUST102518,SP
OC003703,CUST102519,PE
OC003704,CUST102519,PE
OC003705,CUST102519,PE
OC003706,CUST102519,PE
OC003707,CUST102520,SC
OC003708,CUST102520,SC
OC003709,CUST102520,SC
OC003710,CUST102521,SC
OC003711,CUST102522,PE
OC003712,CUST102522,PE
OC003713,CUST102523,PE
OC003714,CUST102524,MG
OC003715,CUST102525,SC
OC003716,CUST102526,RS
OC003717,CUST102527,PR
OC003718,CUST102527,PR
OC003719,CUST102528,RS
OC003720,CUST102529,BA
OC003721,CUST102529,BA
OC003722,CUST102529,BA
OC003723,CUST102529,BA
OC003724,CUST102529,BA
OC003725,CUST102529,BA
OC003726,CUST102530,RJ
OC003727,CUST102531,GO
OC003728,CUST102532,BA
OC003729,CUST102532,BA
OC003730,CUST102532,BA
OC003731,CUST102533,RJ
OC003732,CUST102534,PE
OC003733,CUST102535,RS
OC003734,CUST102536,SP
OC003735,CUST102537,PR
OC003736,CUST102538,SC
OC003737,CUST102538,SC
OC003738,CUST102538,SC
OC003739,CUST102539,CE
OC003740,CUST102539,CE
OC003741,CUST102539,CE
OC003742,CUST102539,CE
OC003743,CUST102539,CE
OC003744,CUST102540,CE
OC003745,CUST102541,SP
OC003746,CUST102542,RJ
OC003747,CUST102543,RS
OC003748,CUST102544,CE
OC003749,CUST102545,PE
OC003750,CUST102546,RS
OC003751,CUST102547,GO
OC003752,CUST102548,RS
OC003753,CUST102549,BA
OC003754,CUST102549,BA
OC003755,CUST102550,PR
OC003756,CUST102551,SP
OC003757,CUST102552,RS
OC003758,CUST102553,RS
OC003759,CUST102554,RJ
OC003760,CUST102555,GO
OC003761,CUST102556,RS
OC003762,CUST102556,RS
OC003763,CUST102556,RS
OC003764,CUST102556,RS
OC003765,CUST102557,CE
OC003766,CUST102558,RS
OC003767,CUST102559,SC
OC003768,CUST102560,RS
OC003769,CUST102561,PE
OC003770,CUST102561,PE
OC003771,CUST102562,BA
OC003772,CUST102563,PR
OC003773,CUST102564,SC
OC003774,CUST102565,GO
OC003775,CUST102565,GO
OC003776,CUST102565,GO
OC003777,CUST102565,GO
OC003778,CUST102565,GO
OC003779,CUST102566,PE
OC003780,CUST102567,BA
OC003781,CUST102568,PR
OC003782,CUST102569,PR
OC003783,CUST102570,BA
OC003784,CUST102571,PE
OC003785,CUST102572,GO
OC003786,CUST102573,GO
OC003787,CUST102574,RJ
OC003788,CUST102575,GO
OC003789,CUST102576,BA
OC003790,CUST102577,RS
OC003791,CUST102578,BA
OC003792,CUST102579,BA
OC003793,CUST102580,SC
OC003794,CUST102581,SP
OC003795,CUST102582,CE
OC003796,CUST102583,RS
OC003797,CUST102584,MG
OC003798,CUST102585,SP
OC003799,CUST102586,PR
OC003800,CUST102587,PE
OC003801,CUST102587,PE
OC003802,CUST102587,PE
OC003803,CUST102587,PE
OC003804,CUST102588,CE
OC003805,CUST102589,CE
OC003806,CUST102590,SC
OC003807,CUST102591,PR
OC003808,CUST102592,MG
OC003809,CUST102593,RS
OC003810,CUST102594,BA
OC003811,CUST102595,RS
OC003812,CUST102595,RS
OC003813,CUST102595,RS
OC003814,CUST102595,RS
OC003815,CUST102596,SC
OC003816,CUST102597,CE
OC003817,CUST102598,RS
OC003818,CUST102599,GO
OC003819,CUST102600,PE
OC003820,CUST102601,BA
OC003821,CUST102602,PR
OC003822,CUST102603,GO
OC003823,CUST102604,GO
OC003824,CUST102605,GO
OC003825,CUST102606,MG
OC003826,CUST102607,BA
OC003827,CUST102608,MG
OC003828,CUST102609,MG
OC003829,CUST102610,PE
OC003830,CUST102611,GO
OC003831,CUST102612,MG
OC003832,CUST102613,PE
OC003833,CUST102614,SP
OC003834,CUST102614,SP
OC003835,CUST102614,SP
OC003836,CUST102614,SP
OC003837,CUST102614,SP
OC003838,CUST102615,PE
OC003839,CUST102616,SP
OC003840,CUST102616,SP
OC003841,CUST102616,SP
OC003842,CUST102616,SP
OC003843,CUST102616,SP
OC003844,CUST102616,SP
OC003845,CUST102616,SP
OC003846,CUST102616,SP
OC003847,CUST102616,SP
OC003848,CUST102617,RJ
OC003849,CUST102618,SP
OC003850,CUST102619,SP
OC003851,CUST102620,SC
OC003852,CUST102620,SC
OC003853,CUST102621,MG
OC003854,CUST102622,RS
OC003855,CUST102623,RJ
OC003856,CUST102624,MG
OC003857,CUST102625,SP
OC003858,CUST102626,RS
OC003859,CUST102627,PE
OC003860,CUST102628,GO
OC003861,CUST102629,BA
OC003862,CUST102630,SP
OC003863,CUST102631,CE
OC003864,CUST102632,CE
OC003865,CUST102633,GO
OC003866,CUST102634,GO
OC003867,CUST102634,GO
OC003868,CUST102634,GO
OC003869,CUST102634,GO
OC003870,CUST102634,GO
OC003871,CUST102635,SP
OC003872,CUST102636,SP
OC003873,CUST102637,PE
OC003874,CUST102638,PE
OC003875,CUST102639,SC
OC003876,CUST102640,SP
OC003877,CUST102640,SP
OC003878,CUST102640,SP
OC003879,CUST102640,SP
OC003880,CUST102640,SP
OC003881,CUST102640,SP
OC003882,CUST102640,SP
OC003883,CUST102640,SP
OC003884,CUST102641,SP
OC003885,CUST102642,PE
OC003886,CUST102643,PR
OC003887,CUST102644,PE
OC003888,CUST102645,PR
OC003889,CUST102646,SP
OC003890,CUST102647,PE
OC003891,CUST102648,SC
OC003892,CUST102649,MG
OC003893,CUST102650,RJ
OC003894,CUST102651,RJ
OC003895,CUST102652,PE
OC003896,CUST102653,MG
OC003897,CUST102654,RS
OC003898,CUST102654,RS
OC003899,CUST102655,RS
OC003900,CUST102655,RS
OC003901,CUST102655,RS
OC003902,CUST102656,CE
OC003903,CUST102656,CE
OC003904,CUST102656,CE
OC003905,CUST102656,CE
OC003906,CUST102656,CE
OC003907,CUST102656,CE
OC003908,CUST102656,CE
OC003909,CUST102657,PE
OC003910,CUST102658,PR
OC003911,CUST102659,BA
OC003912,CUST102660,PR
OC003913,CUST102660,PR
OC003914,CUST102661,SC
OC003915,CUST102661,SC
OC003916,CUST102661,SC
OC003917,CUST102661,SC
OC003918,CUST102662,RJ
OC003919,CUST102663,BA
OC003920,CUST102664,SC
OC003921,CUST102665,GO
OC003922,CUST102666,CE
OC003923,CUST102666,CE
OC003924,CUST102666,CE
OC003925,CUST102666,CE
OC003926,CUST102666,CE
OC003927,CUST102667,RS
OC003928,CUST102667,RS
OC003929,CUST102667,RS
OC003930,CUST102668,RS
OC003931,CUST102669,PR
OC003932,CUST102670,RJ
OC003933,CUST102671,SP
OC003934,CUST102672,RJ
OC003935,CUST102673,SC
OC003936,CUST102674,SC
OC003937,CUST102674,SC
OC003938,CUST102675,SC
OC003939,CUST102676,PE
OC003940,CUST102677,GO
OC003941,CUST102678,SP
OC003942,CUST102679,SP
OC003943,CUST102680,MG
OC003944,CUST102681,RJ
OC003945,CUST102682,GO
OC003946,CUST102683,SC
OC003947,CUST102684,BA
OC003948,CUST102684,BA
OC003949,CUST102684,BA
OC003950,CUST102684,BA
OC003951,CUST102684,BA
OC003952,CUST102684,BA
OC003953,CUST102684,BA
OC003954,CUST102684,BA
OC003955,CUST102684,BA
OC003956,CUST102684,BA
OC003957,CUST102684,BA
OC003958,CUST102685,CE
OC003959,CUST102686,RJ
OC003960,CUST102687,PE
OC003961,CUST102688,SP
OC003962,CUST102688,SP
OC003963,CUST102688,SP
OC003964,CUST102688,SP
OC003965,CUST102689,RS
OC003966,CUST102690,RS
OC003967,CUST102690,RS
OC003968,CUST102690,RS
OC003969,CUST102691,CE
OC003970,CUST102692,GO
OC003971,CUST102693,PR
OC003972,CUST102693,PR
OC003973,CUST102694,SP
OC003974,CUST102695,RJ
OC003975,CUST102696,PR
OC003976,CUST102697,PE
OC003977,CUST102697,PE
OC003978,CUST102698,CE
OC003979,CUST102699,SP
OC003980,CUST102700,MG
OC003981,CUST102700,MG
OC003982,CUST102701,BA
OC003983,CUST102702,SP
OC003984,CUST102703,RS
OC003985,CUST102704,CE
OC003986,CUST102705,MG
OC003987,CUST102706,SC
OC003988,CUST102707,RJ
OC003989,CUST102708,PR
OC003990,CUST102709,MG
OC003991,CUST102710,CE
OC003992,CUST102710,CE
OC003993,CUST102710,CE
OC003994,CUST102710,CE
OC003995,CUST102710,CE
OC003996,CUST102710,CE
OC003997,CUST102710,CE
OC003998,CUST102710,CE
OC003999,CUST102711,RS
OC004000,CUST102712,CE
OC004001,CUST102713,SC
OC004002,CUST102714,PE
OC004003,CUST102715,BA
OC004004,CUST102716,SC
OC004005,CUST102717,MG
OC004006,CUST102717,MG
OC004007,CUST102717,MG
OC004008,CUST102718,RJ
OC004009,CUST102719,PE
OC004010,CUST102719,PE
OC004011,CUST102720,BA
OC004012,CUST102720,BA
OC004013,CUST102721,SP
OC004014,CUST102722,RJ
OC004015,CUST102722,RJ
OC004016,CUST102723,SC
OC004017,CUST102724,RS
OC004018,CUST102725,RJ
OC004019,CUST102726,BA
OC004020,CUST102727,CE
OC004021,CUST102728,CE
OC004022,CUST102729,CE
OC004023,CUST102730,SC
OC004024,CUST102731,BA
OC004025,CUST102731,BA
OC004026,CUST102732,SP
OC004027,CUST102733,PR
OC004028,CUST102734,GO
OC004029,CUST102735,GO
OC004030,CUST102736,RS
OC004031,CUST102737,BA
OC004032,CUST102737,BA
OC004033,CUST102737,BA
OC004034,CUST102737,BA
OC004035,CUST102738,PE
OC004036,CUST102739,SC
OC004037,CUST102740,SC
OC004038,CUST102741,MG
OC004039,CUST102742,CE
OC004040,CUST102743,SC
OC004041,CUST102744,RJ
OC004042,CUST102744,RJ
OC004043,CUST102744,RJ
OC004044,CUST102744,RJ
OC004045,CUST102745,CE
OC004046,CUST102745,CE
OC004047,CUST102745,CE
OC004048,CUST102746,PR
OC004049,CUST102747,RS
OC004050,CUST102748,RJ
OC004051,CUST102748,RJ
OC004052,CUST102748,RJ
OC004053,CUST102749,RJ
OC004054,CUST102750,PR
OC004055,CUST102751,MG
OC004056,CUST102752,SC
OC004057,CUST102753,MG
OC004058,CUST102754,SC
OC004059,CUST102755,BA
OC004060,CUST102756,BA
OC004061,CUST102756,BA
OC004062,CUST102757,RJ
OC004063,CUST102757,RJ
OC004064,CUST102757,RJ
OC004065,CUST102757,RJ
OC004066,CUST102757,RJ
OC004067,CUST102757,RJ
OC004068,CUST102757,RJ
OC004069,CUST102757,RJ
OC004070,CUST102758,RJ
OC004071,CUST102759,SP
OC004072,CUST102760,PR
OC004073,CUST102760,PR
OC004074,CUST102761,GO
OC004075,CUST102762,BA
OC004076,CUST102762,BA
OC004077,CUST102763,PR
OC004078,CUST102764,RJ
OC004079,CUST102764,RJ
OC004080,CUST102764,RJ
OC004081,CUST102765,MG
OC004082,CUST102766,RJ
OC004083,CUST102767,MG
OC004084,CUST102768,SC
OC004085,CUST102769,GO
OC004086,CUST102770,PE
OC004087,CUST102771,PE
OC004088,CUST102772,PE
OC004089,CUST102773,SC
OC004090,CUST102774,RJ
OC004091,CUST102775,SP
OC004092,CUST102776,RJ
OC004093,CUST102777,BA
OC004094,CUST102778,PE
OC004095,CUST102778,PE
OC004096,CUST102778,PE
OC004097,CUST102778,PE
OC004098,CUST102779,RJ
OC004099,CUST102780,CE
OC004100,CUST102780,CE
OC004101,CUST102780,CE
OC004102,CUST102780,CE
OC004103,CUST102780,CE
OC004104,CUST102780,CE
OC004105,CUST102781,CE
OC004106,CUST102781,CE
OC004107,CUST102782,BA
OC004108,CUST102783,SC
OC004109,CUST102783,SC
OC004110,CUST102784,SP
OC004111,CUST102785,PR
OC004112,CUST102786,SC
OC004113,CUST102786,SC
OC004114,CUST102787,SC
OC004115,CUST102788,RJ
OC004116,CUST102788,RJ
OC004117,CUST102789,PE
OC004118,CUST102790,RS
OC004119,CUST102791,CE
OC004120,CUST102792,PE
OC004121,CUST102793,MG
OC004122,CUST102794,SC
OC004123,CUST102795,MG
OC004124,CUST102796,MG
OC004125,CUST102797,PR
OC004126,CUST102798,PR
OC004127,CUST102799,PR
OC004128,CUST102800,GO
OC004129,CUST102800,GO
OC004130,CUST102801,MG
OC004131,CUST102802,RJ
OC004132,CUST102803,MG
OC004133,CUST102804,SC
OC004134,CUST102805,PR
OC004135,CUST102806,SC
OC004136,CUST102807,PR
OC004137,CUST102808,GO
OC004138,CUST102809,RJ
OC004139,CUST102810,BA
OC004140,CUST102811,PR
OC004141,CUST102812,RS
OC004142,CUST102812,RS
OC004143,CUST102812,RS
OC004144,CUST102812,RS
OC004145,CUST102813,GO
OC004146,CUST102814,CE
OC004147,CUST102815,CE
OC004148,CUST102815,CE
OC004149,CUST102815,CE
OC004150,CUST102815,CE
OC004151,CUST102815,CE
OC004152,CUST102815,CE
OC004153,CUST102816,RS
OC004154,CUST102817,GO
OC004155,CUST102817,GO
OC004156,CUST102818,RJ
OC004157,CUST102819,MG
OC004158,CUST102820,PR
OC004159,CUST102821,SP
OC004160,CUST102822,SC
OC004161,CUST102823,BA
OC004162,CUST102824,CE
OC004163,CUST102825,SC
OC004164,CUST102826,BA
OC004165,CUST102827,GO
OC004166,CUST102828,BA
OC004167,CUST102829,SC
OC004168,CUST102829,SC
OC004169,CUST102830,CE
OC004170,CUST102831,MG
OC004171,CUST102832,PR
OC004172,CUST102832,PR
OC004173,CUST102833,BA
OC004174,CUST102834,CE
OC004175,CUST102835,RS
OC004176,CUST102836,GO
OC004177,CUST102837,BA
OC004178,CUST102838,MG
OC004179,CUST102839,SC
OC004180,CUST102840,BA
OC004181,CUST102841,PR
OC004182,CUST102842,GO
OC004183,CUST102843,CE
OC004184,CUST102843,CE
OC004185,CUST102844,RS
OC004186,CUST102845,BA
OC004187,CUST102846,SC
OC004188,CUST102847,PR
OC004189,CUST102848,SC
OC004190,CUST102849,BA
OC004191,CUST102850,RJ
OC004192,CUST102851,CE
OC004193,CUST102852,RS
OC004194,CUST102853,CE
OC004195,CUST102854,PE
OC004196,CUST102855,MG
OC004197,CUST102856,PE
OC004198,CUST102857,SP
OC004199,CUST102858,GO
OC004200,CUST102859,RS
OC004201,CUST102860,GO
OC004202,CUST102861,PR
OC004203,CUST102862,RJ
OC004204,CUST102863,SC
OC004205,CUST102864,GO
OC004206,CUST102864,GO
OC004207,CUST102864,GO
OC004208,CUST102864,GO
OC004209,CUST102865,MG
OC004210,CUST102866,PR
OC004211,CUST102866,PR
OC004212,CUST102867,RS
OC004213,CUST102868,PR
OC004214,CUST102869,MG
OC004215,CUST102870,SC
OC004216,CUST102870,SC
OC004217,CUST102871,SC
OC004218,CUST102871,SC
OC004219,CUST102871,SC
OC004220,CUST102871,SC
OC004221,CUST102872,RJ
OC004222,CUST102872,RJ
OC004223,CUST102872,RJ
OC004224,CUST102872,RJ
OC004225,CUST102872,RJ
OC004226,CUST102872,RJ
OC004227,CUST102872,RJ
OC004228,CUST102873,GO
OC004229,CUST102874,CE
OC004230,CUST102875,GO
OC004231,CUST102876,CE
OC004232,CUST102877,SC
OC004233,CUST102878,PE
OC004234,CUST102879,PE
OC004235,CUST102880,SC
OC004236,CUST102881,PE
OC004237,CUST102882,SP
OC004238,CUST102882,SP
OC004239,CUST102883,BA
OC004240,CUST102884,PE
OC004241,CUST102885,CE
OC004242,CUST102886,RJ
OC004243,CUST102887,RJ
OC004244,CUST102888,RS
OC004245,CUST102889,BA
OC004246,CUST102889,BA
OC004247,CUST102889,BA
OC004248,CUST102889,BA
OC004249,CUST102889,BA
OC004250,CUST102889,BA
OC004251,CUST102889,BA
OC004252,CUST102890,MG
OC004253,CUST102890,MG
OC004254,CUST102891,CE
OC004255,CUST102892,SP
OC004256,CUST102893,CE
OC004257,CUST102893,CE
OC004258,CUST102893,CE
OC004259,CUST102894,SC
OC004260,CUST102895,BA
OC004261,CUST102895,BA
OC004262,CUST102896,SC
OC004263,CUST102897,RJ
OC004264,CUST102897,RJ
OC004265,CUST102897,RJ
OC004266,CUST102898,SP
OC004267,CUST102899,RJ
OC004268,CUST102900,PR
OC004269,CUST102901,RS
OC004270,CUST102902,PE
OC004271,CUST102903,PE
OC004272,CUST102904,PE
OC004273,CUST102904,PE
OC004274,CUST102904,PE
OC004275,CUST102905,CE
OC004276,CUST102906,CE
OC004277,CUST102907,RS
OC004278,CUST102908,GO
OC004279,CUST102909,BA
OC004280,CUST102909,BA
OC004281,CUST102910,SC
OC004282,CUST102910,SC
OC004283,CUST102910,SC
OC004284,CUST102911,GO
OC004285,CUST102911,GO
OC004286,CUST102912,CE
OC004287,CUST102913,PE
OC004288,CUST102914,MG
OC004289,CUST102915,BA
OC004290,CUST102916,SP
OC004291,CUST102917,GO
OC004292,CUST102917,GO
OC004293,CUST102917,GO
OC004294,CUST102917,GO
OC004295,CUST102918,RJ
OC004296,CUST102918,RJ
OC004297,CUST102918,RJ
OC004298,CUST102919,PR
OC004299,CUST102920,SC
OC004300,CUST102920,SC
OC004301,CUST102921,RJ
OC004302,CUST102922,RJ
OC004303,CUST102922,RJ
OC004304,CUST102923,MG
OC004305,CUST102924,BA
OC004306,CUST102925,PR
OC004307,CUST102926,BA
OC004308,CUST102926,BA
OC004309,CUST102926,BA
OC004310,CUST102926,BA
OC004311,CUST102926,BA
OC004312,CUST102926,BA
OC004313,CUST102926,BA
OC004314,CUST102926,BA
OC004315,CUST102926,BA
OC004316,CUST102926,BA
OC004317,CUST102927,GO
OC004318,CUST102928,RS
OC004319,CUST102929,PE
OC004320,CUST102929,PE
OC004321,CUST102929,PE
OC004322,CUST102929,PE
OC004323,CUST102930,GO
OC004324,CUST102931,BA
OC004325,CUST102932,GO
OC004326,CUST102933,RJ
OC004327,CUST102934,GO
OC004328,CUST102934,GO
OC004329,CUST102935,GO
OC004330,CUST102935,GO
OC004331,CUST102936,BA
OC004332,CUST102937,RJ
OC004333,CUST102938,PR
OC004334,CUST102939,SP
OC004335,CUST102940,RJ
OC004336,CUST102941,SP
OC004337,CUST102942,BA
OC004338,CUST102943,RJ
OC004339,CUST102943,RJ
OC004340,CUST102943,RJ
OC004341,CUST102943,RJ
OC004342,CUST102943,RJ
OC004343,CUST102943,RJ
OC004344,CUST102944,MG
OC004345,CUST102945,RS
OC004346,CUST102946,PE
OC004347,CUST102947,MG
OC004348,CUST102948,PE
OC004349,CUST102949,MG
OC004350,CUST102949,MG
OC004351,CUST102949,MG
OC004352,CUST102950,BA
OC004353,CUST102951,PE
OC004354,CUST102951,PE
OC004355,CUST102952,SC
OC004356,CUST102952,SC
OC004357,CUST102953,GO
OC004358,CUST102954,RS
OC004359,CUST102955,SC
OC004360,CUST102956,MG
OC004361,CUST102957,MG
OC004362,CUST102958,SC
OC004363,CUST102959,SC
OC004364,CUST102959,SC
OC004365,CUST102960,SP
OC004366,CUST102961,CE
OC004367,CUST102962,RS
OC004368,CUST102963,GO
OC004369,CUST102964,CE
OC004370,CUST102965,SC
OC004371,CUST102966,SC
OC004372,CUST102967,SP
OC004373,CUST102967,SP
OC004374,CUST102967,SP
OC004375,CUST102967,SP
OC004376,CUST102968,RS
OC004377,CUST102969,RS
OC004378,CUST102970,PR
OC004379,CUST102971,RJ
OC004380,CUST102972,CE
OC004381,CUST102973,RJ
OC004382,CUST102974,PE
OC004383,CUST102975,MG
OC004384,CUST102976,BA
OC004385,CUST102977,BA
OC004386,CUST102978,RS
OC004387,CUST102979,GO
OC004388,CUST102980,RJ
OC004389,CUST102981,PR
OC004390,CUST102981,PR
OC004391,CUST102981,PR
OC004392,CUST102981,PR
OC004393,CUST102982,GO
OC004394,CUST102983,PE
OC004395,CUST102984,BA
OC004396,CUST102985,CE
OC004397,CUST102985,CE
OC004398,CUST102986,SC
OC004399,CUST102986,SC
OC004400,CUST102986,SC
OC004401,CUST102986,SC
OC004402,CUST102987,CE
OC004403,CUST102987,CE
OC004404,CUST102988,SC
OC004405,CUST102988,SC
OC004406,CUST102989,CE
OC004407,CUST102990,RJ
OC004408,CUST102990,RJ
OC004409,CUST102991,BA
OC004410,CUST102992,BA
OC004411,CUST102992,BA
OC004412,CUST102992,BA
OC004413,CUST102993,GO
OC004414,CUST102994,CE
OC004415,CUST102995,MG
OC004416,CUST102996,PR
OC004417,CUST102997,CE
OC004418,CUST102997,CE
OC004419,CUST102998,CE
OC004420,CUST102999,RJ
OC004421,CUST102999,RJ
