order_id,customer_id,order_purchase_timestamp,order_status
ORD000001,OC000001,2024-05-19 13:00:00,delivered
ORD000002,OC000002,2024-06-14 14:00:00,delivered
ORD000003,OC000003,2024-04-23 10:00:00,delivered
ORD000004,OC000004,2024-11-13 09:00:00,delivered
ORD000005,OC000005,2023-02-05 08:00:00,delivered
ORD000006,OC000006,2023-09-26 14:00:00,delivered
ORD000007,OC000007,2024-12-01 08:00:00,delivered
ORD000008,OC000008,2024-11-20 10:00:00,delivered
ORD000009,OC000009,2023-12-23 13:00:00,delivered
ORD000010,OC000010,2024-05-23 14:00:00,delivered
ORD000011,OC000011,2023-09-20 20:00:00,delivered
ORD000012,OC000012,2023-11-13 18:00:00,delivered
ORD000013,OC000013,2023-06-12 19:00:00,delivered
ORD000014,OC000014,2023-12-23 14:00:00,delivered
ORD000015,OC000015,2024-02-06 13:00:00,delivered
ORD000016,OC000016,2024-06-20 08:00:00,delivered
ORD000017,OC000017,2024-07-18 09:00:00,delivered
ORD000018,OC000018,2024-09-21 11:00:00,delivered
ORD000019,OC000019,2023-11-14 11:00:00,delivered
ORD000020,OC000020,2024-04-24 13:00:00,delivered
ORD000021,OC000021,2024-05-17 17:00:00,delivered
ORD000022,OC000022,2023-03-12 17:00:00,delivered
ORD000023,OC000023,2023-05-27 16:00:00,delivered
ORD000024,OC000024,2023-07-05 08:00:00,delivered
ORD000025,OC000025,2023-09-04 12:00:00,delivered
ORD000026,OC000026,2023-10-26 13:00:00,delivered
ORD000027,OC000027,2023-12-06 12:00:00,delivered
ORD000028,OC000028,2024-02-12 10:00:00,delivered
ORD000029,OC000029,2024-04-23 16:00:00,canceled
ORD000030,OC000030,2024-12-13 18:00:00,delivered
ORD000031,OC000031,2024-12-17 16:00:00,delivered
ORD000032,OC000032,2024-07-09 09:00:00,delivered
ORD000033,OC000033,2024-03-23 19:00:00,delivered
ORD000034,OC000034,2024-06-06 18:00:00,delivered
ORD000035,OC000035,2023-10-09 21:00:00,delivered
ORD000036,OC000036,2024-10-17 10:00:00,delivered
ORD000037,OC000037,2024-06-07 17:00:00,delivered
ORD000038,OC000038,2024-08-08 18:00:00,delivered
ORD000039,OC000039,2024-09-04 10:00:00,delivered
ORD000040,OC000040,2024-10-09 10:00:00,delivered
ORD000041,OC000041,2024-11-03 19:00:00,delivered
ORD000042,OC000042,2023-06-11 11:00:00,delivered
ORD000043,OC000043,2024-11-15 21:00:00,delivered
ORD000044,OC000044,2024-12-04 19:00:00,delivered
ORD000045,OC000045,2024-10-10 21:00:00,delivered
ORD000046,OC000046,2024-12-11 15:00:00,delivered
ORD000047,OC000047,2024-08-19 13:00:00,delivered
ORD000048,OC000048,2024-05-25 11:00:00,delivered
ORD000049,OC000049,2023-12-14 16:00:00,delivered
ORD000050,OC000050,2024-12-20 20:00:00,delivered
ORD000051,OC000051,2024-11-10 08:00:00,delivered
ORD000052,OC000052,2023-02-03 12:00:00,delivered
ORD000053,OC000053,2023-01-27 10:00:00,delivered
ORD000054,OC000054,2023-02-13 18:00:00,delivered
ORD000055,OC000055,2023-11-12 12:00:00,delivered
ORD000056,OC000056,2024-10-25 10:00:00,delivered
ORD000057,OC000057,2024-12-05 16:00:00,delivered
ORD000058,OC000058,2023-05-14 21:00:00,delivered
ORD000059,OC000059,2024-04-17 15:00:00,delivered
ORD000060,OC000060,2023-11-17 14:00:00,delivered
ORD000061,OC000061,2024-12-15 17:00:00,delivered
ORD000062,OC000062,2024-10-05 21:00:00,delivered
ORD000063,OC000063,2024-10-07 17:00:00,delivered
ORD000064,OC000064,2024-01-11 12:00:00,delivered
ORD000065,OC000065,2023-12-26 17:00:00,delivered
ORD000066,OC000066,2024-02-08 13:00:00,delivered
ORD000067,OC000067,2024-03-20 09:00:00,delivered
ORD000068,OC000068,2023-09-15 21:00:00,delivered
ORD000069,OC000069,2023-11-23 10:00:00,delivered
ORD000070,OC000070,2023-02-12 10:00:00,delivered
ORD000071,OC000071,2024-11-04 17:00:00,delivered
ORD000072,OC000072,2024-10-27 16:00:00,delivered
ORD000073,OC000073,2024-12-15 17:00:00,delivered
ORD000074,OC000074,2024-12-20 17:00:00,canceled
ORD000075,OC000075,2024-03-13 18:00:00,delivered
ORD000076,OC000076,2024-09-14 17:00:00,delivered
ORD000077,OC000077,2024-12-24 17:00:00,delivered
ORD000078,OC000078,2024-10-13 13:00:00,delivered
ORD000079,OC000079,2023-08-05 17:00:00,canceled
ORD000080,OC000080,2023-12-15 08:00:00,delivered
ORD000081,OC000081,2023-05-08 08:00:00,canceled
ORD000082,OC000082,2024-12-24 08:00:00,delivered
ORD000083,OC000083,2024-04-03 18:00:00,delivered
ORD000084,OC000084,2024-06-02 08:00:00,delivered
ORD000085,OC000085,2023-08-27 20:00:00,delivered
ORD000086,OC000086,2024-06-20 14:00:00,canceled
ORD000087,OC000087,2024-05-11 21:00:00,delivered
ORD000088,OC000088,2024-06-26 08:00:00,canceled
ORD000089,OC000089,2023-11-17 15:00:00,delivered
ORD000090,OC000090,2023-04-02 17:00:00,delivered
ORD000091,OC000091,2024-06-20 20:00:00,delivered
ORD000092,OC000092,2024-02-23 09:00:00,delivered
ORD000093,OC000093,2024-09-16 21:00:00,delivered
ORD000094,OC000094,2024-11-22 21:00:00,delivered
ORD000095,OC000095,2024-02-13 19:00:00,delivered
ORD000096,OC000096,2024-06-08 12:00:00,delivered
ORD000097,OC000097,2024-10-01 10:00:00,delivered
ORD000098,OC000098,2024-03-25 08:00:00,delivered
ORD000099,OC000099,2024-05-09 17:00:00,delivered
ORD000100,OC000100,2024-03-14 19:00:00,delivered
ORD000101,OC000101,2024-11-01 08:00:00,delivered
ORD000102,OC000102,2023-11-10 15:00:00,delivered
ORD000103,OC000103,2023-05-07 15:00:00,delivered
ORD000104,OC000104,2023-01-08 11:00:00,delivered
ORD000105,OC000105,2024-08-18 21:00:00,delivered
ORD000106,OC000106,2024-05-10 10:00:00,canceled
ORD000107,OC000107,2024-07-08 17:00:00,delivered
ORD000108,OC000108,2023-07-06 08:00:00,delivered
ORD000109,OC000109,2023-11-08 08:00:00,delivered
ORD000110,OC000110,2023-05-03 12:00:00,delivered
ORD000111,OC000111,2023-01-20 15:00:00,delivered
ORD000112,OC000112,2023-11-16 10:00:00,delivered
ORD000113,OC000113,2024-04-08 09:00:00,delivered
ORD000114,OC000114,2024-06-25 17:00:00,delivered
ORD000115,OC000115,2024-09-14 18:00:00,delivered
ORD000116,OC000116,2024-12-03 08:00:00,delivered
ORD000117,OC000117,2023-11-05 21:00:00,delivered
ORD000118,OC000118,2023-12-24 09:00:00,delivered
ORD000119,OC000119,2024-11-13 20:00:00,delivered
ORD000120,OC000120,2023-11-14 15:00:00,delivered
ORD000121,OC000121,2023-12-08 10:00:00,delivered
ORD000122,OC000122,2024-01-10 19:00:00,delivered
ORD000123,OC000123,2024-03-16 11:00:00,delivered
ORD000124,OC000124,2024-04-09 12:00:00,delivered
ORD000125,OC000125,2024-06-13 20:00:00,shipped
ORD000126,OC000126,2024-02-11 19:00:00,delivered
ORD000127,OC000127,2024-09-21 17:00:00,delivered
ORD000128,OC000128,2023-11-25 11:00:00,delivered
ORD000129,OC000129,2024-03-06 08:00:00,delivered
ORD000130,OC000130,2024-05-25 14:00:00,delivered
ORD000131,OC000131,2024-06-22 08:00:00,delivered
ORD000132,OC000132,2024-07-14 14:00:00,delivered
ORD000133,OC000133,2024-09-23 21:00:00,delivered
ORD000134,OC000134,2024-10-24 12:00:00,delivered
ORD000135,OC000135,2024-11-12 10:00:00,delivered
ORD000136,OC000136,2024-12-15 08:00:00,delivered
ORD000137,OC000137,2024-11-04 16:00:00,delivered
ORD000138,OC000138,2024-12-16 17:00:00,delivered
ORD000139,OC000139,2023-05-11 14:00:00,canceled
ORD000140,OC000140,2024-11-13 13:00:00,delivered
ORD000141,OC000141,2024-01-17 16:00:00,delivered
ORD000142,OC000142,2023-08-12 12:00:00,delivered
ORD000143,OC000143,2023-12-23 19:00:00,delivered
ORD000144,OC000144,2024-12-12 13:00:00,delivered
ORD000145,OC000145,2024-01-13 20:00:00,shipped
ORD000146,OC000146,2023-10-19 20:00:00,delivered
ORD000147,OC000147,2024-05-16 09:00:00,delivered
ORD000148,OC000148,2023-08-21 21:00:00,delivered
ORD000149,OC000149,2023-03-13 13:00:00,delivered
ORD000150,OC000150,2023-05-03 20:00:00,delivered
ORD000151,OC000151,2023-05-20 16:00:00,delivered
ORD000152,OC000152,2023-05-27 09:00:00,delivered
ORD000153,OC000153,2023-05-23 15:00:00,delivered
ORD000154,OC000154,2023-07-19 21:00:00,delivered
ORD000155,OC000155,2023-08-25 12:00:00,delivered
ORD000156,OC000156,2024-05-26 09:00:00,delivered
ORD000157,OC000157,2023-06-12 18:00:00,delivered
ORD000158,OC000158,2023-11-19 13:00:00,delivered
ORD000159,OC000159,2024-01-27 14:00:00,delivered
ORD000160,OC000160,2024-11-23 16:00:00,delivered
ORD000161,OC000161,2024-01-16 11:00:00,delivered
ORD000162,OC000162,2024-06-26 19:00:00,delivered
ORD000163,OC000163,2023-06-02 17:00:00,delivered
ORD000164,OC000164,2023-09-02 14:00:00,delivered
ORD000165,OC000165,2023-11-09 19:00:00,delivered
ORD000166,OC000166,2024-02-27 15:00:00,delivered
ORD000167,OC000167,2024-05-20 10:00:00,delivered
ORD000168,OC000168,2024-08-17 16:00:00,delivered
ORD000169,OC000169,2023-06-18 17:00:00,delivered
ORD000170,OC000170,2023-02-21 15:00:00,delivered
ORD000171,OC000171,2023-03-24 14:00:00,delivered
ORD000172,OC000172,2023-05-17 13:00:00,delivered
ORD000173,OC000173,2023-06-26 21:00:00,delivered
ORD000174,OC000174,2023-06-22 09:00:00,delivered
ORD000175,OC000175,2023-09-21 18:00:00,delivered
ORD000176,OC000176,2023-06-22 12:00:00,delivered
ORD000177,OC000177,2023-04-26 15:00:00,delivered
ORD000178,OC000178,2023-04-12 19:00:00,delivered
ORD000179,OC000179,2023-12-09 11:00:00,delivered
ORD000180,OC000180,2023-07-09 14:00:00,delivered
ORD000181,OC000181,2023-10-21 17:00:00,delivered
ORD000182,OC000182,2023-11-07 17:00:00,delivered
ORD000183,OC000183,2023-11-10 18:00:00,delivered
ORD000184,OC000184,2024-02-27 17:00:00,delivered
ORD000185,OC000185,2024-03-21 15:00:00,delivered
ORD000186,OC000186,2024-07-11 19:00:00,delivered
ORD000187,OC000187,2023-02-02 19:00:00,delivered
ORD000188,OC000188,2024-09-06 16:00:00,delivered
ORD000189,OC000189,2024-05-02 17:00:00,delivered
ORD000190,OC000190,2023-03-23 19:00:00,delivered
ORD000191,OC000191,2024-11-19 11:00:00,delivered
ORD000192,OC000192,2024-11-05 12:00:00,delivered
ORD000193,OC000193,2023-03-03 14:00:00,delivered
ORD000194,OC000194,2023-07-01 20:00:00,delivered
ORD000195,OC000195,2023-09-27 12:00:00,delivered
ORD000196,OC000196,2023-10-16 09:00:00,delivered
ORD000197,OC000197,2023-11-26 10:00:00,delivered
ORD000198,OC000198,2023-09-14 18:00:00,canceled
ORD000199,OC000199,2024-01-18 19:00:00,delivered
ORD000200,OC000200,2024-02-07 15:00:00,delivered
ORD000201,OC000201,2024-09-27 08:00:00,shipped
ORD000202,OC000202,2024-10-19 09:00:00,delivered
ORD000203,OC000203,2024-08-05 13:00:00,delivered
ORD000204,OC000204,2023-06-25 14:00:00,delivered
ORD000205,OC000205,2023-07-20 09:00:00,delivered
ORD000206,OC000206,2023-10-13 18:00:00,delivered
ORD000207,OC000207,2023-07-09 12:00:00,delivered
ORD000208,OC000208,2023-11-06 18:00:00,delivered
ORD000209,OC000209,2024-01-23 14:00:00,delivered
ORD000210,OC000210,2024-02-05 08:00:00,delivered
ORD000211,OC000211,2024-05-10 15:00:00,delivered
ORD000212,OC000212,2023-11-20 16:00:00,delivered
ORD000213,OC000213,2023-12-11 19:00:00,delivered
ORD000214,OC000214,2024-08-14 10:00:00,delivered
ORD000215,OC000215,2024-10-26 19:00:00,delivered
ORD000216,OC000216,2024-12-13 09:00:00,delivered
ORD000217,OC000217,2023-02-15 14:00:00,delivered
ORD000218,OC000218,2023-03-11 18:00:00,delivered
ORD000219,OC000219,2023-06-02 08:00:00,delivered
ORD000220,OC000220,2023-08-03 08:00:00,delivered
ORD000221,OC000221,2023-10-16 12:00:00,delivered
ORD000222,OC000222,2024-07-19 16:00:00,delivered
ORD000223,OC000223,2024-11-20 15:00:00,delivered
ORD000224,OC000224,2024-02-03 14:00:00,delivered
ORD000225,OC000225,2024-02-04 10:00:00,delivered
ORD000226,OC000226,2023-04-25 11:00:00,delivered
ORD000227,OC000227,2023-12-21 17:00:00,delivered
ORD000228,OC000228,2024-03-20 17:00:00,delivered
ORD000229,OC000229,2024-05-05 08:00:00,delivered
ORD000230,OC000230,2024-07-12 14:00:00,shipped
ORD000231,OC000231,2023-08-14 19:00:00,delivered
ORD000232,OC000232,2023-09-16 15:00:00,delivered
ORD000233,OC000233,2023-11-07 14:00:00,delivered
ORD000234,OC000234,2023-01-04 09:00:00,delivered
ORD000235,OC000235,2023-10-13 14:00:00,delivered
ORD000236,OC000236,2023-07-14 18:00:00,delivered
ORD000237,OC000237,2023-10-13 19:00:00,delivered
ORD000238,OC000238,2023-04-13 21:00:00,delivered
ORD000239,OC000239,2024-11-06 13:00:00,delivered
ORD000240,OC000240,2024-04-24 19:00:00,delivered
ORD000241,OC000241,2024-06-25 09:00:00,delivered
ORD000242,OC000242,2024-09-26 09:00:00,delivered
ORD000243,OC000243,2024-12-12 16:00:00,delivered
ORD000244,OC000244,2024-01-07 09:00:00,delivered
ORD000245,OC000245,2024-03-15 11:00:00,delivered
ORD000246,OC000246,2024-05-02 17:00:00,delivered
ORD000247,OC000247,2024-06-25 16:00:00,delivered
ORD000248,OC000248,2024-08-22 20:00:00,delivered
ORD000249,OC000249,2024-10-12 19:00:00,delivered
ORD000250,OC000250,2023-03-08 20:00:00,delivered
ORD000251,OC000251,2024-03-06 08:00:00,delivered
ORD000252,OC000252,2024-04-24 21:00:00,delivered
ORD000253,OC000253,2024-08-23 11:00:00,delivered
ORD000254,OC000254,2023-12-07 09:00:00,delivered
ORD000255,OC000255,2023-05-22 08:00:00,delivered
ORD000256,OC000256,2023-09-22 17:00:00,delivered
ORD000257,OC000257,2023-11-22 21:00:00,shipped
ORD000258,OC000258,2024-05-14 14:00:00,delivered
ORD000259,OC000259,2024-04-02 19:00:00,delivered
ORD000260,OC000260,2024-05-25 20:00:00,delivered
ORD000261,OC000261,2023-11-22 11:00:00,delivered
ORD000262,OC000262,2024-12-24 08:00:00,delivered
ORD000263,OC000263,2024-04-12 14:00:00,delivered
ORD000264,OC000264,2023-08-23 19:00:00,delivered
ORD000265,OC000265,2023-04-06 20:00:00,delivered
ORD000266,OC000266,2023-08-01 18:00:00,delivered
ORD000267,OC000267,2023-05-18 12:00:00,delivered
ORD000268,OC000268,2023-08-17 17:00:00,delivered
ORD000269,OC000269,2023-06-17 19:00:00,delivered
ORD000270,OC000270,2023-06-05 15:00:00,delivered
ORD000271,OC000271,2023-09-08 20:00:00,delivered
ORD000272,OC000272,2023-06-02 16:00:00,delivered
ORD000273,OC000273,2024-11-25 21:00:00,delivered
ORD000274,OC000274,2023-03-03 21:00:00,delivered
ORD000275,OC000275,2023-06-11 13:00:00,delivered
ORD000276,OC000276,2024-02-03 11:00:00,delivered
ORD000277,OC000277,2023-12-27 12:00:00,delivered
ORD000278,OC000278,2024-01-14 12:00:00,delivered
ORD000279,OC000279,2024-12-19 17:00:00,delivered
ORD000280,OC000280,2023-04-03 17:00:00,delivered
ORD000281,OC000281,2023-11-09 11:00:00,delivered
ORD000282,OC000282,2024-12-16 21:00:00,delivered
ORD000283,OC000283,2024-11-25 12:00:00,delivered
ORD000284,OC000284,2024-10-17 14:00:00,delivered
ORD000285,OC000285,2023-08-17 15:00:00,delivered
ORD000286,OC000286,2023-06-06 10:00:00,delivered
ORD000287,OC000287,2023-07-25 12:00:00,delivered
ORD000288,OC000288,2023-10-27 11:00:00,delivered
ORD000289,OC000289,2024-01-01 17:00:00,delivered
ORD000290,OC000290,2024-05-24 19:00:00,delivered
ORD000291,OC000291,2024-06-12 18:00:00,delivered
ORD000292,OC000292,2024-11-13 17:00:00,delivered
ORD000293,OC000293,2024-03-27 13:00:00,delivered
ORD000294,OC000294,2024-05-17 13:00:00,delivered
ORD000295,OC000295,2024-06-10 14:00:00,delivered
ORD000296,OC000296,2024-04-07 09:00:00,delivered
ORD000297,OC000297,2024-06-05 09:00:00,delivered
ORD000298,OC000298,2024-08-22 13:00:00,delivered
ORD000299,OC000299,2024-09-26 09:00:00,delivered
ORD000300,OC000300,2023-09-10 16:00:00,delivered
ORD000301,OC000301,2024-09-04 08:00:00,delivered
ORD000302,OC000302,2023-06-05 20:00:00,delivered
ORD000303,OC000303,2023-10-11 12:00:00,shipped
ORD000304,OC000304,2024-02-04 11:00:00,delivered
ORD000305,OC000305,2024-05-22 12:00:00,delivered
ORD000306,OC000306,2024-07-18 08:00:00,delivered
ORD000307,OC000307,2023-12-11 11:00:00,delivered
ORD000308,OC000308,2024-02-21 17:00:00,delivered
ORD000309,OC000309,2023-08-07 10:00:00,delivered
ORD000310,OC000310,2023-04-05 14:00:00,delivered
ORD000311,OC000311,2024-05-27 09:00:00,delivered
ORD000312,OC000312,2023-09-04 15:00:00,delivered
ORD000313,OC000313,2023-11-18 08:00:00,delivered
ORD000314,OC000314,2024-01-22 19:00:00,delivered
ORD000315,OC000315,2024-02-06 20:00:00,delivered
ORD000316,OC000316,2024-04-26 14:00:00,delivered
ORD000317,OC000317,2024-06-26 16:00:00,delivered
ORD000318,OC000318,2024-08-03 10:00:00,delivered
ORD000319,OC000319,2024-09-08 09:00:00,delivered
ORD000320,OC000320,2024-10-17 20:00:00,delivered
ORD000321,OC000321,2024-12-15 17:00:00,delivered
ORD000322,OC000322,2024-04-19 13:00:00,delivered
ORD000323,OC000323,2023-05-27 14:00:00,delivered
ORD000324,OC000324,2023-06-26 17:00:00,delivered
ORD000325,OC000325,2023-07-15 09:00:00,delivered
ORD000326,OC000326,2023-08-21 11:00:00,delivered
ORD000327,OC000327,2023-09-06 12:00:00,delivered
ORD000328,OC000328,2024-01-08 21:00:00,delivered
ORD000329,OC000329,2024-03-11 10:00:00,delivered
ORD000330,OC000330,2023-02-09 10:00:00,delivered
ORD000331,OC000331,2023-04-22 21:00:00,delivered
ORD000332,OC000332,2023-10-04 13:00:00,delivered
ORD000333,OC000333,2023-05-09 18:00:00,delivered
ORD000334,OC000334,2023-03-08 21:00:00,shipped
ORD000335,OC000335,2024-12-18 11:00:00,delivered
ORD000336,OC000336,2023-10-25 12:00:00,delivered
ORD000337,OC000337,2024-10-12 16:00:00,delivered
ORD000338,OC000338,2023-08-22 10:00:00,shipped
ORD000339,OC000339,2024-06-16 14:00:00,delivered
ORD000340,OC000340,2024-08-01 12:00:00,delivered
ORD000341,OC000341,2024-08-21 19:00:00,delivered
ORD000342,OC000342,2024-04-07 16:00:00,delivered
ORD000343,OC000343,2024-05-19 13:00:00,delivered
ORD000344,OC000344,2024-06-16 15:00:00,delivered
ORD000345,OC000345,2024-10-14 15:00:00,delivered
ORD000346,OC000346,2024-01-12 12:00:00,delivered
ORD000347,OC000347,2023-12-24 14:00:00,delivered
ORD000348,OC000348,2024-01-27 09:00:00,delivered
ORD000349,OC000349,2024-05-02 08:00:00,delivered
ORD000350,OC000350,2023-11-17 19:00:00,delivered
ORD000351,OC000351,2024-01-18 09:00:00,delivered
ORD000352,OC000352,2024-11-27 13:00:00,delivered
ORD000353,OC000353,2024-10-02 20:00:00,delivered
ORD000354,OC000354,2024-12-09 12:00:00,delivered
ORD000355,OC000355,2023-05-19 11:00:00,delivered
ORD000356,OC000356,2024-08-14 14:00:00,delivered
ORD000357,OC000357,2024-12-24 16:00:00,canceled
ORD000358,OC000358,2023-06-14 18:00:00,delivered
ORD000359,OC000359,2023-08-21 12:00:00,canceled
ORD000360,OC000360,2023-12-27 13:00:00,delivered
ORD000361,OC000361,2023-03-19 18:00:00,delivered
ORD000362,OC000362,2023-05-08 20:00:00,delivered
ORD000363,OC000363,2023-07-22 09:00:00,delivered
ORD000364,OC000364,2023-08-13 13:00:00,delivered
ORD000365,OC000365,2023-10-27 14:00:00,delivered
ORD000366,OC000366,2024-08-14 11:00:00,delivered
ORD000367,OC000367,2024-04-25 21:00:00,delivered
ORD000368,OC000368,2024-10-17 20:00:00,delivered
ORD000369,OC000369,2024-11-16 14:00:00,delivered
ORD000370,OC000370,2024-12-07 09:00:00,delivered
ORD000371,OC000371,2023-05-07 17:00:00,delivered
ORD000372,OC000372,2024-09-21 19:00:00,delivered
ORD000373,OC000373,2023-07-18 19:00:00,delivered
ORD000374,OC000374,2023-06-08 13:00:00,delivered
ORD000375,OC000375,2023-06-07 17:00:00,delivered
ORD000376,OC000376,2024-10-22 15:00:00,delivered
ORD000377,OC000377,2024-11-04 09:00:00,delivered
ORD000378,OC000378,2024-12-18 10:00:00,delivered
ORD000379,OC000379,2024-06-07 15:00:00,delivered
ORD000380,OC000380,2024-02-13 21:00:00,delivered
ORD000381,OC000381,2023-11-13 15:00:00,delivered
ORD000382,OC000382,2024-11-20 12:00:00,delivered
ORD000383,OC000383,2023-11-04 10:00:00,delivered
ORD000384,OC000384,2024-03-22 21:00:00,delivered
ORD000385,OC000385,2024-10-06 11:00:00,delivered
ORD000386,OC000386,2024-11-26 12:00:00,delivered
ORD000387,OC000387,2023-12-16 17:00:00,shipped
ORD000388,OC000388,2023-11-06 14:00:00,canceled
ORD000389,OC000389,2023-12-17 19:00:00,delivered
ORD000390,OC000390,2024-01-14 16:00:00,delivered
ORD000391,OC000391,2024-02-16 08:00:00,delivered
ORD000392,OC000392,2023-10-26 17:00:00,delivered
ORD000393,OC000393,2023-12-02 10:00:00,delivered
ORD000394,OC000394,2024-02-04 08:00:00,delivered
ORD000395,OC000395,2024-08-27 21:00:00,delivered
ORD000396,OC000396,2024-02-24 10:00:00,canceled
ORD000397,OC000397,2023-08-03 18:00:00,delivered
ORD000398,OC000398,2024-11-17 10:00:00,delivered
ORD000399,OC000399,2023-11-21 12:00:00,delivered
ORD000400,OC000400,2024-03-25 15:00:00,delivered
ORD000401,OC000401,2024-03-13 20:00:00,delivered
ORD000402,OC000402,2024-11-04 18:00:00,delivered
ORD000403,OC000403,2024-05-20 18:00:00,delivered
ORD000404,OC000404,2024-07-22 21:00:00,delivered
ORD000405,OC000405,2023-04-27 13:00:00,shipped
ORD000406,OC000406,2023-05-22 09:00:00,delivered
ORD000407,OC000407,2023-07-09 20:00:00,delivered
ORD000408,OC000408,2023-08-24 15:00:00,delivered
ORD000409,OC000409,2023-09-22 19:00:00,delivered
ORD000410,OC000410,2023-10-27 17:00:00,delivered
ORD000411,OC000411,2023-11-14 14:00:00,delivered
ORD000412,OC000412,2024-12-01 08:00:00,delivered
ORD000413,OC000413,2024-05-03 10:00:00,delivered
ORD000414,OC000414,2023-10-21 08:00:00,delivered
ORD000415,OC000415,2023-05-23 18:00:00,delivered
ORD000416,OC000416,2024-09-18 11:00:00,delivered
ORD000417,OC000417,2024-05-20 16:00:00,delivered
ORD000418,OC000418,2024-03-02 15:00:00,delivered
ORD000419,OC000419,2024-11-06 11:00:00,delivered
ORD000420,OC000420,2024-09-05 17:00:00,delivered
ORD000421,OC000421,2023-05-26 16:00:00,delivered
ORD000422,OC000422,2023-10-26 11:00:00,delivered
ORD000423,OC000423,2024-01-14 13:00:00,delivered
ORD000424,OC000424,2023-08-16 11:00:00,canceled
ORD000425,OC000425,2024-08-05 12:00:00,delivered
ORD000426,OC000426,2023-02-22 16:00:00,delivered
ORD000427,OC000427,2024-04-25 14:00:00,delivered
ORD000428,OC000428,2024-08-17 12:00:00,delivered
ORD000429,OC000429,2024-11-11 15:00:00,delivered
ORD000430,OC000430,2024-11-24 19:00:00,delivered
ORD000431,OC000431,2023-11-21 15:00:00,canceled
ORD000432,OC000432,2024-10-01 08:00:00,shipped
ORD000433,OC000433,2023-04-08 09:00:00,delivered
ORD000434,OC000434,2024-10-14 21:00:00,delivered
ORD000435,OC000435,2024-11-20 17:00:00,delivered
ORD000436,OC000436,2023-05-13 15:00:00,delivered
ORD000437,OC000437,2023-11-10 15:00:00,delivered
ORD000438,OC000438,2024-03-16 08:00:00,delivered
ORD000439,OC000439,2024-09-09 15:00:00,delivered
ORD000440,OC000440,2023-05-25 13:00:00,delivered
ORD000441,OC000441,2023-08-20 20:00:00,delivered
ORD000442,OC000442,2024-07-26 21:00:00,delivered
ORD000443,OC000443,2024-07-22 17:00:00,delivered
ORD000444,OC000444,2024-10-12 13:00:00,delivered
ORD000445,OC000445,2024-11-08 11:00:00,delivered
ORD000446,OC000446,2024-05-25 11:00:00,delivered
ORD000447,OC000447,2024-07-18 21:00:00,delivered
ORD000448,OC000448,2024-03-08 09:00:00,delivered
ORD000449,OC000449,2023-08-15 21:00:00,delivered
ORD000450,OC000450,2023-11-05 08:00:00,delivered
ORD000451,OC000451,2023-06-10 19:00:00,delivered
ORD000452,OC000452,2024-11-18 08:00:00,shipped
ORD000453,OC000453,2024-04-03 11:00:00,delivered
ORD000454,OC000454,2024-05-26 20:00:00,delivered
ORD000455,OC000455,2023-11-15 16:00:00,delivered
ORD000456,OC000456,2023-12-13 21:00:00,delivered
ORD000457,OC000457,2024-12-18 19:00:00,delivered
ORD000458,OC000458,2023-05-03 10:00:00,delivered
ORD000459,OC000459,2024-04-02 12:00:00,delivered
ORD000460,OC000460,2024-02-25 11:00:00,delivered
ORD000461,OC000461,2024-04-18 21:00:00,delivered
ORD000462,OC000462,2024-05-04 19:00:00,delivered
ORD000463,OC000463,2023-01-24 11:00:00,delivered
ORD000464,OC000464,2024-11-08 10:00:00,delivered
ORD000465,OC000465,2024-12-11 17:00:00,delivered
ORD000466,OC000466,2024-03-23 21:00:00,delivered
ORD000467,OC000467,2024-07-07 10:00:00,delivered
ORD000468,OC000468,2024-11-27 17:00:00,delivered
ORD000469,OC000469,2024-12-05 09:00:00,delivered
ORD000470,OC000470,2024-07-15 12:00:00,delivered
ORD000471,OC000471,2023-05-21 11:00:00,canceled
ORD000472,OC000472,2024-04-19 19:00:00,delivered
ORD000473,OC000473,2024-04-05 21:00:00,delivered
ORD000474,OC000474,2023-12-12 16:00:00,delivered
ORD000475,OC000475,2024-08-21 13:00:00,delivered
ORD000476,OC000476,2024-09-26 13:00:00,canceled
ORD000477,OC000477,2024-11-19 13:00:00,delivered
ORD000478,OC000478,2024-12-15 21:00:00,delivered
ORD000479,OC000479,2024-12-12 17:00:00,delivered
ORD000480,OC000480,2024-11-07 13:00:00,delivered
ORD000481,OC000481,2023-12-23 16:00:00,delivered
ORD000482,OC000482,2023-04-24 09:00:00,delivered
ORD000483,OC000483,2024-12-06 18:00:00,delivered
ORD000484,OC000484,2024-10-23 20:00:00,delivered
ORD000485,OC000485,2023-05-18 17:00:00,delivered
ORD000486,OC000486,2024-11-11 13:00:00,delivered
ORD000487,OC000487,2024-12-06 18:00:00,canceled
ORD000488,OC000488,2024-11-17 15:00:00,delivered
ORD000489,OC000489,2024-02-12 18:00:00,delivered
ORD000490,OC000490,2024-05-15 19:00:00,delivered
ORD000491,OC000491,2024-08-20 13:00:00,delivered
ORD000492,OC000492,2024-12-18 10:00:00,delivered
ORD000493,OC000493,2024-04-08 12:00:00,delivered
ORD000494,OC000494,2023-11-03 08:00:00,delivered
ORD000495,OC000495,2023-02-17 19:00:00,delivered
ORD000496,OC000496,2023-04-16 19:00:00,delivered
ORD000497,OC000497,2023-10-05 08:00:00,delivered
ORD000498,OC000498,2024-09-03 13:00:00,delivered
ORD000499,OC000499,2023-01-17 17:00:00,delivered
ORD000500,OC000500,2023-10-12 17:00:00,delivered
ORD000501,OC000501,2023-11-06 18:00:00,delivered
ORD000502,OC000502,2024-03-17 20:00:00,delivered
ORD000503,OC000503,2024-11-04 20:00:00,delivered
ORD000504,OC000504,2023-11-22 09:00:00,delivered
ORD000505,OC000505,2023-11-15 20:00:00,delivered
ORD000506,OC000506,2024-08-20 19:00:00,delivered
ORD000507,OC000507,2024-12-11 17:00:00,delivered
ORD000508,OC000508,2023-12-06 20:00:00,delivered
ORD000509,OC000509,2023-07-13 11:00:00,delivered
ORD000510,OC000510,2023-12-04 13:00:00,delivered
ORD000511,OC000511,2024-02-06 14:00:00,delivered
ORD000512,OC000512,2023-05-13 09:00:00,delivered
ORD000513,OC000513,2023-06-17 19:00:00,delivered
ORD000514,OC000514,2024-01-12 09:00:00,delivered
ORD000515,OC000515,2023-12-05 10:00:00,delivered
ORD000516,OC000516,2024-11-21 16:00:00,delivered
ORD000517,OC000517,2024-12-15 12:00:00,delivered
ORD000518,OC000518,2023-11-18 21:00:00,delivered
ORD000519,OC000519,2024-04-24 15:00:00,delivered
ORD000520,OC000520,2024-05-02 18:00:00,delivered
ORD000521,OC000521,2024-06-25 10:00:00,delivered
ORD000522,OC000522,2023-01-18 08:00:00,delivered
ORD000523,OC000523,2024-06-11 13:00:00,delivered
ORD000524,OC000524,2023-06-08 13:00:00,delivered
ORD000525,OC000525,2024-12-04 12:00:00,delivered
ORD000526,OC000526,2023-05-14 08:00:00,delivered
ORD000527,OC000527,2023-12-08 16:00:00,delivered
ORD000528,OC000528,2024-01-12 15:00:00,delivered
ORD000529,OC000529,2023-03-21 19:00:00,delivered
ORD000530,OC000530,2023-05-02 12:00:00,delivered
ORD000531,OC000531,2023-06-21 12:00:00,delivered
ORD000532,OC000532,2024-12-13 09:00:00,delivered
ORD000533,OC000533,2024-02-17 11:00:00,delivered
ORD000534,OC000534,2024-04-22 13:00:00,canceled
ORD000535,OC000535,2023-03-08 14:00:00,delivered
ORD000536,OC000536,2024-08-02 10:00:00,shipped
ORD000537,OC000537,2023-07-12 14:00:00,delivered
ORD000538,OC000538,2023-11-09 20:00:00,delivered
ORD000539,OC000539,2024-11-17 08:00:00,delivered
ORD000540,OC000540,2024-12-24 11:00:00,delivered
ORD000541,OC000541,2023-07-23 12:00:00,delivered
ORD000542,OC000542,2023-09-18 21:00:00,delivered
ORD000543,OC000543,2023-06-16 15:00:00,delivered
ORD000544,OC000544,2023-02-16 20:00:00,delivered
ORD000545,OC000545,2024-01-25 09:00:00,delivered
ORD000546,OC000546,2024-03-15 08:00:00,delivered
ORD000547,OC000547,2023-03-09 14:00:00,canceled
ORD000548,OC000548,2024-09-11 17:00:00,delivered
ORD000549,OC000549,2023-12-15 12:00:00,delivered
ORD000550,OC000550,2024-02-18 19:00:00,delivered
ORD000551,OC000551,2023-12-06 14:00:00,delivered
ORD000552,OC000552,2023-11-15 15:00:00,delivered
ORD000553,OC000553,2024-03-13 21:00:00,delivered
ORD000554,OC000554,2023-05-20 14:00:00,delivered
ORD000555,OC000555,2023-06-11 21:00:00,delivered
ORD000556,OC000556,2024-11-12 15:00:00,delivered
ORD000557,OC000557,2024-12-20 20:00:00,delivered
ORD000558,OC000558,2024-12-09 14:00:00,delivered
ORD000559,OC000559,2023-11-22 14:00:00,delivered
ORD000560,OC000560,2023-09-05 10:00:00,delivered
ORD000561,OC000561,2024-05-16 12:00:00,shipped
ORD000562,OC000562,2023-12-11 13:00:00,delivered
ORD000563,OC000563,2023-01-12 19:00:00,delivered
ORD000564,OC000564,2023-05-11 11:00:00,shipped
ORD000565,OC000565,2024-07-14 14:00:00,delivered
ORD000566,OC000566,2024-06-22 12:00:00,delivered
ORD000567,OC000567,2024-08-06 14:00:00,delivered
ORD000568,OC000568,2024-10-20 15:00:00,delivered
ORD000569,OC000569,2024-12-18 15:00:00,delivered
ORD000570,OC000570,2023-01-06 13:00:00,delivered
ORD000571,OC000571,2023-07-26 12:00:00,delivered
ORD000572,OC000572,2023-08-02 11:00:00,delivered
ORD000573,OC000573,2024-06-04 14:00:00,delivered
ORD000574,OC000574,2023-01-20 21:00:00,delivered
ORD000575,OC000575,2023-04-27 21:00:00,delivered
ORD000576,OC000576,2024-09-08 08:00:00,delivered
ORD000577,OC000577,2023-06-22 09:00:00,delivered
ORD000578,OC000578,2023-08-16 13:00:00,delivered
ORD000579,OC000579,2023-09-26 14:00:00,delivered
ORD000580,OC000580,2023-10-01 20:00:00,delivered
ORD000581,OC000581,2023-11-26 18:00:00,delivered
ORD000582,OC000582,2024-01-17 14:00:00,delivered
ORD000583,OC000583,2024-03-17 15:00:00,delivered
ORD000584,OC000584,2024-05-04 21:00:00,delivered
ORD000585,OC000585,2024-07-25 16:00:00,delivered
ORD000586,OC000586,2024-08-01 14:00:00,delivered
ORD000587,OC000587,2024-06-23 19:00:00,shipped
ORD000588,OC000588,2024-08-22 17:00:00,delivered
ORD000589,OC000589,2023-08-25 21:00:00,delivered
ORD000590,OC000590,2023-04-03 15:00:00,delivered
ORD000591,OC000591,2023-08-15 18:00:00,delivered
ORD000592,OC000592,2024-07-23 09:00:00,delivered
ORD000593,OC000593,2024-11-01 15:00:00,delivered
ORD000594,OC000594,2024-10-05 16:00:00,delivered
ORD000595,OC000595,2024-10-20 16:00:00,delivered
ORD000596,OC000596,2024-11-03 12:00:00,delivered
ORD000597,OC000597,2023-11-21 14:00:00,delivered
ORD000598,OC000598,2024-06-01 19:00:00,delivered
ORD000599,OC000599,2023-07-05 21:00:00,delivered
ORD000600,OC000600,2023-09-05 11:00:00,delivered
ORD000601,OC000601,2024-11-13 12:00:00,delivered
ORD000602,OC000602,2023-01-24 15:00:00,delivered
ORD000603,OC000603,2023-03-12 15:00:00,shipped
ORD000604,OC000604,2023-07-09 17:00:00,delivered
ORD000605,OC000605,2023-01-14 10:00:00,shipped
ORD000606,OC000606,2023-06-18 16:00:00,delivered
ORD000607,OC000607,2024-04-22 09:00:00,delivered
ORD000608,OC000608,2023-12-25 20:00:00,delivered
ORD000609,OC000609,2024-11-07 19:00:00,delivered
ORD000610,OC000610,2024-10-24 10:00:00,shipped
ORD000611,OC000611,2023-10-18 12:00:00,delivered
ORD000612,OC000612,2023-08-23 21:00:00,delivered
ORD000613,OC000613,2023-12-21 20:00:00,delivered
ORD000614,OC000614,2024-01-05 16:00:00,delivered
ORD000615,OC000615,2023-11-26 13:00:00,delivered
ORD000616,OC000616,2024-04-14 11:00:00,delivered
ORD000617,OC000617,2023-09-27 08:00:00,delivered
ORD000618,OC000618,2024-05-24 10:00:00,delivered
ORD000619,OC000619,2023-12-22 10:00:00,delivered
ORD000620,OC000620,2024-02-25 14:00:00,delivered
ORD000621,OC000621,2024-04-04 17:00:00,delivered
ORD000622,OC000622,2024-05-24 21:00:00,delivered
ORD000623,OC000623,2024-06-12 13:00:00,delivered
ORD000624,OC000624,2024-07-25 20:00:00,delivered
ORD000625,OC000625,2024-08-08 17:00:00,delivered
ORD000626,OC000626,2024-09-10 11:00:00,delivered
ORD000627,OC000627,2024-11-17 12:00:00,delivered
ORD000628,OC000628,2024-03-03 14:00:00,delivered
ORD000629,OC000629,2023-12-15 19:00:00,delivered
ORD000630,OC000630,2023-09-04 16:00:00,delivered
ORD000631,OC000631,2023-11-08 08:00:00,delivered
ORD000632,OC000632,2024-12-14 13:00:00,delivered
ORD000633,OC000633,2024-08-12 16:00:00,delivered
ORD000634,OC000634,2024-09-10 09:00:00,delivered
ORD000635,OC000635,2023-05-19 09:00:00,delivered
ORD000636,OC000636,2024-11-03 14:00:00,delivered
ORD000637,OC000637,2024-12-21 19:00:00,delivered
ORD000638,OC000638,2024-01-26 13:00:00,delivered
ORD000639,OC000639,2024-11-19 21:00:00,delivered
ORD000640,OC000640,2024-09-07 11:00:00,delivered
ORD000641,OC000641,2023-12-06 12:00:00,delivered
ORD000642,OC000642,2024-01-10 13:00:00,delivered
ORD000643,OC000643,2024-03-18 11:00:00,delivered
ORD000644,OC000644,2024-04-03 21:00:00,delivered
ORD000645,OC000645,2024-05-19 15:00:00,delivered
ORD000646,OC000646,2024-07-21 17:00:00,delivered
ORD000647,OC000647,2024-09-27 16:00:00,delivered
ORD000648,OC000648,2023-01-17 09:00:00,delivered
ORD000649,OC000649,2023-09-24 21:00:00,delivered
ORD000650,OC000650,2024-03-10 12:00:00,delivered
ORD000651,OC000651,2024-05-24 17:00:00,delivered
ORD000652,OC000652,2023-08-19 18:00:00,delivered
ORD000653,OC000653,2023-05-23 19:00:00,delivered
ORD000654,OC000654,2023-07-23 19:00:00,delivered
ORD000655,OC000655,2023-08-25 13:00:00,delivered
ORD000656,OC000656,2023-09-04 13:00:00,delivered
ORD000657,OC000657,2023-11-16 12:00:00,delivered
ORD000658,OC000658,2023-12-17 08:00:00,delivered
ORD000659,OC000659,2024-02-25 13:00:00,delivered
ORD000660,OC000660,2024-10-26 16:00:00,shipped
ORD000661,OC000661,2024-12-16 10:00:00,canceled
ORD000662,OC000662,2024-02-13 19:00:00,canceled
ORD000663,OC000663,2023-06-14 11:00:00,delivered
ORD000664,OC000664,2023-09-10 12:00:00,delivered
ORD000665,OC000665,2023-01-16 12:00:00,delivered
ORD000666,OC000666,2024-11-15 16:00:00,delivered
ORD000667,OC000667,2023-04-09 13:00:00,delivered
ORD000668,OC000668,2024-04-15 13:00:00,delivered
ORD000669,OC000669,2023-09-08 11:00:00,delivered
ORD000670,OC000670,2023-11-22 13:00:00,delivered
ORD000671,OC000671,2024-03-09 20:00:00,delivered
ORD000672,OC000672,2024-06-10 08:00:00,delivered
ORD000673,OC000673,2024-10-08 14:00:00,delivered
ORD000674,OC000674,2023-07-23 19:00:00,delivered
ORD000675,OC000675,2023-01-13 10:00:00,delivered
ORD000676,OC000676,2023-05-15 11:00:00,delivered
ORD000677,OC000677,2023-09-22 15:00:00,delivered
ORD000678,OC000678,2023-11-13 09:00:00,delivered
ORD000679,OC000679,2024-11-19 14:00:00,delivered
ORD000680,OC000680,2024-11-22 13:00:00,delivered
ORD000681,OC000681,2024-04-15 19:00:00,delivered
ORD000682,OC000682,2024-04-17 14:00:00,delivered
ORD000683,OC000683,2024-06-22 21:00:00,delivered
ORD000684,OC000684,2023-06-15 08:00:00,delivered
ORD000685,OC000685,2023-08-03 17:00:00,delivered
ORD000686,OC000686,2023-10-02 15:00:00,delivered
ORD000687,OC000687,2023-12-14 21:00:00,delivered
ORD000688,OC000688,2024-02-11 09:00:00,delivered
ORD000689,OC000689,2024-03-19 15:00:00,delivered
ORD000690,OC000690,2024-11-18 15:00:00,canceled
ORD000691,OC000691,2023-12-18 11:00:00,delivered
ORD000692,OC000692,2023-11-01 13:00:00,delivered
ORD000693,OC000693,2024-01-14 11:00:00,delivered
ORD000694,OC000694,2024-02-16 16:00:00,delivered
ORD000695,OC000695,2023-02-08 20:00:00,delivered
ORD000696,OC000696,2023-06-24 20:00:00,delivered
ORD000697,OC000697,2024-08-12 17:00:00,delivered
ORD000698,OC000698,2023-03-21 11:00:00,delivered
ORD000699,OC000699,2024-04-18 18:00:00,delivered
ORD000700,OC000700,2023-08-24 20:00:00,delivered
ORD000701,OC000701,2023-11-09 09:00:00,delivered
ORD000702,OC000702,2023-09-17 09:00:00,delivered
ORD000703,OC000703,2023-11-21 09:00:00,delivered
ORD000704,OC000704,2024-07-18 15:00:00,delivered
ORD000705,OC000705,2023-09-26 19:00:00,delivered
ORD000706,OC000706,2024-03-06 12:00:00,delivered
ORD000707,OC000707,2024-01-12 12:00:00,delivered
ORD000708,OC000708,2024-06-22 15:00:00,delivered
ORD000709,OC000709,2024-08-22 21:00:00,delivered
ORD000710,OC000710,2024-12-07 12:00:00,delivered
ORD000711,OC000711,2024-08-11 20:00:00,delivered
ORD000712,OC000712,2023-07-17 09:00:00,delivered
ORD000713,OC000713,2023-10-14 15:00:00,delivered
ORD000714,OC000714,2023-02-07 16:00:00,delivered
ORD000715,OC000715,2023-09-03 09:00:00,delivered
ORD000716,OC000716,2023-11-27 19:00:00,delivered
ORD000717,OC000717,2024-04-26 19:00:00,delivered
ORD000718,OC000718,2023-02-09 14:00:00,delivered
ORD000719,OC000719,2024-01-15 12:00:00,delivered
ORD000720,OC000720,2024-04-26 18:00:00,delivered
ORD000721,OC000721,2023-10-18 08:00:00,delivered
ORD000722,OC000722,2024-01-17 09:00:00,delivered
ORD000723,OC000723,2024-09-19 18:00:00,delivered
ORD000724,OC000724,2023-04-18 21:00:00,delivered
ORD000725,OC000725,2023-03-12 10:00:00,delivered
ORD000726,OC000726,2024-08-17 10:00:00,delivered
ORD000727,OC000727,2024-01-13 10:00:00,delivered
ORD000728,OC000728,2024-03-07 16:00:00,delivered
ORD000729,OC000729,2024-04-03 13:00:00,delivered
ORD000730,OC000730,2024-05-06 18:00:00,delivered
ORD000731,OC000731,2024-07-16 12:00:00,delivered
ORD000732,OC000732,2023-12-17 13:00:00,delivered
ORD000733,OC000733,2023-08-14 14:00:00,delivered
ORD000734,OC000734,2024-10-26 19:00:00,delivered
ORD000735,OC000735,2024-09-18 20:00:00,delivered
ORD000736,OC000736,2024-07-25 08:00:00,delivered
ORD000737,OC000737,2023-09-20 18:00:00,delivered
ORD000738,OC000738,2024-04-16 18:00:00,delivered
ORD000739,OC000739,2023-11-26 08:00:00,delivered
ORD000740,OC000740,2023-04-05 21:00:00,delivered
ORD000741,OC000741,2024-11-03 08:00:00,delivered
ORD000742,OC000742,2023-05-02 14:00:00,delivered
ORD000743,OC000743,2024-12-11 09:00:00,delivered
ORD000744,OC000744,2023-12-15 20:00:00,delivered
ORD000745,OC000745,2023-06-03 19:00:00,delivered
ORD000746,OC000746,2023-09-03 13:00:00,delivered
ORD000747,OC000747,2023-10-21 18:00:00,delivered
ORD000748,OC000748,2024-03-16 13:00:00,delivered
ORD000749,OC000749,2024-11-19 21:00:00,delivered
ORD000750,OC000750,2024-08-04 16:00:00,delivered
ORD000751,OC000751,2024-09-27 16:00:00,delivered
ORD000752,OC000752,2024-06-18 14:00:00,delivered
ORD000753,OC000753,2024-07-07 12:00:00,delivered
ORD000754,OC000754,2024-10-13 20:00:00,delivered
ORD000755,OC000755,2023-08-15 20:00:00,delivered
ORD000756,OC000756,2024-01-23 15:00:00,delivered
ORD000757,OC000757,2023-07-01 10:00:00,delivered
ORD000758,OC000758,2024-12-05 15:00:00,delivered
ORD000759,OC000759,2024-12-19 08:00:00,delivered
ORD000760,OC000760,2023-02-21 12:00:00,delivered
ORD000761,OC000761,2024-07-10 13:00:00,delivered
ORD000762,OC000762,2024-11-25 14:00:00,delivered
ORD000763,OC000763,2024-12-18 20:00:00,delivered
ORD000764,OC000764,2024-11-18 14:00:00,delivered
ORD000765,OC000765,2023-06-11 08:00:00,delivered
ORD000766,OC000766,2023-07-01 20:00:00,delivered
ORD000767,OC000767,2024-03-25 14:00:00,delivered
ORD000768,OC000768,2024-05-21 10:00:00,delivered
ORD000769,OC000769,2024-06-13 16:00:00,delivered
ORD000770,OC000770,2024-08-10 14:00:00,delivered
ORD000771,OC000771,2024-09-16 08:00:00,delivered
ORD000772,OC000772,2024-10-22 18:00:00,delivered
ORD000773,OC000773,2024-11-08 16:00:00,delivered
ORD000774,OC000774,2024-11-18 19:00:00,delivered
ORD000775,OC000775,2023-02-09 14:00:00,delivered
ORD000776,OC000776,2024-07-18 08:00:00,delivered
ORD000777,OC000777,2023-09-26 17:00:00,delivered
ORD000778,OC000778,2024-11-07 15:00:00,delivered
ORD000779,OC000779,2024-12-10 10:00:00,delivered
ORD000780,OC000780,2024-12-21 11:00:00,delivered
ORD000781,OC000781,2024-01-04 13:00:00,delivered
ORD000782,OC000782,2024-05-16 13:00:00,delivered
ORD000783,OC000783,2024-11-21 17:00:00,delivered
ORD000784,OC000784,2024-10-17 11:00:00,delivered
ORD000785,OC000785,2023-10-16 15:00:00,delivered
ORD000786,OC000786,2023-11-23 11:00:00,delivered
ORD000787,OC000787,2024-10-03 18:00:00,delivered
ORD000788,OC000788,2023-02-15 08:00:00,delivered
ORD000789,OC000789,2024-04-20 16:00:00,delivered
ORD000790,OC000790,2023-08-02 17:00:00,delivered
ORD000791,OC000791,2023-04-10 11:00:00,delivered
ORD000792,OC000792,2023-03-09 10:00:00,delivered
ORD000793,OC000793,2024-07-03 17:00:00,delivered
ORD000794,OC000794,2024-09-17 10:00:00,delivered
ORD000795,OC000795,2024-11-20 10:00:00,delivered
ORD000796,OC000796,2023-10-09 19:00:00,delivered
ORD000797,OC000797,2023-11-05 10:00:00,delivered
ORD000798,OC000798,2024-01-22 17:00:00,delivered
ORD000799,OC000799,2024-07-20 17:00:00,delivered
ORD000800,OC000800,2023-03-17 20:00:00,delivered
ORD000801,OC000801,2023-06-03 13:00:00,delivered
ORD000802,OC000802,2023-09-16 18:00:00,canceled
ORD000803,OC000803,2023-10-27 17:00:00,delivered
ORD000804,OC000804,2023-10-11 15:00:00,delivered
ORD000805,OC000805,2024-03-07 18:00:00,delivered
ORD000806,OC000806,2024-05-07 11:00:00,delivered
ORD000807,OC000807,2024-07-17 08:00:00,delivered
ORD000808,OC000808,2024-08-12 16:00:00,delivered
ORD000809,OC000809,2024-10-19 17:00:00,delivered
ORD000810,OC000810,2024-12-19 13:00:00,delivered
ORD000811,OC000811,2024-09-18 18:00:00,delivered
ORD000812,OC000812,2023-10-10 20:00:00,delivered
ORD000813,OC000813,2024-05-18 20:00:00,shipped
ORD000814,OC000814,2024-11-05 14:00:00,delivered
ORD000815,OC000815,2024-05-13 09:00:00,delivered
ORD000816,OC000816,2023-08-18 11:00:00,delivered
ORD000817,OC000817,2023-01-04 14:00:00,delivered
ORD000818,OC000818,2024-11-07 14:00:00,delivered
ORD000819,OC000819,2023-01-22 16:00:00,delivered
ORD000820,OC000820,2024-11-11 12:00:00,delivered
ORD000821,OC000821,2024-12-04 21:00:00,delivered
ORD000822,OC000822,2024-02-10 17:00:00,delivered
ORD000823,OC000823,2024-05-26 16:00:00,delivered
ORD000824,OC000824,2024-09-16 11:00:00,delivered
ORD000825,OC000825,2024-11-13 13:00:00,delivered
ORD000826,OC000826,2024-12-06 09:00:00,delivered
ORD000827,OC000827,2024-12-03 08:00:00,delivered
ORD000828,OC000828,2024-09-06 21:00:00,delivered
ORD000829,OC000829,2024-12-13 15:00:00,delivered
ORD000830,OC000830,2023-11-09 16:00:00,delivered
ORD000831,OC000831,2024-09-23 09:00:00,delivered
ORD000832,OC000832,2023-11-22 15:00:00,delivered
ORD000833,OC000833,2024-01-09 13:00:00,delivered
ORD000834,OC000834,2024-03-27 08:00:00,delivered
ORD000835,OC000835,2024-05-04 08:00:00,delivered
ORD000836,OC000836,2024-06-22 19:00:00,delivered
ORD000837,OC000837,2024-08-07 14:00:00,delivered
ORD000838,OC000838,2024-10-20 08:00:00,delivered
ORD000839,OC000839,2024-11-05 20:00:00,delivered
ORD000840,OC000840,2024-12-14 16:00:00,delivered
ORD000841,OC000841,2024-09-13 12:00:00,delivered
ORD000842,OC000842,2023-12-08 15:00:00,delivered
ORD000843,OC000843,2023-12-16 17:00:00,delivered
ORD000844,OC000844,2024-08-07 10:00:00,delivered
ORD000845,OC000845,2023-08-18 10:00:00,canceled
ORD000846,OC000846,2023-04-23 21:00:00,delivered
ORD000847,OC000847,2023-05-13 13:00:00,shipped
ORD000848,OC000848,2023-07-08 09:00:00,delivered
ORD000849,OC000849,2023-09-26 15:00:00,delivered
ORD000850,OC000850,2023-11-16 10:00:00,delivered
ORD000851,OC000851,2023-11-13 12:00:00,delivered
ORD000852,OC000852,2024-02-09 19:00:00,delivered
ORD000853,OC000853,2023-09-12 09:00:00,delivered
ORD000854,OC000854,2023-12-01 15:00:00,delivered
ORD000855,OC000855,2024-04-04 16:00:00,canceled
ORD000856,OC000856,2024-06-13 15:00:00,delivered
ORD000857,OC000857,2024-10-01 18:00:00,delivered
ORD000858,OC000858,2024-12-15 14:00:00,delivered
ORD000859,OC000859,2023-09-05 14:00:00,delivered
ORD000860,OC000860,2023-08-16 18:00:00,delivered
ORD000861,OC000861,2023-02-21 12:00:00,delivered
ORD000862,OC000862,2023-04-05 17:00:00,delivered
ORD000863,OC000863,2023-06-24 12:00:00,delivered
ORD000864,OC000864,2023-01-26 12:00:00,delivered
ORD000865,OC000865,2024-12-11 11:00:00,delivered
ORD000866,OC000866,2023-12-01 10:00:00,delivered
ORD000867,OC000867,2024-04-10 13:00:00,delivered
ORD000868,OC000868,2024-07-14 10:00:00,delivered
ORD000869,OC000869,2023-11-17 18:00:00,delivered
ORD000870,OC000870,2024-06-10 18:00:00,delivered
ORD000871,OC000871,2023-07-01 18:00:00,delivered
ORD000872,OC000872,2023-10-17 17:00:00,delivered
ORD000873,OC000873,2024-12-21 10:00:00,delivered
ORD000874,OC000874,2024-09-02 08:00:00,delivered
ORD000875,OC000875,2023-04-01 17:00:00,delivered
ORD000876,OC000876,2023-12-14 14:00:00,delivered
ORD000877,OC000877,2024-11-08 15:00:00,delivered
ORD000878,OC000878,2024-12-24 18:00:00,delivered
ORD000879,OC000879,2024-01-13 17:00:00,delivered
ORD000880,OC000880,2024-05-02 08:00:00,delivered
ORD000881,OC000881,2023-06-10 17:00:00,delivered
ORD000882,OC000882,2024-12-07 08:00:00,delivered
ORD000883,OC000883,2023-08-15 18:00:00,delivered
ORD000884,OC000884,2024-12-05 13:00:00,delivered
ORD000885,OC000885,2024-06-08 21:00:00,delivered
ORD000886,OC000886,2024-05-18 16:00:00,delivered
ORD000887,OC000887,2024-02-23 17:00:00,delivered
ORD000888,OC000888,2023-08-12 17:00:00,delivered
ORD000889,OC000889,2023-06-22 20:00:00,delivered
ORD000890,OC000890,2023-07-23 12:00:00,delivered
ORD000891,OC000891,2023-06-26 12:00:00,delivered
ORD000892,OC000892,2024-09-12 21:00:00,delivered
ORD000893,OC000893,2023-11-03 17:00:00,shipped
ORD000894,OC000894,2023-03-15 21:00:00,delivered
ORD000895,OC000895,2023-04-23 20:00:00,delivered
ORD000896,OC000896,2024-12-20 12:00:00,delivered
ORD000897,OC000897,2024-11-15 18:00:00,delivered
ORD000898,OC000898,2024-11-23 16:00:00,canceled
ORD000899,OC000899,2024-12-19 17:00:00,delivered
ORD000900,OC000900,2023-06-01 12:00:00,delivered
ORD000901,OC000901,2023-07-01 10:00:00,delivered
ORD000902,OC000902,2023-11-25 19:00:00,delivered
ORD000903,OC000903,2024-01-25 08:00:00,delivered
ORD000904,OC000904,2024-02-24 14:00:00,delivered
ORD000905,OC000905,2024-03-01 15:00:00,delivered
ORD000906,OC000906,2024-04-18 15:00:00,delivered
ORD000907,OC000907,2024-05-04 11:00:00,delivered
ORD000908,OC000908,2024-07-05 12:00:00,delivered
ORD000909,OC000909,2024-08-02 18:00:00,delivered
ORD000910,OC000910,2024-09-08 15:00:00,delivered
ORD000911,OC000911,2024-11-13 14:00:00,delivered
ORD000912,OC000912,2024-12-21 16:00:00,delivered
ORD000913,OC000913,2024-08-14 21:00:00,delivered
ORD000914,OC000914,2024-07-24 17:00:00,delivered
ORD000915,OC000915,2024-09-01 15:00:00,delivered
ORD000916,OC000916,2024-10-16 14:00:00,delivered
ORD000917,OC000917,2024-12-25 09:00:00,delivered
ORD000918,OC000918,2023-05-25 11:00:00,delivered
ORD000919,OC000919,2024-10-17 16:00:00,delivered
ORD000920,OC000920,2023-07-24 16:00:00,delivered
ORD000921,OC000921,2023-07-09 19:00:00,delivered
ORD000922,OC000922,2024-03-15 10:00:00,shipped
ORD000923,OC000923,2024-04-10 21:00:00,delivered
ORD000924,OC000924,2024-06-06 14:00:00,delivered
ORD000925,OC000925,2024-04-04 20:00:00,delivered
ORD000926,OC000926,2023-04-23 15:00:00,delivered
ORD000927,OC000927,2024-11-27 09:00:00,canceled
ORD000928,OC000928,2023-09-21 09:00:00,delivered
ORD000929,OC000929,2023-05-25 20:00:00,delivered
ORD000930,OC000930,2024-11-26 21:00:00,delivered
ORD000931,OC000931,2024-12-18 20:00:00,delivered
ORD000932,OC000932,2024-11-05 14:00:00,shipped
ORD000933,OC000933,2024-10-05 11:00:00,delivered
ORD000934,OC000934,2024-11-05 12:00:00,delivered
ORD000935,OC000935,2024-06-16 11:00:00,delivered
ORD000936,OC000936,2024-03-19 12:00:00,delivered
ORD000937,OC000937,2024-04-23 11:00:00,delivered
ORD000938,OC000938,2023-03-25 11:00:00,delivered
ORD000939,OC000939,2023-12-22 21:00:00,delivered
ORD000940,OC000940,2023-11-16 20:00:00,delivered
ORD000941,OC000941,2023-08-12 15:00:00,delivered
ORD000942,OC000942,2024-07-23 15:00:00,delivered
ORD000943,OC000943,2024-01-03 15:00:00,delivered
ORD000944,OC000944,2023-03-21 19:00:00,delivered
ORD000945,OC000945,2023-05-11 17:00:00,delivered
ORD000946,OC000946,2023-09-17 10:00:00,delivered
ORD000947,OC000947,2023-10-18 12:00:00,delivered
ORD000948,OC000948,2023-07-14 20:00:00,delivered
ORD000949,OC000949,2024-06-11 10:00:00,delivered
ORD000950,OC000950,2023-03-20 13:00:00,delivered
ORD000951,OC000951,2024-10-09 10:00:00,delivered
ORD000952,OC000952,2024-01-27 15:00:00,delivered
ORD000953,OC000953,2024-01-25 20:00:00,delivered
ORD000954,OC000954,2024-03-06 21:00:00,delivered
ORD000955,OC000955,2024-04-21 09:00:00,delivered
ORD000956,OC000956,2024-08-06 19:00:00,delivered
ORD000957,OC000957,2024-09-04 20:00:00,delivered
ORD000958,OC000958,2024-10-17 20:00:00,delivered
ORD000959,OC000959,2023-11-11 17:00:00,delivered
ORD000960,OC000960,2024-06-04 09:00:00,delivered
ORD000961,OC000961,2024-03-07 12:00:00,delivered
ORD000962,OC000962,2023-09-26 19:00:00,delivered
ORD000963,OC000963,2023-11-01 18:00:00,delivered
ORD000964,OC000964,2023-12-14 15:00:00,delivered
ORD000965,OC000965,2024-02-08 09:00:00,delivered
ORD000966,OC000966,2024-11-23 11:00:00,delivered
ORD000967,OC000967,2024-09-01 13:00:00,delivered
ORD000968,OC000968,2024-06-10 17:00:00,delivered
ORD000969,OC000969,2024-10-19 19:00:00,delivered
ORD000970,OC000970,2024-12-22 19:00:00,delivered
ORD000971,OC000971,2024-11-26 13:00:00,delivered
ORD000972,OC000972,2024-07-21 19:00:00,delivered
ORD000973,OC000973,2024-10-02 11:00:00,delivered
ORD000974,OC000974,2024-07-22 13:00:00,delivered
ORD000975,OC000975,2024-08-18 21:00:00,delivered
ORD000976,OC000976,2024-06-20 21:00:00,delivered
ORD000977,OC000977,2024-05-09 08:00:00,delivered
ORD000978,OC000978,2024-08-06 16:00:00,delivered
ORD000979,OC000979,2023-06-04 19:00:00,delivered
ORD000980,OC000980,2024-11-11 11:00:00,delivered
ORD000981,OC000981,2024-11-18 20:00:00,delivered
ORD000982,OC000982,2023-02-05 18:00:00,delivered
ORD000983,OC000983,2023-03-18 20:00:00,delivered
ORD000984,OC000984,2023-06-27 21:00:00,delivered
ORD000985,OC000985,2023-10-04 16:00:00,delivered
ORD000986,OC000986,2024-10-06 10:00:00,delivered
ORD000987,OC000987,2023-05-02 14:00:00,delivered
ORD000988,OC000988,2023-10-08 13:00:00,delivered
ORD000989,OC000989,2024-08-25 21:00:00,delivered
ORD000990,OC000990,2023-06-11 09:00:00,delivered
ORD000991,OC000991,2023-07-09 19:00:00,delivered
ORD000992,OC000992,2023-08-21 10:00:00,delivered
ORD000993,OC000993,2024-10-04 09:00:00,delivered
ORD000994,OC000994,2024-10-25 17:00:00,delivered
ORD000995,OC000995,2024-02-25 13:00:00,delivered
ORD000996,OC000996,2023-01-09 14:00:00,delivered
ORD000997,OC000997,2023-09-03 09:00:00,delivered
ORD000998,OC000998,2024-05-05 15:00:00,shipped
ORD000999,OC000999,2024-12-27 13:00:00,delivered
ORD001000,OC001000,2024-05-20 08:00:00,delivered
ORD001001,OC001001,2023-08-26 13:00:00,delivered
ORD001002,OC001002,2024-05-14 20:00:00,delivered
ORD001003,OC001003,2024-07-12 20:00:00,delivered
ORD001004,OC001004,2024-09-18 20:00:00,delivered
ORD001005,OC001005,2024-10-25 14:00:00,delivered
ORD001006,OC001006,2024-12-09 15:00:00,delivered
ORD001007,OC001007,2024-03-02 18:00:00,delivered
ORD001008,OC001008,2024-04-15 15:00:00,delivered
ORD001009,OC001009,2024-06-17 13:00:00,delivered
ORD001010,OC001010,2024-07-02 12:00:00,delivered
ORD001011,OC001011,2024-09-26 08:00:00,delivered
ORD001012,OC001012,2023-04-18 17:00:00,delivered
ORD001013,OC001013,2024-08-09 17:00:00,delivered
ORD001014,OC001014,2024-03-22 15:00:00,delivered
ORD001015,OC001015,2024-12-15 20:00:00,delivered
ORD001016,OC001016,2023-10-06 16:00:00,delivered
ORD001017,OC001017,2024-01-18 16:00:00,delivered
ORD001018,OC001018,2024-05-26 16:00:00,delivered
ORD001019,OC001019,2024-12-01 09:00:00,delivered
ORD001020,OC001020,2023-04-20 15:00:00,delivered
ORD001021,OC001021,2024-12-12 21:00:00,delivered
ORD001022,OC001022,2024-06-19 18:00:00,delivered
ORD001023,OC001023,2023-03-08 14:00:00,canceled
ORD001024,OC001024,2023-10-08 21:00:00,delivered
ORD001025,OC001025,2024-07-20 18:00:00,delivered
ORD001026,OC001026,2023-03-03 14:00:00,delivered
ORD001027,OC001027,2024-04-11 11:00:00,delivered
ORD001028,OC001028,2024-06-03 13:00:00,delivered
ORD001029,OC001029,2024-08-20 21:00:00,delivered
ORD001030,OC001030,2024-10-08 15:00:00,delivered
ORD001031,OC001031,2023-11-02 20:00:00,delivered
ORD001032,OC001032,2024-05-14 12:00:00,delivered
ORD001033,OC001033,2023-02-01 09:00:00,delivered
ORD001034,OC001034,2024-11-21 18:00:00,delivered
ORD001035,OC001035,2024-12-22 10:00:00,delivered
ORD001036,OC001036,2024-12-24 13:00:00,delivered
ORD001037,OC001037,2024-08-09 17:00:00,delivered
ORD001038,OC001038,2023-05-14 13:00:00,delivered
ORD001039,OC001039,2023-07-01 08:00:00,delivered
ORD001040,OC001040,2024-08-17 18:00:00,shipped
ORD001041,OC001041,2023-01-11 15:00:00,delivered
ORD001042,OC001042,2023-01-15 19:00:00,delivered
ORD001043,OC001043,2023-10-01 11:00:00,delivered
ORD001044,OC001044,2023-11-14 08:00:00,delivered
ORD001045,OC001045,2023-12-24 09:00:00,delivered
ORD001046,OC001046,2024-01-01 17:00:00,delivered
ORD001047,OC001047,2024-02-26 20:00:00,delivered
ORD001048,OC001048,2024-03-20 20:00:00,delivered
ORD001049,OC001049,2024-04-18 09:00:00,delivered
ORD001050,OC001050,2024-05-11 17:00:00,delivered
ORD001051,OC001051,2024-07-08 15:00:00,delivered
ORD001052,OC001052,2024-01-18 10:00:00,delivered
ORD001053,OC001053,2024-09-07 17:00:00,delivered
ORD001054,OC001054,2024-06-03 08:00:00,canceled
ORD001055,OC001055,2024-10-18 16:00:00,delivered
ORD001056,OC001056,2023-12-06 18:00:00,delivered
ORD001057,OC001057,2023-09-02 15:00:00,delivered
ORD001058,OC001058,2024-12-15 11:00:00,delivered
ORD001059,OC001059,2023-12-21 19:00:00,delivered
ORD001060,OC001060,2023-12-08 15:00:00,delivered
ORD001061,OC001061,2023-06-02 16:00:00,shipped
ORD001062,OC001062,2024-09-24 08:00:00,delivered
ORD001063,OC001063,2024-07-02 10:00:00,delivered
ORD001064,OC001064,2023-07-26 17:00:00,canceled
ORD001065,OC001065,2023-11-11 15:00:00,delivered
ORD001066,OC001066,2024-01-18 16:00:00,delivered
ORD001067,OC001067,2023-03-04 15:00:00,delivered
ORD001068,OC001068,2024-06-05 18:00:00,delivered
ORD001069,OC001069,2024-06-20 15:00:00,delivered
ORD001070,OC001070,2023-09-27 12:00:00,delivered
ORD001071,OC001071,2024-12-16 21:00:00,delivered
ORD001072,OC001072,2023-05-08 19:00:00,shipped
ORD001073,OC001073,2023-12-04 14:00:00,delivered
ORD001074,OC001074,2024-01-21 10:00:00,delivered
ORD001075,OC001075,2024-12-16 19:00:00,canceled
ORD001076,OC001076,2023-12-23 11:00:00,delivered
ORD001077,OC001077,2024-05-02 16:00:00,delivered
ORD001078,OC001078,2024-07-17 20:00:00,delivered
ORD001079,OC001079,2023-11-05 17:00:00,delivered
ORD001080,OC001080,2023-09-05 14:00:00,delivered
ORD001081,OC001081,2023-11-14 19:00:00,delivered
ORD001082,OC001082,2024-12-24 19:00:00,delivered
ORD001083,OC001083,2023-12-02 18:00:00,delivered
ORD001084,OC001084,2024-11-01 21:00:00,delivered
ORD001085,OC001085,2023-08-14 08:00:00,delivered
ORD001086,OC001086,2023-07-11 11:00:00,delivered
ORD001087,OC001087,2023-02-10 10:00:00,delivered
ORD001088,OC001088,2023-03-03 10:00:00,delivered
ORD001089,OC001089,2023-04-11 11:00:00,delivered
ORD001090,OC001090,2024-06-06 15:00:00,delivered
ORD001091,OC001091,2023-11-12 21:00:00,delivered
ORD001092,OC001092,2024-11-25 15:00:00,shipped
ORD001093,OC001093,2024-01-13 20:00:00,delivered
ORD001094,OC001094,2024-12-11 15:00:00,delivered
ORD001095,OC001095,2023-06-26 20:00:00,delivered
ORD001096,OC001096,2024-11-13 19:00:00,delivered
ORD001097,OC001097,2024-09-26 08:00:00,delivered
ORD001098,OC001098,2024-09-03 09:00:00,delivered
ORD001099,OC001099,2024-10-15 09:00:00,delivered
ORD001100,OC001100,2024-08-11 09:00:00,canceled
ORD001101,OC001101,2024-05-02 21:00:00,delivered
ORD001102,OC001102,2023-05-03 16:00:00,canceled
ORD001103,OC001103,2023-02-20 18:00:00,delivered
ORD001104,OC001104,2024-11-14 18:00:00,delivered
ORD001105,OC001105,2024-05-16 11:00:00,delivered
ORD001106,OC001106,2024-07-10 20:00:00,delivered
ORD001107,OC001107,2024-09-12 14:00:00,delivered
ORD001108,OC001108,2024-11-08 21:00:00,delivered
ORD001109,OC001109,2024-09-05 15:00:00,delivered
ORD001110,OC001110,2024-01-04 17:00:00,delivered
ORD001111,OC001111,2023-04-11 08:00:00,delivered
ORD001112,OC001112,2023-05-05 17:00:00,delivered
ORD001113,OC001113,2024-06-18 09:00:00,delivered
ORD001114,OC001114,2023-12-24 13:00:00,delivered
ORD001115,OC001115,2024-01-19 19:00:00,delivered
ORD001116,OC001116,2023-07-27 09:00:00,delivered
ORD001117,OC001117,2023-08-23 16:00:00,delivered
ORD001118,OC001118,2023-10-18 19:00:00,shipped
ORD001119,OC001119,2023-11-07 17:00:00,delivered
ORD001120,OC001120,2023-12-24 09:00:00,delivered
ORD001121,OC001121,2024-01-21 16:00:00,delivered
ORD001122,OC001122,2024-03-27 15:00:00,delivered
ORD001123,OC001123,2024-05-01 16:00:00,delivered
ORD001124,OC001124,2024-01-16 15:00:00,delivered
ORD001125,OC001125,2023-03-11 10:00:00,delivered
ORD001126,OC001126,2024-04-14 17:00:00,delivered
ORD001127,OC001127,2023-09-18 09:00:00,delivered
ORD001128,OC001128,2024-09-26 09:00:00,delivered
ORD001129,OC001129,2023-10-25 15:00:00,delivered
ORD001130,OC001130,2023-12-17 08:00:00,delivered
ORD001131,OC001131,2023-01-21 11:00:00,delivered
ORD001132,OC001132,2023-03-14 15:00:00,delivered
ORD001133,OC001133,2023-11-09 09:00:00,delivered
ORD001134,OC001134,2024-01-09 12:00:00,delivered
ORD001135,OC001135,2024-01-05 14:00:00,delivered
ORD001136,OC001136,2024-04-26 14:00:00,delivered
ORD001137,OC001137,2023-09-25 15:00:00,delivered
ORD001138,OC001138,2023-10-10 11:00:00,delivered
ORD001139,OC001139,2023-12-25 19:00:00,canceled
ORD001140,OC001140,2024-02-12 21:00:00,delivered
ORD001141,OC001141,2024-07-19 19:00:00,delivered
ORD001142,OC001142,2024-11-01 17:00:00,shipped
ORD001143,OC001143,2024-12-01 09:00:00,delivered
ORD001144,OC001144,2024-09-17 12:00:00,delivered
ORD001145,OC001145,2023-02-05 09:00:00,delivered
ORD001146,OC001146,2024-01-14 13:00:00,delivered
ORD001147,OC001147,2023-04-27 15:00:00,delivered
ORD001148,OC001148,2023-08-20 11:00:00,delivered
ORD001149,OC001149,2024-12-07 12:00:00,delivered
ORD001150,OC001150,2023-05-03 17:00:00,delivered
ORD001151,OC001151,2024-01-06 21:00:00,delivered
ORD001152,OC001152,2024-05-16 19:00:00,delivered
ORD001153,OC001153,2024-07-09 13:00:00,delivered
ORD001154,OC001154,2024-03-16 19:00:00,delivered
ORD001155,OC001155,2023-01-13 12:00:00,delivered
ORD001156,OC001156,2023-10-24 13:00:00,delivered
ORD001157,OC001157,2023-12-19 12:00:00,delivered
ORD001158,OC001158,2024-03-25 10:00:00,delivered
ORD001159,OC001159,2024-02-16 21:00:00,delivered
ORD001160,OC001160,2024-03-15 20:00:00,delivered
ORD001161,OC001161,2024-06-17 08:00:00,delivered
ORD001162,OC001162,2024-10-13 19:00:00,delivered
ORD001163,OC001163,2023-03-04 16:00:00,delivered
ORD001164,OC001164,2023-11-26 10:00:00,shipped
ORD001165,OC001165,2023-02-10 12:00:00,delivered
ORD001166,OC001166,2023-03-10 20:00:00,delivered
ORD001167,OC001167,2023-11-17 18:00:00,delivered
ORD001168,OC001168,2023-05-24 18:00:00,delivered
ORD001169,OC001169,2024-03-02 17:00:00,delivered
ORD001170,OC001170,2024-05-21 18:00:00,delivered
ORD001171,OC001171,2024-07-18 19:00:00,delivered
ORD001172,OC001172,2024-09-19 21:00:00,delivered
ORD001173,OC001173,2024-10-19 14:00:00,delivered
ORD001174,OC001174,2024-11-23 17:00:00,delivered
ORD001175,OC001175,2024-09-26 19:00:00,delivered
ORD001176,OC001176,2023-07-05 14:00:00,delivered
ORD001177,OC001177,2023-06-27 13:00:00,delivered
ORD001178,OC001178,2023-04-03 18:00:00,delivered
ORD001179,OC001179,2024-05-08 12:00:00,delivered
ORD001180,OC001180,2024-07-11 21:00:00,delivered
ORD001181,OC001181,2024-10-12 16:00:00,delivered
ORD001182,OC001182,2023-02-07 12:00:00,delivered
ORD001183,OC001183,2024-12-14 17:00:00,delivered
ORD001184,OC001184,2023-02-23 20:00:00,delivered
ORD001185,OC001185,2023-05-08 20:00:00,delivered
ORD001186,OC001186,2024-03-16 21:00:00,delivered
ORD001187,OC001187,2024-06-14 16:00:00,delivered
ORD001188,OC001188,2024-07-03 08:00:00,delivered
ORD001189,OC001189,2024-08-04 16:00:00,delivered
ORD001190,OC001190,2024-11-15 11:00:00,delivered
ORD001191,OC001191,2024-07-26 08:00:00,delivered
ORD001192,OC001192,2024-09-06 14:00:00,delivered
ORD001193,OC001193,2023-10-18 20:00:00,delivered
ORD001194,OC001194,2024-10-12 15:00:00,delivered
ORD001195,OC001195,2023-03-16 15:00:00,delivered
ORD001196,OC001196,2024-11-17 10:00:00,delivered
ORD001197,OC001197,2024-03-03 15:00:00,delivered
ORD001198,OC001198,2024-10-06 17:00:00,delivered
ORD001199,OC001199,2024-12-15 08:00:00,shipped
ORD001200,OC001200,2023-12-08 18:00:00,delivered
ORD001201,OC001201,2024-05-25 16:00:00,delivered
ORD001202,OC001202,2024-02-09 10:00:00,delivered
ORD001203,OC001203,2024-08-24 18:00:00,delivered
ORD001204,OC001204,2023-03-23 08:00:00,delivered
ORD001205,OC001205,2023-03-22 09:00:00,delivered
ORD001206,OC001206,2023-08-27 09:00:00,delivered
ORD001207,OC001207,2023-11-01 15:00:00,delivered
ORD001208,OC001208,2023-06-01 13:00:00,delivered
ORD001209,OC001209,2024-11-04 21:00:00,delivered
ORD001210,OC001210,2023-07-07 08:00:00,canceled
ORD001211,OC001211,2024-12-06 17:00:00,delivered
ORD001212,OC001212,2023-10-08 19:00:00,delivered
ORD001213,OC001213,2023-06-13 20:00:00,delivered
ORD001214,OC001214,2024-09-21 19:00:00,delivered
ORD001215,OC001215,2024-11-17 18:00:00,delivered
ORD001216,OC001216,2024-12-27 15:00:00,delivered
ORD001217,OC001217,2024-06-17 16:00:00,delivered
ORD001218,OC001218,2024-01-14 16:00:00,delivered
ORD001219,OC001219,2024-03-07 19:00:00,delivered
ORD001220,OC001220,2024-07-04 20:00:00,delivered
ORD001221,OC001221,2023-08-16 19:00:00,delivered
ORD001222,OC001222,2024-12-08 13:00:00,delivered
ORD001223,OC001223,2024-12-13 18:00:00,delivered
ORD001224,OC001224,2024-06-01 08:00:00,delivered
ORD001225,OC001225,2023-07-26 11:00:00,delivered
ORD001226,OC001226,2024-06-07 16:00:00,delivered
ORD001227,OC001227,2024-07-20 18:00:00,delivered
ORD001228,OC001228,2024-08-08 13:00:00,delivered
ORD001229,OC001229,2023-03-11 20:00:00,delivered
ORD001230,OC001230,2023-02-27 21:00:00,delivered
ORD001231,OC001231,2023-08-03 21:00:00,delivered
ORD001232,OC001232,2023-12-18 20:00:00,delivered
ORD001233,OC001233,2024-11-08 14:00:00,delivered
ORD001234,OC001234,2024-08-17 21:00:00,delivered
ORD001235,OC001235,2024-08-12 18:00:00,delivered
ORD001236,OC001236,2023-12-27 15:00:00,delivered
ORD001237,OC001237,2023-11-17 12:00:00,delivered
ORD001238,OC001238,2023-11-03 21:00:00,delivered
ORD001239,OC001239,2024-12-24 19:00:00,delivered
ORD001240,OC001240,2023-02-07 18:00:00,delivered
ORD001241,OC001241,2024-11-25 20:00:00,delivered
ORD001242,OC001242,2024-04-18 15:00:00,delivered
ORD001243,OC001243,2023-12-12 15:00:00,delivered
ORD001244,OC001244,2024-07-14 21:00:00,delivered
ORD001245,OC001245,2024-08-11 09:00:00,delivered
ORD001246,OC001246,2024-09-10 13:00:00,delivered
ORD001247,OC001247,2024-01-15 17:00:00,delivered
ORD001248,OC001248,2024-11-03 11:00:00,delivered
ORD001249,OC001249,2024-11-22 20:00:00,canceled
ORD001250,OC001250,2023-12-03 21:00:00,delivered
ORD001251,OC001251,2024-02-19 21:00:00,delivered
ORD001252,OC001252,2024-06-04 20:00:00,delivered
ORD001253,OC001253,2023-09-27 09:00:00,delivered
ORD001254,OC001254,2024-04-25 20:00:00,canceled
ORD001255,OC001255,2024-11-24 12:00:00,delivered
ORD001256,OC001256,2023-07-07 20:00:00,delivered
ORD001257,OC001257,2024-05-07 21:00:00,delivered
ORD001258,OC001258,2024-07-04 11:00:00,delivered
ORD001259,OC001259,2024-05-24 20:00:00,delivered
ORD001260,OC001260,2024-08-25 13:00:00,delivered
ORD001261,OC001261,2023-05-14 20:00:00,delivered
ORD001262,OC001262,2024-07-19 16:00:00,delivered
ORD001263,OC001263,2024-11-27 15:00:00,delivered
ORD001264,OC001264,2023-06-07 18:00:00,delivered
ORD001265,OC001265,2023-08-07 11:00:00,delivered
ORD001266,OC001266,2024-12-12 08:00:00,delivered
ORD001267,OC001267,2023-06-09 16:00:00,delivered
ORD001268,OC001268,2024-10-15 15:00:00,canceled
ORD001269,OC001269,2024-01-11 21:00:00,delivered
ORD001270,OC001270,2023-08-02 08:00:00,delivered
ORD001271,OC001271,2024-11-18 09:00:00,delivered
ORD001272,OC001272,2023-12-08 15:00:00,delivered
ORD001273,OC001273,2024-02-06 16:00:00,delivered
ORD001274,OC001274,2023-11-18 20:00:00,delivered
ORD001275,OC001275,2024-04-10 13:00:00,delivered
ORD001276,OC001276,2023-06-05 10:00:00,delivered
ORD001277,OC001277,2023-11-23 17:00:00,delivered
ORD001278,OC001278,2024-12-05 14:00:00,delivered
ORD001279,OC001279,2023-08-18 10:00:00,delivered
ORD001280,OC001280,2023-11-09 11:00:00,delivered
ORD001281,OC001281,2024-02-24 17:00:00,delivered
ORD001282,OC001282,2024-06-23 19:00:00,delivered
ORD001283,OC001283,2023-10-23 09:00:00,delivered
ORD001284,OC001284,2024-09-02 20:00:00,delivered
ORD001285,OC001285,2024-10-07 14:00:00,delivered
ORD001286,OC001286,2024-11-16 09:00:00,delivered
ORD001287,OC001287,2023-05-26 18:00:00,delivered
ORD001288,OC001288,2024-12-05 10:00:00,delivered
ORD001289,OC001289,2023-12-14 12:00:00,delivered
ORD001290,OC001290,2023-08-18 20:00:00,shipped
ORD001291,OC001291,2023-03-16 15:00:00,delivered
ORD001292,OC001292,2023-06-07 09:00:00,delivered
ORD001293,OC001293,2023-10-15 21:00:00,delivered
ORD001294,OC001294,2024-02-23 08:00:00,delivered
ORD001295,OC001295,2023-10-15 19:00:00,delivered
ORD001296,OC001296,2023-11-11 15:00:00,delivered
ORD001297,OC001297,2024-01-22 11:00:00,delivered
ORD001298,OC001298,2024-02-04 17:00:00,delivered
ORD001299,OC001299,2024-04-11 16:00:00,delivered
ORD001300,OC001300,2024-10-12 18:00:00,delivered
ORD001301,OC001301,2023-12-26 08:00:00,delivered
ORD001302,OC001302,2023-08-25 11:00:00,delivered
ORD001303,OC001303,2024-05-27 12:00:00,delivered
ORD001304,OC001304,2024-07-26 08:00:00,delivered
ORD001305,OC001305,2023-06-11 10:00:00,canceled
ORD001306,OC001306,2023-06-06 14:00:00,delivered
ORD001307,OC001307,2023-02-19 21:00:00,delivered
ORD001308,OC001308,2024-08-09 09:00:00,delivered
ORD001309,OC001309,2024-06-04 12:00:00,delivered
ORD001310,OC001310,2024-08-02 11:00:00,delivered
ORD001311,OC001311,2024-10-24 17:00:00,delivered
ORD001312,OC001312,2024-11-09 20:00:00,delivered
ORD001313,OC001313,2024-01-07 11:00:00,delivered
ORD001314,OC001314,2024-10-22 10:00:00,delivered
ORD001315,OC001315,2024-11-11 11:00:00,canceled
ORD001316,OC001316,2024-12-09 21:00:00,delivered
ORD001317,OC001317,2024-09-22 11:00:00,delivered
ORD001318,OC001318,2024-04-06 17:00:00,delivered
ORD001319,OC001319,2024-11-09 20:00:00,delivered
ORD001320,OC001320,2024-12-07 13:00:00,delivered
ORD001321,OC001321,2023-07-24 09:00:00,delivered
ORD001322,OC001322,2023-04-15 20:00:00,delivered
ORD001323,OC001323,2023-09-07 12:00:00,delivered
ORD001324,OC001324,2023-03-27 19:00:00,delivered
ORD001325,OC001325,2023-04-17 20:00:00,delivered
ORD001326,OC001326,2023-07-04 14:00:00,delivered
ORD001327,OC001327,2024-02-25 09:00:00,delivered
ORD001328,OC001328,2024-12-27 17:00:00,delivered
ORD001329,OC001329,2023-02-04 09:00:00,delivered
ORD001330,OC001330,2023-04-16 17:00:00,delivered
ORD001331,OC001331,2023-12-05 17:00:00,delivered
ORD001332,OC001332,2024-12-14 11:00:00,delivered
ORD001333,OC001333,2023-10-07 17:00:00,delivered
ORD001334,OC001334,2024-02-09 12:00:00,delivered
ORD001335,OC001335,2024-04-08 18:00:00,delivered
ORD001336,OC001336,2024-05-26 21:00:00,delivered
ORD001337,OC001337,2024-06-24 14:00:00,delivered
ORD001338,OC001338,2024-08-04 12:00:00,delivered
ORD001339,OC001339,2024-10-15 20:00:00,delivered
ORD001340,OC001340,2024-12-03 21:00:00,delivered
ORD001341,OC001341,2023-02-13 17:00:00,delivered
ORD001342,OC001342,2023-03-04 20:00:00,delivered
ORD001343,OC001343,2023-05-02 08:00:00,delivered
ORD001344,OC001344,2023-08-23 17:00:00,canceled
ORD001345,OC001345,2023-11-06 21:00:00,delivered
ORD001346,OC001346,2024-12-14 12:00:00,delivered
ORD001347,OC001347,2024-12-09 21:00:00,delivered
ORD001348,OC001348,2023-01-08 15:00:00,delivered
ORD001349,OC001349,2024-12-03 15:00:00,delivered
ORD001350,OC001350,2024-05-20 15:00:00,delivered
ORD001351,OC001351,2024-11-07 10:00:00,delivered
ORD001352,OC001352,2023-12-24 09:00:00,delivered
ORD001353,OC001353,2024-02-20 09:00:00,delivered
ORD001354,OC001354,2024-01-12 13:00:00,delivered
ORD001355,OC001355,2024-06-23 17:00:00,delivered
ORD001356,OC001356,2024-08-05 13:00:00,delivered
ORD001357,OC001357,2024-10-01 08:00:00,delivered
ORD001358,OC001358,2024-11-25 19:00:00,delivered
ORD001359,OC001359,2023-05-23 14:00:00,delivered
ORD001360,OC001360,2023-02-23 14:00:00,delivered
ORD001361,OC001361,2023-10-15 12:00:00,delivered
ORD001362,OC001362,2024-07-11 08:00:00,delivered
ORD001363,OC001363,2023-07-09 14:00:00,delivered
ORD001364,OC001364,2023-09-23 17:00:00,delivered
ORD001365,OC001365,2024-06-21 18:00:00,delivered
ORD001366,OC001366,2024-12-07 15:00:00,delivered
ORD001367,OC001367,2023-04-15 18:00:00,delivered
ORD001368,OC001368,2023-08-08 18:00:00,delivered
ORD001369,OC001369,2024-06-03 12:00:00,delivered
ORD001370,OC001370,2023-12-04 14:00:00,delivered
ORD001371,OC001371,2024-11-20 21:00:00,delivered
ORD001372,OC001372,2023-06-09 21:00:00,delivered
ORD001373,OC001373,2023-07-06 20:00:00,delivered
ORD001374,OC001374,2023-09-15 15:00:00,delivered
ORD001375,OC001375,2024-07-19 17:00:00,delivered
ORD001376,OC001376,2024-10-25 13:00:00,delivered
ORD001377,OC001377,2024-12-03 09:00:00,delivered
ORD001378,OC001378,2024-06-18 18:00:00,delivered
ORD001379,OC001379,2024-01-12 16:00:00,delivered
ORD001380,OC001380,2024-05-01 10:00:00,delivered
ORD001381,OC001381,2024-09-27 20:00:00,delivered
ORD001382,OC001382,2024-11-04 11:00:00,delivered
ORD001383,OC001383,2024-04-25 12:00:00,canceled
ORD001384,OC001384,2023-02-27 19:00:00,delivered
ORD001385,OC001385,2023-04-02 14:00:00,canceled
ORD001386,OC001386,2023-06-22 13:00:00,delivered
ORD001387,OC001387,2023-08-12 08:00:00,delivered
ORD001388,OC001388,2023-09-06 15:00:00,delivered
ORD001389,OC001389,2023-10-06 11:00:00,delivered
ORD001390,OC001390,2024-11-11 10:00:00,delivered
ORD001391,OC001391,2024-07-24 16:00:00,delivered
ORD001392,OC001392,2024-06-18 21:00:00,delivered
ORD001393,OC001393,2023-07-27 18:00:00,delivered
ORD001394,OC001394,2024-06-19 21:00:00,delivered
ORD001395,OC001395,2023-11-15 09:00:00,delivered
ORD001396,OC001396,2024-06-07 11:00:00,delivered
ORD001397,OC001397,2023-04-16 12:00:00,delivered
ORD001398,OC001398,2023-06-08 11:00:00,delivered
ORD001399,OC001399,2023-08-02 21:00:00,delivered
ORD001400,OC001400,2024-06-20 19:00:00,delivered
ORD001401,OC001401,2024-12-01 20:00:00,delivered
ORD001402,OC001402,2023-02-18 14:00:00,delivered
ORD001403,OC001403,2024-12-15 17:00:00,canceled
ORD001404,OC001404,2023-12-19 16:00:00,delivered
ORD001405,OC001405,2024-11-23 14:00:00,delivered
ORD001406,OC001406,2024-12-12 18:00:00,shipped
ORD001407,OC001407,2024-09-19 20:00:00,delivered
ORD001408,OC001408,2024-10-10 14:00:00,delivered
ORD001409,OC001409,2024-12-22 15:00:00,delivered
ORD001410,OC001410,2024-03-02 17:00:00,delivered
ORD001411,OC001411,2024-05-15 21:00:00,delivered
ORD001412,OC001412,2024-08-19 10:00:00,delivered
ORD001413,OC001413,2024-10-19 14:00:00,delivered
ORD001414,OC001414,2024-12-23 13:00:00,delivered
ORD001415,OC001415,2024-11-19 17:00:00,delivered
ORD001416,OC001416,2023-11-26 17:00:00,delivered
ORD001417,OC001417,2023-10-22 11:00:00,delivered
ORD001418,OC001418,2024-06-18 17:00:00,delivered
ORD001419,OC001419,2024-09-13 17:00:00,delivered
ORD001420,OC001420,2024-08-03 21:00:00,delivered
ORD001421,OC001421,2024-09-27 16:00:00,delivered
ORD001422,OC001422,2023-12-20 15:00:00,delivered
ORD001423,OC001423,2024-04-21 21:00:00,delivered
ORD001424,OC001424,2024-10-12 11:00:00,delivered
ORD001425,OC001425,2023-04-22 08:00:00,delivered
ORD001426,OC001426,2024-03-06 19:00:00,delivered
ORD001427,OC001427,2023-01-27 14:00:00,delivered
ORD001428,OC001428,2023-05-26 11:00:00,delivered
ORD001429,OC001429,2023-10-19 21:00:00,delivered
ORD001430,OC001430,2023-11-10 16:00:00,delivered
ORD001431,OC001431,2023-11-04 13:00:00,delivered
ORD001432,OC001432,2024-07-23 11:00:00,delivered
ORD001433,OC001433,2023-11-10 16:00:00,delivered
ORD001434,OC001434,2023-12-04 15:00:00,delivered
ORD001435,OC001435,2023-08-12 20:00:00,delivered
ORD001436,OC001436,2023-11-16 16:00:00,delivered
ORD001437,OC001437,2023-08-24 10:00:00,delivered
ORD001438,OC001438,2023-03-08 18:00:00,delivered
ORD001439,OC001439,2023-05-08 13:00:00,delivered
ORD001440,OC001440,2024-04-18 11:00:00,delivered
ORD001441,OC001441,2024-06-04 10:00:00,delivered
ORD001442,OC001442,2024-07-21 12:00:00,delivered
ORD001443,OC001443,2024-06-24 21:00:00,delivered
ORD001444,OC001444,2024-05-15 11:00:00,delivered
ORD001445,OC001445,2023-12-16 13:00:00,delivered
ORD001446,OC001446,2023-11-12 20:00:00,delivered
ORD001447,OC001447,2024-11-12 16:00:00,delivered
ORD001448,OC001448,2024-02-14 16:00:00,delivered
ORD001449,OC001449,2024-01-04 09:00:00,delivered
ORD001450,OC001450,2023-01-11 08:00:00,delivered
ORD001451,OC001451,2023-10-26 18:00:00,delivered
ORD001452,OC001452,2023-11-12 09:00:00,delivered
ORD001453,OC001453,2023-11-23 21:00:00,delivered
ORD001454,OC001454,2024-04-27 19:00:00,delivered
ORD001455,OC001455,2024-03-23 20:00:00,delivered
ORD001456,OC001456,2024-05-24 18:00:00,delivered
ORD001457,OC001457,2024-08-10 16:00:00,delivered
ORD001458,OC001458,2024-10-24 08:00:00,delivered
ORD001459,OC001459,2024-07-13 11:00:00,shipped
ORD001460,OC001460,2024-12-25 19:00:00,delivered
ORD001461,OC001461,2023-01-11 19:00:00,canceled
ORD001462,OC001462,2023-02-22 16:00:00,delivered
ORD001463,OC001463,2023-07-02 16:00:00,delivered
ORD001464,OC001464,2023-01-09 19:00:00,delivered
ORD001465,OC001465,2024-05-25 08:00:00,delivered
ORD001466,OC001466,2024-11-27 17:00:00,delivered
ORD001467,OC001467,2023-08-05 19:00:00,delivered
ORD001468,OC001468,2024-11-13 16:00:00,delivered
ORD001469,OC001469,2023-03-13 20:00:00,delivered
ORD001470,OC001470,2023-05-10 21:00:00,shipped
ORD001471,OC001471,2023-07-02 20:00:00,shipped
ORD001472,OC001472,2023-09-06 16:00:00,delivered
ORD001473,OC001473,2023-11-15 10:00:00,delivered
ORD001474,OC001474,2024-12-25 16:00:00,delivered
ORD001475,OC001475,2023-11-01 18:00:00,delivered
ORD001476,OC001476,2024-01-09 11:00:00,delivered
ORD001477,OC001477,2024-02-11 19:00:00,delivered
ORD001478,OC001478,2024-03-04 13:00:00,delivered
ORD001479,OC001479,2024-05-06 20:00:00,delivered
ORD001480,OC001480,2024-06-04 21:00:00,delivered
ORD001481,OC001481,2024-08-10 19:00:00,delivered
ORD001482,OC001482,2024-09-17 18:00:00,delivered
ORD001483,OC001483,2024-10-25 11:00:00,shipped
ORD001484,OC001484,2023-04-18 19:00:00,delivered
ORD001485,OC001485,2024-01-17 10:00:00,delivered
ORD001486,OC001486,2024-04-05 17:00:00,delivered
ORD001487,OC001487,2023-08-01 11:00:00,delivered
ORD001488,OC001488,2023-09-13 21:00:00,canceled
ORD001489,OC001489,2023-10-24 14:00:00,delivered
ORD001490,OC001490,2024-09-08 08:00:00,delivered
ORD001491,OC001491,2024-12-20 13:00:00,delivered
ORD001492,OC001492,2024-03-03 20:00:00,delivered
ORD001493,OC001493,2023-10-12 17:00:00,delivered
ORD001494,OC001494,2024-05-01 13:00:00,delivered
ORD001495,OC001495,2024-07-09 10:00:00,delivered
ORD001496,OC001496,2023-09-14 13:00:00,delivered
ORD001497,OC001497,2023-12-13 12:00:00,delivered
ORD001498,OC001498,2023-04-05 12:00:00,delivered
ORD001499,OC001499,2023-05-06 10:00:00,delivered
ORD001500,OC001500,2023-06-27 13:00:00,delivered
ORD001501,OC001501,2024-06-05 14:00:00,delivered
ORD001502,OC001502,2024-10-09 17:00:00,delivered
ORD001503,OC001503,2023-06-11 13:00:00,shipped
ORD001504,OC001504,2024-02-04 11:00:00,delivered
ORD001505,OC001505,2024-07-21 11:00:00,delivered
ORD001506,OC001506,2023-04-24 16:00:00,delivered
ORD001507,OC001507,2024-03-11 10:00:00,delivered
ORD001508,OC001508,2023-08-02 17:00:00,delivered
ORD001509,OC001509,2024-12-22 14:00:00,delivered
ORD001510,OC001510,2024-01-10 18:00:00,delivered
ORD001511,OC001511,2024-09-15 18:00:00,delivered
ORD001512,OC001512,2024-03-07 12:00:00,delivered
ORD001513,OC001513,2024-04-24 16:00:00,delivered
ORD001514,OC001514,2024-06-04 09:00:00,delivered
ORD001515,OC001515,2023-02-20 17:00:00,delivered
ORD001516,OC001516,2023-05-08 15:00:00,shipped
ORD001517,OC001517,2023-06-06 12:00:00,delivered
ORD001518,OC001518,2023-10-08 14:00:00,delivered
ORD001519,OC001519,2023-12-27 11:00:00,delivered
ORD001520,OC001520,2024-04-17 16:00:00,delivered
ORD001521,OC001521,2024-05-12 17:00:00,delivered
ORD001522,OC001522,2024-12-09 15:00:00,delivered
ORD001523,OC001523,2024-04-23 16:00:00,delivered
ORD001524,OC001524,2024-10-02 20:00:00,delivered
ORD001525,OC001525,2024-11-13 11:00:00,delivered
ORD001526,OC001526,2024-12-05 13:00:00,delivered
ORD001527,OC001527,2023-08-19 12:00:00,delivered
ORD001528,OC001528,2023-07-13 10:00:00,delivered
ORD001529,OC001529,2024-05-24 08:00:00,delivered
ORD001530,OC001530,2023-12-14 14:00:00,shipped
ORD001531,OC001531,2024-01-16 12:00:00,delivered
ORD001532,OC001532,2024-03-06 12:00:00,delivered
ORD001533,OC001533,2024-10-21 08:00:00,delivered
ORD001534,OC001534,2024-12-07 17:00:00,delivered
ORD001535,OC001535,2024-11-26 16:00:00,delivered
ORD001536,OC001536,2024-12-05 13:00:00,delivered
ORD001537,OC001537,2023-11-13 09:00:00,delivered
ORD001538,OC001538,2023-08-05 11:00:00,delivered
ORD001539,OC001539,2024-09-21 12:00:00,delivered
ORD001540,OC001540,2024-10-17 12:00:00,delivered
ORD001541,OC001541,2024-11-04 20:00:00,delivered
ORD001542,OC001542,2023-09-01 12:00:00,canceled
ORD001543,OC001543,2024-10-02 10:00:00,delivered
ORD001544,OC001544,2023-12-03 20:00:00,delivered
ORD001545,OC001545,2024-02-09 15:00:00,delivered
ORD001546,OC001546,2024-03-24 16:00:00,canceled
ORD001547,OC001547,2024-04-11 16:00:00,delivered
ORD001548,OC001548,2024-05-04 16:00:00,delivered
ORD001549,OC001549,2024-07-21 14:00:00,delivered
ORD001550,OC001550,2024-09-18 18:00:00,delivered
ORD001551,OC001551,2024-06-16 19:00:00,delivered
ORD001552,OC001552,2023-04-24 11:00:00,delivered
ORD001553,OC001553,2024-05-27 19:00:00,delivered
ORD001554,OC001554,2023-12-08 14:00:00,delivered
ORD001555,OC001555,2024-01-07 12:00:00,delivered
ORD001556,OC001556,2024-02-02 09:00:00,delivered
ORD001557,OC001557,2024-03-12 19:00:00,delivered
ORD001558,OC001558,2024-04-02 14:00:00,delivered
ORD001559,OC001559,2023-06-13 12:00:00,delivered
ORD001560,OC001560,2023-10-03 14:00:00,delivered
ORD001561,OC001561,2023-11-25 10:00:00,delivered
ORD001562,OC001562,2024-08-25 10:00:00,delivered
ORD001563,OC001563,2024-11-17 15:00:00,delivered
ORD001564,OC001564,2023-07-04 18:00:00,delivered
ORD001565,OC001565,2023-04-16 16:00:00,delivered
ORD001566,OC001566,2023-01-23 15:00:00,delivered
ORD001567,OC001567,2024-05-01 14:00:00,delivered
ORD001568,OC001568,2024-04-20 19:00:00,delivered
ORD001569,OC001569,2024-06-18 15:00:00,shipped
ORD001570,OC001570,2024-07-03 19:00:00,delivered
ORD001571,OC001571,2024-08-22 08:00:00,delivered
ORD001572,OC001572,2024-09-21 21:00:00,delivered
ORD001573,OC001573,2024-10-17 21:00:00,delivered
ORD001574,OC001574,2024-11-12 15:00:00,delivered
ORD001575,OC001575,2024-03-21 20:00:00,delivered
ORD001576,OC001576,2023-08-04 14:00:00,delivered
ORD001577,OC001577,2023-11-20 12:00:00,delivered
ORD001578,OC001578,2024-04-23 08:00:00,delivered
ORD001579,OC001579,2024-01-02 15:00:00,delivered
ORD001580,OC001580,2024-12-13 14:00:00,delivered
ORD001581,OC001581,2023-05-22 09:00:00,delivered
ORD001582,OC001582,2024-07-06 20:00:00,delivered
ORD001583,OC001583,2023-11-08 15:00:00,delivered
ORD001584,OC001584,2023-12-06 15:00:00,shipped
ORD001585,OC001585,2024-07-06 19:00:00,delivered
ORD001586,OC001586,2024-07-04 08:00:00,delivered
ORD001587,OC001587,2024-12-07 20:00:00,delivered
ORD001588,OC001588,2023-05-07 18:00:00,delivered
ORD001589,OC001589,2023-04-27 14:00:00,delivered
ORD001590,OC001590,2024-07-05 21:00:00,delivered
ORD001591,OC001591,2024-04-15 10:00:00,delivered
ORD001592,OC001592,2023-09-05 13:00:00,delivered
ORD001593,OC001593,2023-03-24 08:00:00,delivered
ORD001594,OC001594,2023-03-24 12:00:00,shipped
ORD001595,OC001595,2024-11-07 20:00:00,canceled
ORD001596,OC001596,2023-06-01 18:00:00,delivered
ORD001597,OC001597,2023-10-01 14:00:00,delivered
ORD001598,OC001598,2024-01-22 19:00:00,delivered
ORD001599,OC001599,2023-08-19 11:00:00,canceled
ORD001600,OC001600,2023-09-26 09:00:00,delivered
ORD001601,OC001601,2023-11-06 14:00:00,delivered
ORD001602,OC001602,2024-01-05 18:00:00,shipped
ORD001603,OC001603,2023-11-25 17:00:00,delivered
ORD001604,OC001604,2023-03-26 20:00:00,delivered
ORD001605,OC001605,2024-02-27 21:00:00,delivered
ORD001606,OC001606,2024-04-03 12:00:00,delivered
ORD001607,OC001607,2024-05-16 14:00:00,shipped
ORD001608,OC001608,2023-03-19 20:00:00,delivered
ORD001609,OC001609,2023-05-11 10:00:00,delivered
ORD001610,OC001610,2024-09-18 08:00:00,delivered
ORD001611,OC001611,2023-08-06 16:00:00,delivered
ORD001612,OC001612,2023-09-23 17:00:00,delivered
ORD001613,OC001613,2023-10-10 10:00:00,delivered
ORD001614,OC001614,2023-12-06 12:00:00,delivered
ORD001615,OC001615,2024-01-24 10:00:00,delivered
ORD001616,OC001616,2024-02-21 19:00:00,delivered
ORD001617,OC001617,2024-03-08 13:00:00,delivered
ORD001618,OC001618,2024-04-23 08:00:00,delivered
ORD001619,OC001619,2024-06-18 16:00:00,delivered
ORD001620,OC001620,2024-08-12 08:00:00,delivered
ORD001621,OC001621,2024-09-05 11:00:00,delivered
ORD001622,OC001622,2024-10-02 18:00:00,canceled
ORD001623,OC001623,2024-11-12 13:00:00,delivered
ORD001624,OC001624,2024-03-21 15:00:00,delivered
ORD001625,OC001625,2024-11-17 10:00:00,delivered
ORD001626,OC001626,2024-06-02 20:00:00,delivered
ORD001627,OC001627,2024-03-13 18:00:00,delivered
ORD001628,OC001628,2023-10-09 21:00:00,delivered
ORD001629,OC001629,2023-10-06 10:00:00,delivered
ORD001630,OC001630,2024-06-11 17:00:00,delivered
ORD001631,OC001631,2024-12-14 10:00:00,delivered
ORD001632,OC001632,2024-06-17 12:00:00,delivered
ORD001633,OC001633,2024-08-13 14:00:00,delivered
ORD001634,OC001634,2024-10-05 20:00:00,delivered
ORD001635,OC001635,2024-12-17 18:00:00,delivered
ORD001636,OC001636,2024-03-21 16:00:00,delivered
ORD001637,OC001637,2024-08-27 08:00:00,delivered
ORD001638,OC001638,2024-09-14 19:00:00,delivered
ORD001639,OC001639,2023-12-05 15:00:00,delivered
ORD001640,OC001640,2024-02-12 10:00:00,delivered
ORD001641,OC001641,2024-04-03 16:00:00,delivered
ORD001642,OC001642,2024-06-02 16:00:00,delivered
ORD001643,OC001643,2024-07-13 18:00:00,delivered
ORD001644,OC001644,2024-09-06 14:00:00,delivered
ORD001645,OC001645,2024-11-24 16:00:00,delivered
ORD001646,OC001646,2023-03-10 13:00:00,delivered
ORD001647,OC001647,2024-03-15 10:00:00,delivered
ORD001648,OC001648,2024-12-19 16:00:00,delivered
ORD001649,OC001649,2023-06-26 19:00:00,delivered
ORD001650,OC001650,2023-08-18 19:00:00,delivered
ORD001651,OC001651,2024-07-05 10:00:00,canceled
ORD001652,OC001652,2024-08-19 15:00:00,delivered
ORD001653,OC001653,2024-11-09 09:00:00,delivered
ORD001654,OC001654,2023-07-05 21:00:00,delivered
ORD001655,OC001655,2024-03-13 14:00:00,delivered
ORD001656,OC001656,2023-04-07 14:00:00,delivered
ORD001657,OC001657,2023-05-19 14:00:00,delivered
ORD001658,OC001658,2023-12-06 11:00:00,delivered
ORD001659,OC001659,2024-08-24 19:00:00,delivered
ORD001660,OC001660,2023-11-13 09:00:00,delivered
ORD001661,OC001661,2024-06-26 19:00:00,shipped
ORD001662,OC001662,2024-09-26 17:00:00,delivered
ORD001663,OC001663,2024-11-02 15:00:00,delivered
ORD001664,OC001664,2023-08-03 08:00:00,delivered
ORD001665,OC001665,2023-10-03 15:00:00,delivered
ORD001666,OC001666,2023-11-01 15:00:00,delivered
ORD001667,OC001667,2023-05-17 10:00:00,delivered
ORD001668,OC001668,2023-07-05 14:00:00,delivered
ORD001669,OC001669,2023-09-17 12:00:00,delivered
ORD001670,OC001670,2024-12-22 09:00:00,delivered
ORD001671,OC001671,2024-11-04 16:00:00,delivered
ORD001672,OC001672,2024-03-02 12:00:00,delivered
ORD001673,OC001673,2024-05-09 18:00:00,delivered
ORD001674,OC001674,2024-06-22 18:00:00,delivered
ORD001675,OC001675,2024-07-22 18:00:00,delivered
ORD001676,OC001676,2024-09-14 10:00:00,delivered
ORD001677,OC001677,2024-10-24 08:00:00,delivered
ORD001678,OC001678,2024-02-22 20:00:00,canceled
ORD001679,OC001679,2024-04-11 13:00:00,delivered
ORD001680,OC001680,2024-06-26 13:00:00,delivered
ORD001681,OC001681,2024-08-08 19:00:00,canceled
ORD001682,OC001682,2024-05-17 12:00:00,delivered
ORD001683,OC001683,2023-04-17 15:00:00,delivered
ORD001684,OC001684,2024-08-05 20:00:00,delivered
ORD001685,OC001685,2024-09-24 16:00:00,delivered
ORD001686,OC001686,2024-12-16 08:00:00,delivered
ORD001687,OC001687,2023-05-10 12:00:00,delivered
ORD001688,OC001688,2024-10-27 15:00:00,delivered
ORD001689,OC001689,2024-09-09 08:00:00,delivered
ORD001690,OC001690,2024-07-14 21:00:00,delivered
ORD001691,OC001691,2023-02-14 09:00:00,delivered
ORD001692,OC001692,2023-10-01 14:00:00,delivered
ORD001693,OC001693,2023-09-20 20:00:00,delivered
ORD001694,OC001694,2023-11-10 11:00:00,delivered
ORD001695,OC001695,2024-01-12 17:00:00,delivered
ORD001696,OC001696,2024-05-25 09:00:00,delivered
ORD001697,OC001697,2024-09-12 18:00:00,delivered
ORD001698,OC001698,2024-10-20 16:00:00,delivered
ORD001699,OC001699,2023-03-05 17:00:00,delivered
ORD001700,OC001700,2024-12-14 10:00:00,delivered
ORD001701,OC001701,2024-03-05 17:00:00,delivered
ORD001702,OC001702,2024-07-19 09:00:00,delivered
ORD001703,OC001703,2023-10-12 09:00:00,delivered
ORD001704,OC001704,2023-11-01 18:00:00,canceled
ORD001705,OC001705,2023-12-26 19:00:00,delivered
ORD001706,OC001706,2024-04-21 08:00:00,delivered
ORD001707,OC001707,2024-02-16 18:00:00,delivered
ORD001708,OC001708,2024-11-18 20:00:00,delivered
ORD001709,OC001709,2024-01-14 13:00:00,delivered
ORD001710,OC001710,2024-12-05 20:00:00,delivered
ORD001711,OC001711,2024-10-27 12:00:00,delivered
ORD001712,OC001712,2023-07-19 19:00:00,delivered
ORD001713,OC001713,2024-11-24 15:00:00,delivered
ORD001714,OC001714,2023-04-20 11:00:00,delivered
ORD001715,OC001715,2024-10-12 10:00:00,delivered
ORD001716,OC001716,2023-11-10 14:00:00,delivered
ORD001717,OC001717,2024-11-20 19:00:00,delivered
ORD001718,OC001718,2024-12-15 20:00:00,delivered
ORD001719,OC001719,2024-11-05 18:00:00,delivered
ORD001720,OC001720,2024-12-10 18:00:00,delivered
ORD001721,OC001721,2024-09-18 16:00:00,delivered
ORD001722,OC001722,2024-09-22 10:00:00,delivered
ORD001723,OC001723,2023-10-11 18:00:00,delivered
ORD001724,OC001724,2023-12-18 11:00:00,delivered
ORD001725,OC001725,2024-02-18 09:00:00,delivered
ORD001726,OC001726,2023-03-01 19:00:00,delivered
ORD001727,OC001727,2023-11-21 16:00:00,canceled
ORD001728,OC001728,2024-01-21 20:00:00,delivered
ORD001729,OC001729,2023-06-19 15:00:00,delivered
ORD001730,OC001730,2024-07-04 08:00:00,delivered
ORD001731,OC001731,2023-11-20 14:00:00,delivered
ORD001732,OC001732,2024-12-16 15:00:00,delivered
ORD001733,OC001733,2024-05-11 20:00:00,delivered
ORD001734,OC001734,2024-07-17 14:00:00,delivered
ORD001735,OC001735,2024-10-07 18:00:00,delivered
ORD001736,OC001736,2023-05-13 13:00:00,delivered
ORD001737,OC001737,2024-11-27 14:00:00,delivered
ORD001738,OC001738,2024-11-10 18:00:00,delivered
ORD001739,OC001739,2024-01-15 13:00:00,delivered
ORD001740,OC001740,2024-04-03 18:00:00,delivered
ORD001741,OC001741,2024-08-26 16:00:00,delivered
ORD001742,OC001742,2023-06-23 15:00:00,delivered
ORD001743,OC001743,2024-02-02 09:00:00,delivered
ORD001744,OC001744,2023-11-19 08:00:00,delivered
ORD001745,OC001745,2023-05-24 17:00:00,delivered
ORD001746,OC001746,2023-11-07 16:00:00,delivered
ORD001747,OC001747,2023-03-07 18:00:00,delivered
ORD001748,OC001748,2023-04-20 17:00:00,delivered
ORD001749,OC001749,2023-01-18 15:00:00,delivered
ORD001750,OC001750,2023-05-24 16:00:00,delivered
ORD001751,OC001751,2024-12-09 20:00:00,delivered
ORD001752,OC001752,2024-03-23 12:00:00,delivered
ORD001753,OC001753,2024-05-23 21:00:00,delivered
ORD001754,OC001754,2024-12-19 17:00:00,delivered
ORD001755,OC001755,2023-12-22 19:00:00,delivered
ORD001756,OC001756,2023-10-19 12:00:00,delivered
ORD001757,OC001757,2024-02-09 12:00:00,delivered
ORD001758,OC001758,2024-06-20 10:00:00,delivered
ORD001759,OC001759,2024-10-12 15:00:00,delivered
ORD001760,OC001760,2023-12-11 18:00:00,delivered
ORD001761,OC001761,2023-04-03 16:00:00,delivered
ORD001762,OC001762,2024-05-15 09:00:00,delivered
ORD001763,OC001763,2023-07-07 08:00:00,delivered
ORD001764,OC001764,2024-05-24 13:00:00,delivered
ORD001765,OC001765,2024-06-27 21:00:00,delivered
ORD001766,OC001766,2024-08-23 15:00:00,delivered
ORD001767,OC001767,2023-05-13 13:00:00,delivered
ORD001768,OC001768,2023-03-02 21:00:00,delivered
ORD001769,OC001769,2024-09-22 12:00:00,delivered
ORD001770,OC001770,2023-12-05 13:00:00,delivered
ORD001771,OC001771,2024-03-27 19:00:00,delivered
ORD001772,OC001772,2024-05-01 09:00:00,delivered
ORD001773,OC001773,2023-03-26 20:00:00,delivered
ORD001774,OC001774,2024-12-13 17:00:00,delivered
ORD001775,OC001775,2023-03-18 10:00:00,shipped
ORD001776,OC001776,2024-07-06 20:00:00,delivered
ORD001777,OC001777,2024-12-14 18:00:00,delivered
ORD001778,OC001778,2023-08-15 10:00:00,delivered
ORD001779,OC001779,2023-05-09 20:00:00,delivered
ORD001780,OC001780,2023-04-07 14:00:00,delivered
ORD001781,OC001781,2023-10-02 19:00:00,delivered
ORD001782,OC001782,2023-04-02 17:00:00,delivered
ORD001783,OC001783,2024-07-13 15:00:00,delivered
ORD001784,OC001784,2023-03-12 08:00:00,delivered
ORD001785,OC001785,2024-02-27 14:00:00,delivered
ORD001786,OC001786,2024-03-08 11:00:00,delivered
ORD001787,OC001787,2024-05-16 14:00:00,delivered
ORD001788,OC001788,2024-06-17 09:00:00,delivered
ORD001789,OC001789,2024-07-13 19:00:00,delivered
ORD001790,OC001790,2024-12-03 10:00:00,delivered
ORD001791,OC001791,2024-10-02 09:00:00,delivered
ORD001792,OC001792,2024-05-06 16:00:00,delivered
ORD001793,OC001793,2023-10-07 08:00:00,delivered
ORD001794,OC001794,2024-05-01 20:00:00,delivered
ORD001795,OC001795,2024-02-08 19:00:00,delivered
ORD001796,OC001796,2024-06-26 20:00:00,delivered
ORD001797,OC001797,2024-08-13 18:00:00,delivered
ORD001798,OC001798,2023-12-01 09:00:00,delivered
ORD001799,OC001799,2024-02-05 21:00:00,delivered
ORD001800,OC001800,2023-05-03 13:00:00,delivered
ORD001801,OC001801,2024-11-09 12:00:00,delivered
ORD001802,OC001802,2023-12-26 12:00:00,delivered
ORD001803,OC001803,2023-07-24 20:00:00,shipped
ORD001804,OC001804,2023-11-06 11:00:00,shipped
ORD001805,OC001805,2023-12-20 08:00:00,delivered
ORD001806,OC001806,2024-10-26 14:00:00,delivered
ORD001807,OC001807,2024-11-01 08:00:00,delivered
ORD001808,OC001808,2024-08-04 21:00:00,delivered
ORD001809,OC001809,2024-09-25 19:00:00,delivered
ORD001810,OC001810,2023-01-04 17:00:00,delivered
ORD001811,OC001811,2023-02-06 08:00:00,delivered
ORD001812,OC001812,2023-03-21 18:00:00,delivered
ORD001813,OC001813,2023-04-20 08:00:00,delivered
ORD001814,OC001814,2023-05-10 14:00:00,delivered
ORD001815,OC001815,2023-12-23 08:00:00,delivered
ORD001816,OC001816,2024-01-05 09:00:00,delivered
ORD001817,OC001817,2023-01-14 10:00:00,delivered
ORD001818,OC001818,2023-08-22 11:00:00,delivered
ORD001819,OC001819,2024-08-06 12:00:00,shipped
ORD001820,OC001820,2023-05-12 14:00:00,delivered
ORD001821,OC001821,2023-08-21 20:00:00,delivered
ORD001822,OC001822,2023-11-25 21:00:00,shipped
ORD001823,OC001823,2024-03-27 19:00:00,delivered
ORD001824,OC001824,2023-07-27 11:00:00,delivered
ORD001825,OC001825,2023-01-08 14:00:00,delivered
ORD001826,OC001826,2023-08-10 13:00:00,delivered
ORD001827,OC001827,2024-12-08 11:00:00,delivered
ORD001828,OC001828,2024-09-13 10:00:00,delivered
ORD001829,OC001829,2024-11-15 17:00:00,delivered
ORD001830,OC001830,2024-12-22 10:00:00,canceled
ORD001831,OC001831,2024-01-18 17:00:00,delivered
ORD001832,OC001832,2023-04-12 10:00:00,canceled
ORD001833,OC001833,2024-03-13 20:00:00,delivered
ORD001834,OC001834,2023-12-24 18:00:00,delivered
ORD001835,OC001835,2024-10-20 18:00:00,delivered
ORD001836,OC001836,2024-12-14 17:00:00,delivered
ORD001837,OC001837,2023-04-13 21:00:00,shipped
ORD001838,OC001838,2023-05-26 18:00:00,delivered
ORD001839,OC001839,2023-07-22 12:00:00,delivered
ORD001840,OC001840,2023-11-26 09:00:00,delivered
ORD001841,OC001841,2024-01-21 15:00:00,delivered
ORD001842,OC001842,2023-05-15 13:00:00,delivered
ORD001843,OC001843,2023-10-05 16:00:00,delivered
ORD001844,OC001844,2023-11-06 18:00:00,delivered
ORD001845,OC001845,2023-12-04 14:00:00,delivered
ORD001846,OC001846,2024-08-27 11:00:00,delivered
ORD001847,OC001847,2024-01-26 14:00:00,shipped
ORD001848,OC001848,2023-11-08 08:00:00,delivered
ORD001849,OC001849,2024-02-24 10:00:00,delivered
ORD001850,OC001850,2023-11-09 10:00:00,delivered
ORD001851,OC001851,2023-12-07 14:00:00,canceled
ORD001852,OC001852,2024-09-20 12:00:00,delivered
ORD001853,OC001853,2024-11-10 13:00:00,delivered
ORD001854,OC001854,2024-12-26 14:00:00,delivered
ORD001855,OC001855,2024-09-25 14:00:00,delivered
ORD001856,OC001856,2023-10-10 15:00:00,delivered
ORD001857,OC001857,2024-01-23 11:00:00,delivered
ORD001858,OC001858,2024-04-24 13:00:00,delivered
ORD001859,OC001859,2024-08-01 21:00:00,delivered
ORD001860,OC001860,2024-10-24 18:00:00,delivered
ORD001861,OC001861,2024-07-26 17:00:00,delivered
ORD001862,OC001862,2023-12-22 20:00:00,shipped
ORD001863,OC001863,2023-08-18 21:00:00,delivered
ORD001864,OC001864,2024-10-15 19:00:00,delivered
ORD001865,OC001865,2023-02-22 14:00:00,delivered
ORD001866,OC001866,2024-11-16 12:00:00,delivered
ORD001867,OC001867,2023-12-26 20:00:00,delivered
ORD001868,OC001868,2024-03-26 18:00:00,delivered
ORD001869,OC001869,2024-05-25 13:00:00,delivered
ORD001870,OC001870,2024-06-17 20:00:00,delivered
ORD001871,OC001871,2024-11-21 09:00:00,shipped
ORD001872,OC001872,2024-05-24 17:00:00,delivered
ORD001873,OC001873,2024-06-07 21:00:00,delivered
ORD001874,OC001874,2024-08-08 15:00:00,delivered
ORD001875,OC001875,2024-10-14 16:00:00,delivered
ORD001876,OC001876,2024-05-18 12:00:00,delivered
ORD001877,OC001877,2024-07-27 16:00:00,delivered
ORD001878,OC001878,2023-03-08 08:00:00,delivered
ORD001879,OC001879,2024-02-16 08:00:00,delivered
ORD001880,OC001880,2023-05-06 12:00:00,delivered
ORD001881,OC001881,2024-08-15 17:00:00,delivered
ORD001882,OC001882,2024-10-04 08:00:00,delivered
ORD001883,OC001883,2024-11-05 12:00:00,delivered
ORD001884,OC001884,2024-02-22 08:00:00,canceled
ORD001885,OC001885,2024-06-08 09:00:00,delivered
ORD001886,OC001886,2023-02-24 21:00:00,delivered
ORD001887,OC001887,2023-03-14 16:00:00,delivered
ORD001888,OC001888,2024-07-16 18:00:00,delivered
ORD001889,OC001889,2023-03-10 18:00:00,delivered
ORD001890,OC001890,2023-03-19 20:00:00,delivered
ORD001891,OC001891,2023-01-17 21:00:00,delivered
ORD001892,OC001892,2024-12-05 10:00:00,delivered
ORD001893,OC001893,2024-08-25 08:00:00,delivered
ORD001894,OC001894,2023-11-14 20:00:00,delivered
ORD001895,OC001895,2023-12-02 16:00:00,delivered
ORD001896,OC001896,2023-09-24 21:00:00,delivered
ORD001897,OC001897,2023-11-01 12:00:00,delivered
ORD001898,OC001898,2024-09-04 19:00:00,delivered
ORD001899,OC001899,2024-06-10 20:00:00,delivered
ORD001900,OC001900,2023-06-25 15:00:00,delivered
ORD001901,OC001901,2023-07-26 20:00:00,delivered
ORD001902,OC001902,2023-08-17 11:00:00,delivered
ORD001903,OC001903,2023-09-07 09:00:00,delivered
ORD001904,OC001904,2023-10-07 19:00:00,delivered
ORD001905,OC001905,2023-11-22 11:00:00,delivered
ORD001906,OC001906,2023-12-21 15:00:00,delivered
ORD001907,OC001907,2024-01-17 13:00:00,delivered
ORD001908,OC001908,2023-06-13 10:00:00,delivered
ORD001909,OC001909,2023-04-12 11:00:00,delivered
ORD001910,OC001910,2024-06-23 09:00:00,delivered
ORD001911,OC001911,2024-08-22 10:00:00,delivered
ORD001912,OC001912,2024-09-03 19:00:00,delivered
ORD001913,OC001913,2024-11-08 19:00:00,delivered
ORD001914,OC001914,2023-09-12 15:00:00,delivered
ORD001915,OC001915,2023-01-21 15:00:00,delivered
ORD001916,OC001916,2023-03-06 12:00:00,delivered
ORD001917,OC001917,2024-12-10 21:00:00,delivered
ORD001918,OC001918,2023-09-13 17:00:00,delivered
ORD001919,OC001919,2023-10-16 14:00:00,delivered
ORD001920,OC001920,2024-09-25 14:00:00,delivered
ORD001921,OC001921,2024-10-25 20:00:00,delivered
ORD001922,OC001922,2024-05-23 21:00:00,delivered
ORD001923,OC001923,2024-07-23 18:00:00,delivered
ORD001924,OC001924,2024-08-13 17:00:00,delivered
ORD001925,OC001925,2024-09-18 14:00:00,delivered
ORD001926,OC001926,2024-11-12 11:00:00,delivered
ORD001927,OC001927,2024-12-27 16:00:00,delivered
ORD001928,OC001928,2023-11-03 17:00:00,delivered
ORD001929,OC001929,2023-07-03 16:00:00,delivered
ORD001930,OC001930,2023-04-16 14:00:00,delivered
ORD001931,OC001931,2024-05-07 09:00:00,delivered
ORD001932,OC001932,2024-09-01 11:00:00,delivered
ORD001933,OC001933,2024-05-22 17:00:00,delivered
ORD001934,OC001934,2024-02-05 09:00:00,delivered
ORD001935,OC001935,2023-02-09 19:00:00,delivered
ORD001936,OC001936,2023-03-01 20:00:00,delivered
ORD001937,OC001937,2023-07-02 10:00:00,delivered
ORD001938,OC001938,2023-11-09 21:00:00,delivered
ORD001939,OC001939,2024-12-04 16:00:00,delivered
ORD001940,OC001940,2024-09-05 10:00:00,delivered
ORD001941,OC001941,2023-09-25 20:00:00,delivered
ORD001942,OC001942,2024-12-21 15:00:00,delivered
ORD001943,OC001943,2024-04-24 19:00:00,delivered
ORD001944,OC001944,2024-04-11 14:00:00,delivered
ORD001945,OC001945,2024-08-03 21:00:00,delivered
ORD001946,OC001946,2024-10-15 19:00:00,delivered
ORD001947,OC001947,2024-06-16 15:00:00,delivered
ORD001948,OC001948,2023-05-13 21:00:00,delivered
ORD001949,OC001949,2023-10-10 15:00:00,canceled
ORD001950,OC001950,2024-11-10 11:00:00,delivered
ORD001951,OC001951,2023-07-15 18:00:00,delivered
ORD001952,OC001952,2023-11-20 08:00:00,delivered
ORD001953,OC001953,2023-12-10 15:00:00,delivered
ORD001954,OC001954,2023-12-11 21:00:00,delivered
ORD001955,OC001955,2024-02-12 18:00:00,delivered
ORD001956,OC001956,2024-03-16 20:00:00,delivered
ORD001957,OC001957,2024-04-01 08:00:00,delivered
ORD001958,OC001958,2024-06-13 11:00:00,delivered
ORD001959,OC001959,2023-12-23 08:00:00,delivered
ORD001960,OC001960,2024-05-20 16:00:00,delivered
ORD001961,OC001961,2024-12-20 11:00:00,delivered
ORD001962,OC001962,2023-08-14 21:00:00,delivered
ORD001963,OC001963,2023-04-21 13:00:00,delivered
ORD001964,OC001964,2023-05-03 09:00:00,delivered
ORD001965,OC001965,2023-06-26 19:00:00,delivered
ORD001966,OC001966,2023-08-09 10:00:00,delivered
ORD001967,OC001967,2023-07-27 08:00:00,delivered
ORD001968,OC001968,2024-11-12 13:00:00,delivered
ORD001969,OC001969,2024-05-25 10:00:00,delivered
ORD001970,OC001970,2023-09-27 16:00:00,delivered
ORD001971,OC001971,2023-11-23 12:00:00,delivered
ORD001972,OC001972,2024-01-06 19:00:00,delivered
ORD001973,OC001973,2024-02-06 14:00:00,delivered
ORD001974,OC001974,2024-03-08 12:00:00,delivered
ORD001975,OC001975,2024-10-23 11:00:00,delivered
ORD001976,OC001976,2024-11-04 17:00:00,shipped
ORD001977,OC001977,2024-10-07 15:00:00,shipped
ORD001978,OC001978,2024-11-03 21:00:00,delivered
ORD001979,OC001979,2023-08-18 17:00:00,delivered
ORD001980,OC001980,2024-08-19 18:00:00,delivered
ORD001981,OC001981,2023-12-19 19:00:00,delivered
ORD001982,OC001982,2024-02-27 09:00:00,delivered
ORD001983,OC001983,2024-03-13 20:00:00,delivered
ORD001984,OC001984,2024-04-03 11:00:00,delivered
ORD001985,OC001985,2024-06-22 17:00:00,delivered
ORD001986,OC001986,2024-07-12 13:00:00,delivered
ORD001987,OC001987,2024-08-24 09:00:00,delivered
ORD001988,OC001988,2024-10-17 15:00:00,delivered
ORD001989,OC001989,2024-08-05 17:00:00,delivered
ORD001990,OC001990,2024-09-20 19:00:00,delivered
ORD001991,OC001991,2024-06-13 17:00:00,delivered
ORD001992,OC001992,2023-06-19 15:00:00,delivered
ORD001993,OC001993,2024-03-04 09:00:00,delivered
ORD001994,OC001994,2024-12-02 09:00:00,delivered
ORD001995,OC001995,2024-12-26 10:00:00,delivered
ORD001996,OC001996,2023-02-22 21:00:00,delivered
ORD001997,OC001997,2023-06-20 17:00:00,delivered
ORD001998,OC001998,2023-05-01 20:00:00,delivered
ORD001999,OC001999,2024-08-21 14:00:00,delivered
ORD002000,OC002000,2024-12-16 13:00:00,delivered
ORD002001,OC002001,2024-10-12 13:00:00,delivered
ORD002002,OC002002,2023-07-15 10:00:00,delivered
ORD002003,OC002003,2024-02-15 19:00:00,delivered
ORD002004,OC002004,2024-10-20 12:00:00,delivered
ORD002005,OC002005,2024-08-13 15:00:00,delivered
ORD002006,OC002006,2024-03-06 10:00:00,delivered
ORD002007,OC002007,2024-04-20 08:00:00,delivered
ORD002008,OC002008,2024-08-15 15:00:00,shipped
ORD002009,OC002009,2024-02-10 18:00:00,delivered
ORD002010,OC002010,2023-09-25 21:00:00,delivered
ORD002011,OC002011,2024-03-12 19:00:00,shipped
ORD002012,OC002012,2024-07-25 11:00:00,delivered
ORD002013,OC002013,2024-07-27 08:00:00,delivered
ORD002014,OC002014,2024-11-26 18:00:00,delivered
ORD002015,OC002015,2024-05-11 16:00:00,delivered
ORD002016,OC002016,2024-08-07 09:00:00,delivered
ORD002017,OC002017,2023-06-08 09:00:00,delivered
ORD002018,OC002018,2023-12-06 16:00:00,delivered
ORD002019,OC002019,2024-01-22 20:00:00,delivered
ORD002020,OC002020,2024-02-09 08:00:00,delivered
ORD002021,OC002021,2023-01-18 13:00:00,delivered
ORD002022,OC002022,2023-08-18 08:00:00,delivered
ORD002023,OC002023,2024-08-03 10:00:00,delivered
ORD002024,OC002024,2024-12-22 17:00:00,delivered
ORD002025,OC002025,2023-04-22 08:00:00,delivered
ORD002026,OC002026,2023-11-12 20:00:00,delivered
ORD002027,OC002027,2024-09-27 19:00:00,delivered
ORD002028,OC002028,2023-07-26 14:00:00,delivered
ORD002029,OC002029,2024-03-15 17:00:00,delivered
ORD002030,OC002030,2024-08-03 08:00:00,delivered
ORD002031,OC002031,2024-05-18 16:00:00,delivered
ORD002032,OC002032,2023-06-15 14:00:00,delivered
ORD002033,OC002033,2023-11-08 09:00:00,delivered
ORD002034,OC002034,2024-09-04 11:00:00,delivered
ORD002035,OC002035,2024-03-17 12:00:00,delivered
ORD002036,OC002036,2023-01-17 18:00:00,delivered
ORD002037,OC002037,2024-08-07 18:00:00,delivered
ORD002038,OC002038,2023-02-25 21:00:00,delivered
ORD002039,OC002039,2024-08-05 11:00:00,delivered
ORD002040,OC002040,2024-10-05 18:00:00,delivered
ORD002041,OC002041,2023-07-21 12:00:00,delivered
ORD002042,OC002042,2024-12-09 15:00:00,delivered
ORD002043,OC002043,2023-11-14 20:00:00,delivered
ORD002044,OC002044,2023-10-13 15:00:00,delivered
ORD002045,OC002045,2023-05-09 17:00:00,delivered
ORD002046,OC002046,2023-10-11 12:00:00,delivered
ORD002047,OC002047,2023-11-18 15:00:00,delivered
ORD002048,OC002048,2023-12-27 20:00:00,delivered
ORD002049,OC002049,2024-02-02 10:00:00,delivered
ORD002050,OC002050,2024-04-05 14:00:00,delivered
ORD002051,OC002051,2024-05-19 12:00:00,delivered
ORD002052,OC002052,2024-07-01 13:00:00,delivered
ORD002053,OC002053,2024-09-05 08:00:00,delivered
ORD002054,OC002054,2024-11-08 10:00:00,delivered
ORD002055,OC002055,2024-12-23 19:00:00,delivered
ORD002056,OC002056,2024-11-19 13:00:00,canceled
ORD002057,OC002057,2024-12-27 13:00:00,delivered
ORD002058,OC002058,2023-11-20 11:00:00,delivered
ORD002059,OC002059,2023-12-13 13:00:00,delivered
ORD002060,OC002060,2024-07-17 10:00:00,delivered
ORD002061,OC002061,2024-11-19 14:00:00,delivered
ORD002062,OC002062,2024-04-05 16:00:00,delivered
ORD002063,OC002063,2023-11-25 12:00:00,delivered
ORD002064,OC002064,2023-12-08 10:00:00,delivered
ORD002065,OC002065,2024-07-07 18:00:00,delivered
ORD002066,OC002066,2023-01-20 13:00:00,delivered
ORD002067,OC002067,2024-05-26 10:00:00,delivered
ORD002068,OC002068,2024-06-26 13:00:00,delivered
ORD002069,OC002069,2024-08-11 16:00:00,delivered
ORD002070,OC002070,2024-10-12 18:00:00,delivered
ORD002071,OC002071,2023-11-26 17:00:00,delivered
ORD002072,OC002072,2024-01-15 17:00:00,delivered
ORD002073,OC002073,2024-03-01 13:00:00,delivered
ORD002074,OC002074,2024-05-18 13:00:00,delivered
ORD002075,OC002075,2024-06-04 17:00:00,delivered
ORD002076,OC002076,2024-07-11 18:00:00,delivered
ORD002077,OC002077,2024-09-06 13:00:00,delivered
ORD002078,OC002078,2024-09-13 10:00:00,delivered
ORD002079,OC002079,2023-04-06 20:00:00,delivered
ORD002080,OC002080,2024-04-13 15:00:00,delivered
ORD002081,OC002081,2024-01-13 20:00:00,delivered
ORD002082,OC002082,2024-05-03 19:00:00,delivered
ORD002083,OC002083,2024-07-25 21:00:00,delivered
ORD002084,OC002084,2024-11-25 14:00:00,delivered
ORD002085,OC002085,2023-03-09 10:00:00,delivered
ORD002086,OC002086,2023-05-26 08:00:00,delivered
ORD002087,OC002087,2023-07-21 17:00:00,delivered
ORD002088,OC002088,2023-09-10 18:00:00,delivered
ORD002089,OC002089,2023-10-02 14:00:00,delivered
ORD002090,OC002090,2023-11-05 08:00:00,delivered
ORD002091,OC002091,2023-12-08 11:00:00,delivered
ORD002092,OC002092,2024-01-26 14:00:00,delivered
ORD002093,OC002093,2024-02-15 17:00:00,delivered
ORD002094,OC002094,2024-03-14 19:00:00,delivered
ORD002095,OC002095,2024-05-20 08:00:00,delivered
ORD002096,OC002096,2024-07-18 21:00:00,delivered
ORD002097,OC002097,2024-08-11 14:00:00,delivered
ORD002098,OC002098,2024-04-03 10:00:00,delivered
ORD002099,OC002099,2024-03-23 19:00:00,delivered
ORD002100,OC002100,2024-03-16 21:00:00,delivered
ORD002101,OC002101,2024-05-18 11:00:00,delivered
ORD002102,OC002102,2024-07-05 08:00:00,delivered
ORD002103,OC002103,2024-09-17 10:00:00,delivered
ORD002104,OC002104,2024-11-18 12:00:00,delivered
ORD002105,OC002105,2024-12-11 20:00:00,delivered
ORD002106,OC002106,2024-04-12 17:00:00,delivered
ORD002107,OC002107,2024-06-03 14:00:00,delivered
ORD002108,OC002108,2024-09-16 20:00:00,delivered
ORD002109,OC002109,2023-09-23 20:00:00,delivered
ORD002110,OC002110,2023-10-04 10:00:00,delivered
ORD002111,OC002111,2023-11-27 20:00:00,delivered
ORD002112,OC002112,2024-10-01 12:00:00,delivered
ORD002113,OC002113,2024-01-05 18:00:00,delivered
ORD002114,OC002114,2023-03-11 18:00:00,delivered
ORD002115,OC002115,2023-03-07 20:00:00,delivered
ORD002116,OC002116,2023-10-11 08:00:00,delivered
ORD002117,OC002117,2024-09-14 19:00:00,delivered
ORD002118,OC002118,2024-07-10 15:00:00,delivered
ORD002119,OC002119,2024-09-03 12:00:00,delivered
ORD002120,OC002120,2024-02-18 15:00:00,delivered
ORD002121,OC002121,2024-04-04 09:00:00,delivered
ORD002122,OC002122,2024-05-07 16:00:00,delivered
ORD002123,OC002123,2024-06-27 21:00:00,delivered
ORD002124,OC002124,2024-08-12 20:00:00,delivered
ORD002125,OC002125,2024-10-21 08:00:00,delivered
ORD002126,OC002126,2024-12-27 15:00:00,delivered
ORD002127,OC002127,2023-12-08 20:00:00,delivered
ORD002128,OC002128,2023-05-09 17:00:00,delivered
ORD002129,OC002129,2023-10-09 08:00:00,delivered
ORD002130,OC002130,2024-01-04 21:00:00,delivered
ORD002131,OC002131,2023-12-07 08:00:00,delivered
ORD002132,OC002132,2023-04-06 10:00:00,delivered
ORD002133,OC002133,2023-07-03 10:00:00,delivered
ORD002134,OC002134,2024-04-11 15:00:00,delivered
ORD002135,OC002135,2024-08-01 21:00:00,delivered
ORD002136,OC002136,2024-10-12 11:00:00,delivered
ORD002137,OC002137,2024-12-02 11:00:00,delivered
ORD002138,OC002138,2024-12-27 20:00:00,delivered
ORD002139,OC002139,2024-05-13 13:00:00,delivered
ORD002140,OC002140,2023-12-24 18:00:00,delivered
ORD002141,OC002141,2024-04-16 15:00:00,delivered
ORD002142,OC002142,2024-05-22 17:00:00,delivered
ORD002143,OC002143,2024-09-15 14:00:00,delivered
ORD002144,OC002144,2023-04-24 10:00:00,delivered
ORD002145,OC002145,2023-12-03 11:00:00,delivered
ORD002146,OC002146,2024-10-02 13:00:00,delivered
ORD002147,OC002147,2023-11-15 09:00:00,delivered
ORD002148,OC002148,2024-03-03 09:00:00,delivered
ORD002149,OC002149,2024-04-06 17:00:00,delivered
ORD002150,OC002150,2024-04-04 12:00:00,delivered
ORD002151,OC002151,2023-06-01 13:00:00,delivered
ORD002152,OC002152,2023-11-25 14:00:00,delivered
ORD002153,OC002153,2023-10-19 20:00:00,delivered
ORD002154,OC002154,2023-11-17 15:00:00,delivered
ORD002155,OC002155,2023-01-20 08:00:00,delivered
ORD002156,OC002156,2023-01-07 12:00:00,canceled
ORD002157,OC002157,2024-10-27 20:00:00,delivered
ORD002158,OC002158,2024-11-18 12:00:00,delivered
ORD002159,OC002159,2024-12-01 19:00:00,delivered
ORD002160,OC002160,2023-09-26 19:00:00,delivered
ORD002161,OC002161,2024-02-08 16:00:00,delivered
ORD002162,OC002162,2023-10-23 14:00:00,delivered
ORD002163,OC002163,2024-12-08 19:00:00,delivered
ORD002164,OC002164,2023-08-06 16:00:00,delivered
ORD002165,OC002165,2023-12-26 09:00:00,delivered
ORD002166,OC002166,2024-11-03 13:00:00,delivered
ORD002167,OC002167,2024-10-21 17:00:00,delivered
ORD002168,OC002168,2023-06-10 16:00:00,delivered
ORD002169,OC002169,2023-08-15 21:00:00,canceled
ORD002170,OC002170,2024-09-19 19:00:00,delivered
ORD002171,OC002171,2023-12-22 17:00:00,delivered
ORD002172,OC002172,2024-01-03 09:00:00,delivered
ORD002173,OC002173,2024-04-10 19:00:00,delivered
ORD002174,OC002174,2024-06-24 09:00:00,delivered
ORD002175,OC002175,2024-07-07 21:00:00,delivered
ORD002176,OC002176,2024-08-09 14:00:00,delivered
ORD002177,OC002177,2023-05-26 16:00:00,delivered
ORD002178,OC002178,2023-03-03 14:00:00,delivered
ORD002179,OC002179,2024-08-02 21:00:00,delivered
ORD002180,OC002180,2024-10-13 20:00:00,delivered
ORD002181,OC002181,2024-01-19 10:00:00,delivered
ORD002182,OC002182,2023-12-23 21:00:00,delivered
ORD002183,OC002183,2024-04-01 13:00:00,delivered
ORD002184,OC002184,2024-08-24 19:00:00,delivered
ORD002185,OC002185,2024-08-03 10:00:00,delivered
ORD002186,OC002186,2023-06-13 09:00:00,delivered
ORD002187,OC002187,2023-09-19 19:00:00,canceled
ORD002188,OC002188,2023-12-25 12:00:00,delivered
ORD002189,OC002189,2024-03-19 10:00:00,delivered
ORD002190,OC002190,2024-05-15 18:00:00,delivered
ORD002191,OC002191,2023-05-26 18:00:00,delivered
ORD002192,OC002192,2023-06-27 15:00:00,delivered
ORD002193,OC002193,2023-07-23 14:00:00,delivered
ORD002194,OC002194,2023-11-20 10:00:00,delivered
ORD002195,OC002195,2024-08-27 18:00:00,delivered
ORD002196,OC002196,2024-06-22 09:00:00,delivered
ORD002197,OC002197,2024-08-02 17:00:00,delivered
ORD002198,OC002198,2024-10-09 12:00:00,delivered
ORD002199,OC002199,2024-12-17 15:00:00,delivered
ORD002200,OC002200,2024-12-21 15:00:00,delivered
ORD002201,OC002201,2023-03-06 15:00:00,delivered
ORD002202,OC002202,2023-03-01 21:00:00,delivered
ORD002203,OC002203,2023-09-12 10:00:00,delivered
ORD002204,OC002204,2023-12-07 09:00:00,delivered
ORD002205,OC002205,2024-03-12 10:00:00,delivered
ORD002206,OC002206,2023-09-15 12:00:00,delivered
ORD002207,OC002207,2023-08-06 20:00:00,delivered
ORD002208,OC002208,2024-11-15 08:00:00,delivered
ORD002209,OC002209,2024-12-10 18:00:00,delivered
ORD002210,OC002210,2023-08-17 13:00:00,delivered
ORD002211,OC002211,2023-09-20 13:00:00,delivered
ORD002212,OC002212,2023-10-24 14:00:00,delivered
ORD002213,OC002213,2023-12-17 15:00:00,delivered
ORD002214,OC002214,2024-01-03 20:00:00,delivered
ORD002215,OC002215,2024-02-22 17:00:00,delivered
ORD002216,OC002216,2024-08-10 21:00:00,delivered
ORD002217,OC002217,2023-12-23 20:00:00,delivered
ORD002218,OC002218,2024-01-20 08:00:00,delivered
ORD002219,OC002219,2024-09-07 21:00:00,delivered
ORD002220,OC002220,2024-10-05 15:00:00,delivered
ORD002221,OC002221,2023-03-24 18:00:00,delivered
ORD002222,OC002222,2024-01-01 21:00:00,delivered
ORD002223,OC002223,2023-02-13 09:00:00,delivered
ORD002224,OC002224,2023-03-26 20:00:00,delivered
ORD002225,OC002225,2023-06-06 16:00:00,delivered
ORD002226,OC002226,2024-11-21 16:00:00,delivered
ORD002227,OC002227,2023-05-10 13:00:00,delivered
ORD002228,OC002228,2023-06-02 08:00:00,delivered
ORD002229,OC002229,2023-08-14 09:00:00,delivered
ORD002230,OC002230,2023-11-10 14:00:00,delivered
ORD002231,OC002231,2024-03-13 13:00:00,delivered
ORD002232,OC002232,2023-12-05 20:00:00,delivered
ORD002233,OC002233,2023-11-20 17:00:00,delivered
ORD002234,OC002234,2024-11-15 08:00:00,delivered
ORD002235,OC002235,2023-01-15 14:00:00,delivered
ORD002236,OC002236,2023-03-14 18:00:00,delivered
ORD002237,OC002237,2023-04-08 08:00:00,delivered
ORD002238,OC002238,2023-06-24 21:00:00,delivered
ORD002239,OC002239,2023-10-24 14:00:00,delivered
ORD002240,OC002240,2024-06-10 15:00:00,delivered
ORD002241,OC002241,2024-07-13 17:00:00,delivered
ORD002242,OC002242,2024-12-05 20:00:00,delivered
ORD002243,OC002243,2024-03-04 09:00:00,delivered
ORD002244,OC002244,2024-12-03 18:00:00,delivered
ORD002245,OC002245,2023-02-20 12:00:00,delivered
ORD002246,OC002246,2023-06-19 16:00:00,delivered
ORD002247,OC002247,2023-12-08 15:00:00,delivered
ORD002248,OC002248,2024-02-02 08:00:00,delivered
ORD002249,OC002249,2023-08-21 11:00:00,delivered
ORD002250,OC002250,2024-08-08 13:00:00,delivered
ORD002251,OC002251,2024-12-10 18:00:00,canceled
ORD002252,OC002252,2023-08-23 20:00:00,delivered
ORD002253,OC002253,2023-11-12 17:00:00,delivered
ORD002254,OC002254,2023-12-08 13:00:00,delivered
ORD002255,OC002255,2024-04-12 15:00:00,delivered
ORD002256,OC002256,2024-06-01 14:00:00,delivered
ORD002257,OC002257,2023-07-05 13:00:00,delivered
ORD002258,OC002258,2024-03-03 17:00:00,delivered
ORD002259,OC002259,2023-12-14 14:00:00,delivered
ORD002260,OC002260,2024-12-18 16:00:00,delivered
ORD002261,OC002261,2024-05-20 13:00:00,delivered
ORD002262,OC002262,2023-11-12 09:00:00,delivered
ORD002263,OC002263,2023-04-08 17:00:00,delivered
ORD002264,OC002264,2023-05-01 14:00:00,delivered
ORD002265,OC002265,2023-08-16 10:00:00,delivered
ORD002266,OC002266,2023-05-05 13:00:00,delivered
ORD002267,OC002267,2023-07-09 13:00:00,delivered
ORD002268,OC002268,2023-08-15 18:00:00,delivered
ORD002269,OC002269,2023-10-07 14:00:00,delivered
ORD002270,OC002270,2023-12-18 20:00:00,delivered
ORD002271,OC002271,2024-01-16 19:00:00,delivered
ORD002272,OC002272,2024-02-04 15:00:00,delivered
ORD002273,OC002273,2024-10-20 10:00:00,delivered
ORD002274,OC002274,2024-12-22 09:00:00,delivered
ORD002275,OC002275,2024-03-24 19:00:00,delivered
ORD002276,OC002276,2024-02-09 20:00:00,delivered
ORD002277,OC002277,2023-04-24 09:00:00,delivered
ORD002278,OC002278,2023-05-04 09:00:00,delivered
ORD002279,OC002279,2024-11-07 08:00:00,delivered
ORD002280,OC002280,2024-12-22 18:00:00,delivered
ORD002281,OC002281,2024-07-02 13:00:00,delivered
ORD002282,OC002282,2023-03-23 08:00:00,delivered
ORD002283,OC002283,2024-07-09 19:00:00,delivered
ORD002284,OC002284,2024-03-03 10:00:00,shipped
ORD002285,OC002285,2023-03-17 10:00:00,delivered
ORD002286,OC002286,2023-12-18 18:00:00,delivered
ORD002287,OC002287,2024-01-12 21:00:00,shipped
ORD002288,OC002288,2023-06-22 08:00:00,delivered
ORD002289,OC002289,2024-12-13 20:00:00,delivered
ORD002290,OC002290,2024-10-21 19:00:00,delivered
ORD002291,OC002291,2024-06-21 20:00:00,delivered
ORD002292,OC002292,2023-12-09 17:00:00,delivered
ORD002293,OC002293,2023-12-10 21:00:00,delivered
ORD002294,OC002294,2024-06-18 08:00:00,delivered
ORD002295,OC002295,2024-10-01 08:00:00,delivered
ORD002296,OC002296,2024-03-20 11:00:00,delivered
ORD002297,OC002297,2023-03-07 16:00:00,delivered
ORD002298,OC002298,2023-04-06 20:00:00,delivered
ORD002299,OC002299,2023-05-24 14:00:00,delivered
ORD002300,OC002300,2023-07-08 13:00:00,delivered
ORD002301,OC002301,2023-08-18 13:00:00,delivered
ORD002302,OC002302,2023-10-15 17:00:00,delivered
ORD002303,OC002303,2024-02-17 10:00:00,delivered
ORD002304,OC002304,2024-03-16 08:00:00,delivered
ORD002305,OC002305,2024-05-06 13:00:00,delivered
ORD002306,OC002306,2024-07-05 19:00:00,delivered
ORD002307,OC002307,2024-09-11 19:00:00,delivered
ORD002308,OC002308,2023-12-21 15:00:00,delivered
ORD002309,OC002309,2023-02-03 08:00:00,delivered
ORD002310,OC002310,2023-05-14 08:00:00,delivered
ORD002311,OC002311,2024-09-26 19:00:00,delivered
ORD002312,OC002312,2023-07-25 16:00:00,delivered
ORD002313,OC002313,2023-08-11 08:00:00,delivered
ORD002314,OC002314,2023-06-26 08:00:00,shipped
ORD002315,OC002315,2023-08-24 09:00:00,delivered
ORD002316,OC002316,2023-09-25 15:00:00,delivered
ORD002317,OC002317,2023-10-13 14:00:00,delivered
ORD002318,OC002318,2023-11-02 08:00:00,delivered
ORD002319,OC002319,2023-10-12 14:00:00,delivered
ORD002320,OC002320,2024-08-17 16:00:00,delivered
ORD002321,OC002321,2024-12-01 14:00:00,delivered
ORD002322,OC002322,2024-02-21 21:00:00,delivered
ORD002323,OC002323,2023-07-02 21:00:00,delivered
ORD002324,OC002324,2024-11-17 13:00:00,delivered
ORD002325,OC002325,2024-11-03 10:00:00,shipped
ORD002326,OC002326,2024-11-11 21:00:00,delivered
ORD002327,OC002327,2023-08-26 16:00:00,delivered
ORD002328,OC002328,2023-12-19 09:00:00,delivered
ORD002329,OC002329,2024-12-25 15:00:00,delivered
ORD002330,OC002330,2024-09-21 18:00:00,delivered
ORD002331,OC002331,2023-01-07 14:00:00,delivered
ORD002332,OC002332,2023-03-16 15:00:00,delivered
ORD002333,OC002333,2023-12-14 21:00:00,delivered
ORD002334,OC002334,2024-11-04 18:00:00,delivered
ORD002335,OC002335,2024-03-09 13:00:00,delivered
ORD002336,OC002336,2024-01-07 11:00:00,delivered
ORD002337,OC002337,2023-04-12 21:00:00,delivered
ORD002338,OC002338,2024-06-19 16:00:00,delivered
ORD002339,OC002339,2024-10-22 11:00:00,delivered
ORD002340,OC002340,2024-11-16 21:00:00,delivered
ORD002341,OC002341,2023-11-22 20:00:00,delivered
ORD002342,OC002342,2024-09-15 10:00:00,delivered
ORD002343,OC002343,2024-12-10 21:00:00,delivered
ORD002344,OC002344,2023-07-24 10:00:00,delivered
ORD002345,OC002345,2024-02-24 14:00:00,delivered
ORD002346,OC002346,2023-09-27 11:00:00,delivered
ORD002347,OC002347,2024-09-15 11:00:00,delivered
ORD002348,OC002348,2024-04-21 11:00:00,delivered
ORD002349,OC002349,2024-08-14 21:00:00,delivered
ORD002350,OC002350,2024-09-10 18:00:00,delivered
ORD002351,OC002351,2024-05-21 16:00:00,delivered
ORD002352,OC002352,2024-09-22 16:00:00,delivered
ORD002353,OC002353,2023-11-24 15:00:00,delivered
ORD002354,OC002354,2024-11-25 15:00:00,delivered
ORD002355,OC002355,2024-03-20 21:00:00,delivered
ORD002356,OC002356,2024-04-08 20:00:00,delivered
ORD002357,OC002357,2024-07-26 19:00:00,delivered
ORD002358,OC002358,2024-10-02 14:00:00,delivered
ORD002359,OC002359,2023-05-04 09:00:00,delivered
ORD002360,OC002360,2024-07-07 12:00:00,delivered
ORD002361,OC002361,2024-09-04 09:00:00,delivered
ORD002362,OC002362,2023-10-03 10:00:00,delivered
ORD002363,OC002363,2024-10-15 20:00:00,delivered
ORD002364,OC002364,2024-11-03 13:00:00,delivered
ORD002365,OC002365,2023-09-10 21:00:00,delivered
ORD002366,OC002366,2024-12-04 15:00:00,shipped
ORD002367,OC002367,2023-05-05 08:00:00,delivered
ORD002368,OC002368,2023-06-27 16:00:00,delivered
ORD002369,OC002369,2023-07-21 17:00:00,delivered
ORD002370,OC002370,2023-09-02 18:00:00,delivered
ORD002371,OC002371,2023-10-12 14:00:00,delivered
ORD002372,OC002372,2023-12-25 16:00:00,shipped
ORD002373,OC002373,2023-06-05 16:00:00,shipped
ORD002374,OC002374,2023-10-25 11:00:00,delivered
ORD002375,OC002375,2024-11-02 17:00:00,delivered
ORD002376,OC002376,2024-06-11 12:00:00,delivered
ORD002377,OC002377,2023-05-04 19:00:00,delivered
ORD002378,OC002378,2023-12-21 20:00:00,delivered
ORD002379,OC002379,2024-05-09 14:00:00,delivered
ORD002380,OC002380,2023-03-20 14:00:00,delivered
ORD002381,OC002381,2023-05-04 08:00:00,delivered
ORD002382,OC002382,2024-11-19 21:00:00,delivered
ORD002383,OC002383,2024-09-08 18:00:00,delivered
ORD002384,OC002384,2024-02-11 12:00:00,shipped
ORD002385,OC002385,2024-04-15 13:00:00,delivered
ORD002386,OC002386,2024-06-01 11:00:00,delivered
ORD002387,OC002387,2024-07-27 21:00:00,delivered
ORD002388,OC002388,2024-09-07 16:00:00,delivered
ORD002389,OC002389,2024-12-11 19:00:00,delivered
ORD002390,OC002390,2023-12-26 17:00:00,delivered
ORD002391,OC002391,2024-12-24 18:00:00,delivered
ORD002392,OC002392,2024-06-06 18:00:00,delivered
ORD002393,OC002393,2024-08-06 11:00:00,canceled
ORD002394,OC002394,2024-05-24 12:00:00,delivered
ORD002395,OC002395,2023-06-09 11:00:00,delivered
ORD002396,OC002396,2024-11-10 08:00:00,delivered
ORD002397,OC002397,2023-12-17 14:00:00,delivered
ORD002398,OC002398,2024-01-10 20:00:00,delivered
ORD002399,OC002399,2024-02-17 14:00:00,delivered
ORD002400,OC002400,2024-03-22 13:00:00,delivered
ORD002401,OC002401,2023-06-20 20:00:00,delivered
ORD002402,OC002402,2023-08-25 09:00:00,delivered
ORD002403,OC002403,2023-12-27 13:00:00,delivered
ORD002404,OC002404,2024-02-26 15:00:00,delivered
ORD002405,OC002405,2024-06-22 20:00:00,delivered
ORD002406,OC002406,2023-01-10 15:00:00,delivered
ORD002407,OC002407,2024-03-01 08:00:00,delivered
ORD002408,OC002408,2024-02-05 08:00:00,delivered
ORD002409,OC002409,2024-07-05 17:00:00,delivered
ORD002410,OC002410,2024-08-03 21:00:00,delivered
ORD002411,OC002411,2024-09-23 15:00:00,delivered
ORD002412,OC002412,2024-11-14 13:00:00,delivered
ORD002413,OC002413,2023-03-14 14:00:00,delivered
ORD002414,OC002414,2023-04-11 18:00:00,delivered
ORD002415,OC002415,2023-05-21 12:00:00,canceled
ORD002416,OC002416,2024-08-27 13:00:00,delivered
ORD002417,OC002417,2023-06-15 14:00:00,delivered
ORD002418,OC002418,2024-11-02 16:00:00,delivered
ORD002419,OC002419,2024-12-22 13:00:00,delivered
ORD002420,OC002420,2024-10-06 09:00:00,delivered
ORD002421,OC002421,2024-03-27 15:00:00,delivered
ORD002422,OC002422,2024-07-23 17:00:00,delivered
ORD002423,OC002423,2024-09-14 16:00:00,delivered
ORD002424,OC002424,2023-10-02 12:00:00,shipped
ORD002425,OC002425,2024-01-02 12:00:00,delivered
ORD002426,OC002426,2024-10-14 21:00:00,delivered
ORD002427,OC002427,2024-11-11 15:00:00,delivered
ORD002428,OC002428,2024-12-08 10:00:00,delivered
ORD002429,OC002429,2023-12-21 13:00:00,delivered
ORD002430,OC002430,2023-11-20 09:00:00,delivered
ORD002431,OC002431,2024-01-17 09:00:00,delivered
ORD002432,OC002432,2024-01-06 10:00:00,delivered
ORD002433,OC002433,2024-10-12 11:00:00,delivered
ORD002434,OC002434,2023-10-25 14:00:00,delivered
ORD002435,OC002435,2023-06-26 20:00:00,delivered
ORD002436,OC002436,2024-07-01 15:00:00,delivered
ORD002437,OC002437,2024-10-14 09:00:00,delivered
ORD002438,OC002438,2023-04-11 16:00:00,delivered
ORD002439,OC002439,2023-08-03 18:00:00,delivered
ORD002440,OC002440,2023-05-24 12:00:00,delivered
ORD002441,OC002441,2023-11-01 20:00:00,canceled
ORD002442,OC002442,2023-12-23 18:00:00,delivered
ORD002443,OC002443,2024-08-08 17:00:00,delivered
ORD002444,OC002444,2024-06-19 13:00:00,delivered
ORD002445,OC002445,2024-10-04 11:00:00,delivered
ORD002446,OC002446,2024-05-05 17:00:00,delivered
ORD002447,OC002447,2023-11-16 13:00:00,delivered
ORD002448,OC002448,2024-10-18 12:00:00,shipped
ORD002449,OC002449,2024-01-10 19:00:00,delivered
ORD002450,OC002450,2024-12-06 16:00:00,delivered
ORD002451,OC002451,2024-05-22 16:00:00,delivered
ORD002452,OC002452,2023-05-19 17:00:00,delivered
ORD002453,OC002453,2024-06-13 15:00:00,delivered
ORD002454,OC002454,2023-10-06 12:00:00,delivered
ORD002455,OC002455,2024-06-12 20:00:00,delivered
ORD002456,OC002456,2023-03-13 08:00:00,shipped
ORD002457,OC002457,2023-07-26 10:00:00,delivered
ORD002458,OC002458,2023-06-23 16:00:00,delivered
ORD002459,OC002459,2024-10-26 12:00:00,delivered
ORD002460,OC002460,2023-08-05 14:00:00,delivered
ORD002461,OC002461,2024-10-21 17:00:00,delivered
ORD002462,OC002462,2023-09-17 08:00:00,delivered
ORD002463,OC002463,2024-05-12 10:00:00,delivered
ORD002464,OC002464,2024-07-18 18:00:00,delivered
ORD002465,OC002465,2024-02-02 10:00:00,delivered
ORD002466,OC002466,2024-03-11 10:00:00,delivered
ORD002467,OC002467,2024-05-07 08:00:00,delivered
ORD002468,OC002468,2024-07-08 21:00:00,delivered
ORD002469,OC002469,2024-08-20 08:00:00,delivered
ORD002470,OC002470,2023-10-11 14:00:00,delivered
ORD002471,OC002471,2023-07-25 19:00:00,delivered
ORD002472,OC002472,2023-02-14 11:00:00,delivered
ORD002473,OC002473,2023-10-08 11:00:00,delivered
ORD002474,OC002474,2023-12-26 09:00:00,delivered
ORD002475,OC002475,2024-02-27 10:00:00,delivered
ORD002476,OC002476,2024-04-16 21:00:00,delivered
ORD002477,OC002477,2024-06-01 16:00:00,delivered
ORD002478,OC002478,2024-12-03 19:00:00,delivered
ORD002479,OC002479,2024-11-10 21:00:00,delivered
ORD002480,OC002480,2024-09-18 19:00:00,delivered
ORD002481,OC002481,2024-09-14 20:00:00,delivered
ORD002482,OC002482,2024-11-14 17:00:00,delivered
ORD002483,OC002483,2024-06-09 19:00:00,delivered
ORD002484,OC002484,2023-08-26 18:00:00,delivered
ORD002485,OC002485,2024-11-19 09:00:00,delivered
ORD002486,OC002486,2024-12-07 18:00:00,delivered
ORD002487,OC002487,2024-06-08 18:00:00,delivered
ORD002488,OC002488,2024-03-04 17:00:00,delivered
ORD002489,OC002489,2023-04-23 18:00:00,delivered
ORD002490,OC002490,2023-12-05 09:00:00,delivered
ORD002491,OC002491,2023-12-03 14:00:00,delivered
ORD002492,OC002492,2024-11-11 08:00:00,delivered
ORD002493,OC002493,2024-03-14 19:00:00,delivered
ORD002494,OC002494,2023-11-11 18:00:00,delivered
ORD002495,OC002495,2024-12-22 14:00:00,delivered
ORD002496,OC002496,2023-04-11 08:00:00,delivered
ORD002497,OC002497,2023-06-04 11:00:00,delivered
ORD002498,OC002498,2023-07-01 10:00:00,delivered
ORD002499,OC002499,2023-09-12 19:00:00,delivered
ORD002500,OC002500,2023-12-06 20:00:00,delivered
ORD002501,OC002501,2024-02-04 16:00:00,delivered
ORD002502,OC002502,2024-04-01 09:00:00,delivered
ORD002503,OC002503,2023-02-19 15:00:00,delivered
ORD002504,OC002504,2024-08-10 14:00:00,delivered
ORD002505,OC002505,2024-09-01 13:00:00,delivered
ORD002506,OC002506,2024-10-10 11:00:00,delivered
ORD002507,OC002507,2024-12-19 11:00:00,delivered
ORD002508,OC002508,2024-11-25 13:00:00,delivered
ORD002509,OC002509,2023-09-17 13:00:00,delivered
ORD002510,OC002510,2024-01-06 11:00:00,delivered
ORD002511,OC002511,2024-05-24 10:00:00,delivered
ORD002512,OC002512,2024-11-03 08:00:00,delivered
ORD002513,OC002513,2023-09-12 21:00:00,delivered
ORD002514,OC002514,2023-11-24 11:00:00,delivered
ORD002515,OC002515,2023-12-26 08:00:00,delivered
ORD002516,OC002516,2024-01-12 11:00:00,delivered
ORD002517,OC002517,2024-03-08 15:00:00,delivered
ORD002518,OC002518,2024-04-20 12:00:00,delivered
ORD002519,OC002519,2024-05-21 16:00:00,delivered
ORD002520,OC002520,2024-07-26 17:00:00,delivered
ORD002521,OC002521,2024-08-16 21:00:00,delivered
ORD002522,OC002522,2024-10-08 11:00:00,delivered
ORD002523,OC002523,2024-12-09 14:00:00,delivered
ORD002524,OC002524,2024-11-23 12:00:00,delivered
ORD002525,OC002525,2024-08-12 11:00:00,canceled
ORD002526,OC002526,2024-09-01 21:00:00,delivered
ORD002527,OC002527,2024-10-23 18:00:00,delivered
ORD002528,OC002528,2024-11-09 17:00:00,delivered
ORD002529,OC002529,2024-12-24 15:00:00,delivered
ORD002530,OC002530,2024-09-14 09:00:00,canceled
ORD002531,OC002531,2023-01-27 10:00:00,delivered
ORD002532,OC002532,2024-12-01 13:00:00,delivered
ORD002533,OC002533,2024-08-27 18:00:00,delivered
ORD002534,OC002534,2023-10-06 14:00:00,delivered
ORD002535,OC002535,2024-10-15 17:00:00,shipped
ORD002536,OC002536,2023-09-26 20:00:00,delivered
ORD002537,OC002537,2024-11-23 09:00:00,delivered
ORD002538,OC002538,2023-04-04 16:00:00,delivered
ORD002539,OC002539,2024-07-21 10:00:00,delivered
ORD002540,OC002540,2024-03-01 14:00:00,delivered
ORD002541,OC002541,2023-04-26 18:00:00,delivered
ORD002542,OC002542,2023-08-09 19:00:00,delivered
ORD002543,OC002543,2023-01-02 19:00:00,delivered
ORD002544,OC002544,2024-01-03 20:00:00,delivered
ORD002545,OC002545,2023-10-07 16:00:00,delivered
ORD002546,OC002546,2024-04-10 12:00:00,delivered
ORD002547,OC002547,2024-05-22 11:00:00,delivered
ORD002548,OC002548,2024-07-01 14:00:00,delivered
ORD002549,OC002549,2024-08-09 10:00:00,delivered
ORD002550,OC002550,2024-10-03 11:00:00,delivered
ORD002551,OC002551,2024-11-25 10:00:00,delivered
ORD002552,OC002552,2023-09-02 19:00:00,delivered
ORD002553,OC002553,2023-10-01 11:00:00,delivered
ORD002554,OC002554,2024-08-12 21:00:00,delivered
ORD002555,OC002555,2024-12-20 16:00:00,canceled
ORD002556,OC002556,2023-02-19 14:00:00,delivered
ORD002557,OC002557,2024-11-07 17:00:00,delivered
ORD002558,OC002558,2024-10-17 15:00:00,delivered
ORD002559,OC002559,2024-06-25 18:00:00,delivered
ORD002560,OC002560,2024-04-19 21:00:00,delivered
ORD002561,OC002561,2024-11-11 18:00:00,canceled
ORD002562,OC002562,2023-06-15 13:00:00,delivered
ORD002563,OC002563,2023-08-11 21:00:00,delivered
ORD002564,OC002564,2023-10-01 09:00:00,delivered
ORD002565,OC002565,2023-03-13 21:00:00,delivered
ORD002566,OC002566,2023-08-03 16:00:00,delivered
ORD002567,OC002567,2024-09-01 15:00:00,delivered
ORD002568,OC002568,2023-02-26 11:00:00,delivered
ORD002569,OC002569,2024-04-08 20:00:00,canceled
ORD002570,OC002570,2024-12-08 14:00:00,delivered
ORD002571,OC002571,2024-10-20 20:00:00,delivered
ORD002572,OC002572,2024-02-25 21:00:00,delivered
ORD002573,OC002573,2024-03-17 12:00:00,delivered
ORD002574,OC002574,2023-03-19 18:00:00,canceled
ORD002575,OC002575,2024-10-22 17:00:00,delivered
ORD002576,OC002576,2024-11-08 11:00:00,delivered
ORD002577,OC002577,2024-12-03 19:00:00,shipped
ORD002578,OC002578,2024-04-16 11:00:00,delivered
ORD002579,OC002579,2023-04-13 20:00:00,delivered
ORD002580,OC002580,2023-04-06 09:00:00,delivered
ORD002581,OC002581,2024-11-09 19:00:00,delivered
ORD002582,OC002582,2024-06-13 21:00:00,delivered
ORD002583,OC002583,2024-10-20 08:00:00,delivered
ORD002584,OC002584,2024-11-15 17:00:00,delivered
ORD002585,OC002585,2024-10-10 10:00:00,delivered
ORD002586,OC002586,2024-11-06 18:00:00,delivered
ORD002587,OC002587,2024-04-10 15:00:00,delivered
ORD002588,OC002588,2024-02-24 12:00:00,delivered
ORD002589,OC002589,2023-12-11 21:00:00,delivered
ORD002590,OC002590,2023-10-02 11:00:00,delivered
ORD002591,OC002591,2023-12-02 12:00:00,shipped
ORD002592,OC002592,2024-01-10 14:00:00,delivered
ORD002593,OC002593,2024-03-01 08:00:00,delivered
ORD002594,OC002594,2024-05-27 20:00:00,delivered
ORD002595,OC002595,2024-09-11 21:00:00,canceled
ORD002596,OC002596,2024-04-10 15:00:00,delivered
ORD002597,OC002597,2024-06-05 13:00:00,delivered
ORD002598,OC002598,2024-11-04 09:00:00,canceled
ORD002599,OC002599,2023-12-11 16:00:00,delivered
ORD002600,OC002600,2024-04-05 16:00:00,delivered
ORD002601,OC002601,2024-06-02 16:00:00,delivered
ORD002602,OC002602,2024-07-06 19:00:00,delivered
ORD002603,OC002603,2024-05-21 21:00:00,delivered
ORD002604,OC002604,2024-04-27 18:00:00,delivered
ORD002605,OC002605,2024-07-06 08:00:00,delivered
ORD002606,OC002606,2023-08-08 09:00:00,delivered
ORD002607,OC002607,2023-09-01 16:00:00,delivered
ORD002608,OC002608,2023-10-25 21:00:00,delivered
ORD002609,OC002609,2023-12-06 17:00:00,delivered
ORD002610,OC002610,2024-02-10 11:00:00,delivered
ORD002611,OC002611,2023-04-20 14:00:00,delivered
ORD002612,OC002612,2023-11-01 18:00:00,delivered
ORD002613,OC002613,2024-01-14 08:00:00,delivered
ORD002614,OC002614,2024-06-07 19:00:00,delivered
ORD002615,OC002615,2024-12-20 12:00:00,delivered
ORD002616,OC002616,2024-04-25 18:00:00,shipped
ORD002617,OC002617,2024-08-11 15:00:00,delivered
ORD002618,OC002618,2024-02-27 19:00:00,delivered
ORD002619,OC002619,2024-05-08 19:00:00,delivered
ORD002620,OC002620,2023-03-04 16:00:00,delivered
ORD002621,OC002621,2023-08-20 10:00:00,delivered
ORD002622,OC002622,2023-11-08 18:00:00,delivered
ORD002623,OC002623,2024-01-20 15:00:00,delivered
ORD002624,OC002624,2023-02-02 16:00:00,delivered
ORD002625,OC002625,2023-04-03 18:00:00,delivered
ORD002626,OC002626,2023-05-05 12:00:00,delivered
ORD002627,OC002627,2023-06-12 17:00:00,delivered
ORD002628,OC002628,2023-05-26 10:00:00,canceled
ORD002629,OC002629,2023-09-23 10:00:00,delivered
ORD002630,OC002630,2024-12-19 19:00:00,delivered
ORD002631,OC002631,2023-10-03 19:00:00,delivered
ORD002632,OC002632,2024-01-26 13:00:00,delivered
ORD002633,OC002633,2023-07-22 21:00:00,delivered
ORD002634,OC002634,2024-05-04 12:00:00,delivered
ORD002635,OC002635,2023-09-15 11:00:00,delivered
ORD002636,OC002636,2023-07-06 13:00:00,delivered
ORD002637,OC002637,2024-02-09 11:00:00,delivered
ORD002638,OC002638,2023-01-08 14:00:00,delivered
ORD002639,OC002639,2023-01-19 08:00:00,delivered
ORD002640,OC002640,2023-07-23 11:00:00,delivered
ORD002641,OC002641,2023-02-11 15:00:00,delivered
ORD002642,OC002642,2023-04-12 16:00:00,delivered
ORD002643,OC002643,2023-10-14 18:00:00,delivered
ORD002644,OC002644,2024-09-21 15:00:00,delivered
ORD002645,OC002645,2024-10-17 17:00:00,delivered
ORD002646,OC002646,2024-04-04 16:00:00,delivered
ORD002647,OC002647,2024-02-13 11:00:00,delivered
ORD002648,OC002648,2023-09-10 11:00:00,delivered
ORD002649,OC002649,2023-11-06 08:00:00,delivered
ORD002650,OC002650,2023-12-05 08:00:00,delivered
ORD002651,OC002651,2024-01-11 11:00:00,delivered
ORD002652,OC002652,2024-03-02 18:00:00,delivered
ORD002653,OC002653,2024-04-25 21:00:00,canceled
ORD002654,OC002654,2024-06-17 21:00:00,delivered
ORD002655,OC002655,2024-08-07 10:00:00,delivered
ORD002656,OC002656,2024-10-09 09:00:00,delivered
ORD002657,OC002657,2024-12-17 17:00:00,delivered
ORD002658,OC002658,2023-11-23 17:00:00,delivered
ORD002659,OC002659,2023-03-04 21:00:00,delivered
ORD002660,OC002660,2024-05-07 19:00:00,delivered
ORD002661,OC002661,2023-04-16 08:00:00,delivered
ORD002662,OC002662,2023-05-10 14:00:00,delivered
ORD002663,OC002663,2023-11-19 16:00:00,delivered
ORD002664,OC002664,2024-01-23 17:00:00,delivered
ORD002665,OC002665,2024-03-27 19:00:00,delivered
ORD002666,OC002666,2024-05-02 19:00:00,delivered
ORD002667,OC002667,2024-06-15 15:00:00,delivered
ORD002668,OC002668,2024-08-19 21:00:00,delivered
ORD002669,OC002669,2024-09-18 18:00:00,delivered
ORD002670,OC002670,2024-10-07 21:00:00,delivered
ORD002671,OC002671,2024-12-11 10:00:00,canceled
ORD002672,OC002672,2024-02-23 18:00:00,shipped
ORD002673,OC002673,2024-11-14 18:00:00,delivered
ORD002674,OC002674,2024-01-15 12:00:00,delivered
ORD002675,OC002675,2024-03-04 12:00:00,delivered
ORD002676,OC002676,2024-05-04 09:00:00,delivered
ORD002677,OC002677,2024-06-17 14:00:00,delivered
ORD002678,OC002678,2024-08-27 18:00:00,delivered
ORD002679,OC002679,2024-10-16 11:00:00,delivered
ORD002680,OC002680,2024-07-16 08:00:00,delivered
ORD002681,OC002681,2024-12-05 17:00:00,delivered
ORD002682,OC002682,2023-05-26 13:00:00,delivered
ORD002683,OC002683,2023-09-24 10:00:00,delivered
ORD002684,OC002684,2023-11-14 19:00:00,delivered
ORD002685,OC002685,2023-12-17 13:00:00,delivered
ORD002686,OC002686,2023-12-15 17:00:00,delivered
ORD002687,OC002687,2024-11-03 21:00:00,delivered
ORD002688,OC002688,2024-07-16 13:00:00,delivered
ORD002689,OC002689,2024-05-18 20:00:00,delivered
ORD002690,OC002690,2023-10-21 20:00:00,delivered
ORD002691,OC002691,2024-10-23 14:00:00,delivered
ORD002692,OC002692,2024-12-16 17:00:00,delivered
ORD002693,OC002693,2024-10-05 09:00:00,delivered
ORD002694,OC002694,2023-01-13 20:00:00,delivered
ORD002695,OC002695,2024-05-25 18:00:00,delivered
ORD002696,OC002696,2023-02-23 20:00:00,delivered
ORD002697,OC002697,2023-08-03 21:00:00,delivered
ORD002698,OC002698,2023-03-01 13:00:00,shipped
ORD002699,OC002699,2024-04-13 18:00:00,delivered
ORD002700,OC002700,2024-06-11 12:00:00,delivered
ORD002701,OC002701,2023-04-02 17:00:00,delivered
ORD002702,OC002702,2023-05-25 11:00:00,delivered
ORD002703,OC002703,2023-07-01 19:00:00,delivered
ORD002704,OC002704,2023-08-15 14:00:00,delivered
ORD002705,OC002705,2023-10-06 20:00:00,delivered
ORD002706,OC002706,2023-12-11 12:00:00,delivered
ORD002707,OC002707,2023-11-21 19:00:00,delivered
ORD002708,OC002708,2024-01-01 12:00:00,delivered
ORD002709,OC002709,2024-03-27 18:00:00,delivered
ORD002710,OC002710,2024-04-08 20:00:00,delivered
ORD002711,OC002711,2023-12-24 13:00:00,delivered
ORD002712,OC002712,2023-11-19 12:00:00,delivered
ORD002713,OC002713,2024-02-02 16:00:00,delivered
ORD002714,OC002714,2024-06-21 19:00:00,delivered
ORD002715,OC002715,2024-07-07 17:00:00,delivered
ORD002716,OC002716,2024-10-10 16:00:00,delivered
ORD002717,OC002717,2023-04-07 20:00:00,delivered
ORD002718,OC002718,2023-06-21 18:00:00,delivered
ORD002719,OC002719,2023-08-08 17:00:00,delivered
ORD002720,OC002720,2023-09-26 15:00:00,delivered
ORD002721,OC002721,2023-10-01 17:00:00,delivered
ORD002722,OC002722,2023-12-24 16:00:00,delivered
ORD002723,OC002723,2024-08-27 10:00:00,delivered
ORD002724,OC002724,2023-03-02 19:00:00,delivered
ORD002725,OC002725,2023-04-23 09:00:00,delivered
ORD002726,OC002726,2023-06-13 18:00:00,delivered
ORD002727,OC002727,2023-07-07 14:00:00,delivered
ORD002728,OC002728,2023-03-12 09:00:00,delivered
ORD002729,OC002729,2023-11-22 16:00:00,delivered
ORD002730,OC002730,2024-12-25 16:00:00,delivered
ORD002731,OC002731,2024-06-10 19:00:00,delivered
ORD002732,OC002732,2024-06-18 16:00:00,canceled
ORD002733,OC002733,2023-11-21 14:00:00,delivered
ORD002734,OC002734,2024-04-25 12:00:00,delivered
ORD002735,OC002735,2023-01-24 21:00:00,delivered
ORD002736,OC002736,2023-03-02 16:00:00,delivered
ORD002737,OC002737,2023-07-16 19:00:00,delivered
ORD002738,OC002738,2023-11-02 16:00:00,delivered
ORD002739,OC002739,2024-02-18 21:00:00,delivered
ORD002740,OC002740,2024-03-17 17:00:00,delivered
ORD002741,OC002741,2024-04-16 15:00:00,delivered
ORD002742,OC002742,2024-05-10 09:00:00,delivered
ORD002743,OC002743,2024-08-24 17:00:00,delivered
ORD002744,OC002744,2024-10-24 18:00:00,delivered
ORD002745,OC002745,2024-11-01 09:00:00,delivered
ORD002746,OC002746,2024-11-08 20:00:00,delivered
ORD002747,OC002747,2024-05-04 17:00:00,delivered
ORD002748,OC002748,2024-11-14 09:00:00,delivered
ORD002749,OC002749,2024-07-09 17:00:00,delivered
ORD002750,OC002750,2023-04-19 15:00:00,delivered
ORD002751,OC002751,2024-11-04 08:00:00,delivered
ORD002752,OC002752,2023-03-19 11:00:00,delivered
ORD002753,OC002753,2023-05-06 09:00:00,delivered
ORD002754,OC002754,2023-06-11 09:00:00,delivered
ORD002755,OC002755,2023-08-07 14:00:00,delivered
ORD002756,OC002756,2023-10-09 08:00:00,delivered
ORD002757,OC002757,2023-11-14 11:00:00,delivered
ORD002758,OC002758,2024-03-05 13:00:00,delivered
ORD002759,OC002759,2024-04-25 18:00:00,delivered
ORD002760,OC002760,2024-06-06 10:00:00,delivered
ORD002761,OC002761,2023-05-21 16:00:00,delivered
ORD002762,OC002762,2023-01-23 10:00:00,delivered
ORD002763,OC002763,2023-05-14 11:00:00,delivered
ORD002764,OC002764,2023-06-08 15:00:00,delivered
ORD002765,OC002765,2023-12-16 15:00:00,delivered
ORD002766,OC002766,2023-09-26 20:00:00,delivered
ORD002767,OC002767,2024-01-05 12:00:00,delivered
ORD002768,OC002768,2024-05-25 09:00:00,delivered
ORD002769,OC002769,2024-04-06 17:00:00,delivered
ORD002770,OC002770,2023-02-06 20:00:00,delivered
ORD002771,OC002771,2023-04-13 19:00:00,delivered
ORD002772,OC002772,2023-05-07 12:00:00,delivered
ORD002773,OC002773,2023-07-09 17:00:00,delivered
ORD002774,OC002774,2023-08-26 21:00:00,delivered
ORD002775,OC002775,2024-03-17 13:00:00,delivered
ORD002776,OC002776,2023-11-12 20:00:00,delivered
ORD002777,OC002777,2024-01-03 14:00:00,delivered
ORD002778,OC002778,2024-08-02 17:00:00,delivered
ORD002779,OC002779,2024-06-08 18:00:00,delivered
ORD002780,OC002780,2024-10-04 19:00:00,delivered
ORD002781,OC002781,2024-07-19 21:00:00,delivered
ORD002782,OC002782,2023-12-12 21:00:00,delivered
ORD002783,OC002783,2024-06-09 20:00:00,delivered
ORD002784,OC002784,2023-09-24 20:00:00,shipped
ORD002785,OC002785,2023-10-26 12:00:00,delivered
ORD002786,OC002786,2024-01-09 18:00:00,delivered
ORD002787,OC002787,2024-09-06 16:00:00,delivered
ORD002788,OC002788,2023-12-17 10:00:00,delivered
ORD002789,OC002789,2024-09-26 15:00:00,delivered
ORD002790,OC002790,2024-10-10 13:00:00,delivered
ORD002791,OC002791,2024-10-12 19:00:00,delivered
ORD002792,OC002792,2024-11-13 14:00:00,delivered
ORD002793,OC002793,2023-12-16 10:00:00,delivered
ORD002794,OC002794,2023-10-09 20:00:00,delivered
ORD002795,OC002795,2024-04-09 12:00:00,delivered
ORD002796,OC002796,2023-11-26 09:00:00,delivered
ORD002797,OC002797,2024-04-23 11:00:00,delivered
ORD002798,OC002798,2024-07-14 16:00:00,delivered
ORD002799,OC002799,2024-07-06 18:00:00,delivered
ORD002800,OC002800,2024-09-13 11:00:00,delivered
ORD002801,OC002801,2024-11-09 15:00:00,delivered
ORD002802,OC002802,2024-12-21 14:00:00,delivered
ORD002803,OC002803,2023-11-04 20:00:00,delivered
ORD002804,OC002804,2023-06-19 17:00:00,delivered
ORD002805,OC002805,2023-07-21 10:00:00,delivered
ORD002806,OC002806,2023-08-27 20:00:00,delivered
ORD002807,OC002807,2023-12-02 19:00:00,delivered
ORD002808,OC002808,2024-02-03 18:00:00,delivered
ORD002809,OC002809,2024-03-25 14:00:00,delivered
ORD002810,OC002810,2024-04-15 15:00:00,delivered
ORD002811,OC002811,2024-05-01 11:00:00,delivered
ORD002812,OC002812,2024-07-02 20:00:00,delivered
ORD002813,OC002813,2024-08-07 18:00:00,delivered
ORD002814,OC002814,2024-09-10 12:00:00,delivered
ORD002815,OC002815,2024-11-13 18:00:00,delivered
ORD002816,OC002816,2024-12-10 13:00:00,delivered
ORD002817,OC002817,2023-05-21 15:00:00,delivered
ORD002818,OC002818,2024-11-04 12:00:00,delivered
ORD002819,OC002819,2023-11-18 15:00:00,delivered
ORD002820,OC002820,2023-05-13 13:00:00,delivered
ORD002821,OC002821,2023-01-26 09:00:00,delivered
ORD002822,OC002822,2024-05-20 17:00:00,delivered
ORD002823,OC002823,2024-05-15 14:00:00,delivered
ORD002824,OC002824,2023-10-14 08:00:00,delivered
ORD002825,OC002825,2023-03-24 19:00:00,delivered
ORD002826,OC002826,2023-12-08 12:00:00,delivered
ORD002827,OC002827,2023-10-21 18:00:00,delivered
ORD002828,OC002828,2024-06-25 21:00:00,delivered
ORD002829,OC002829,2024-04-13 12:00:00,delivered
ORD002830,OC002830,2024-05-04 08:00:00,delivered
ORD002831,OC002831,2023-11-27 17:00:00,delivered
ORD002832,OC002832,2023-12-12 09:00:00,delivered
ORD002833,OC002833,2024-01-04 17:00:00,delivered
ORD002834,OC002834,2024-02-16 11:00:00,delivered
ORD002835,OC002835,2024-03-20 17:00:00,delivered
ORD002836,OC002836,2024-04-15 16:00:00,delivered
ORD002837,OC002837,2024-06-27 16:00:00,delivered
ORD002838,OC002838,2024-08-04 20:00:00,delivered
ORD002839,OC002839,2023-07-27 08:00:00,delivered
ORD002840,OC002840,2024-12-25 21:00:00,delivered
ORD002841,OC002841,2023-12-22 10:00:00,delivered
ORD002842,OC002842,2024-07-24 15:00:00,delivered
ORD002843,OC002843,2024-11-12 09:00:00,delivered
ORD002844,OC002844,2023-05-26 17:00:00,delivered
ORD002845,OC002845,2024-01-09 16:00:00,delivered
ORD002846,OC002846,2024-02-13 19:00:00,delivered
ORD002847,OC002847,2023-01-12 18:00:00,delivered
ORD002848,OC002848,2024-02-20 17:00:00,delivered
ORD002849,OC002849,2024-12-04 20:00:00,delivered
ORD002850,OC002850,2023-11-25 18:00:00,delivered
ORD002851,OC002851,2023-02-03 17:00:00,delivered
ORD002852,OC002852,2023-02-22 12:00:00,delivered
ORD002853,OC002853,2023-11-14 16:00:00,delivered
ORD002854,OC002854,2023-06-09 14:00:00,delivered
ORD002855,OC002855,2023-01-21 16:00:00,delivered
ORD002856,OC002856,2024-08-11 08:00:00,delivered
ORD002857,OC002857,2024-10-10 14:00:00,delivered
ORD002858,OC002858,2024-12-10 12:00:00,delivered
ORD002859,OC002859,2023-12-12 19:00:00,shipped
ORD002860,OC002860,2023-09-02 13:00:00,delivered
ORD002861,OC002861,2024-11-23 14:00:00,delivered
ORD002862,OC002862,2023-04-20 16:00:00,delivered
ORD002863,OC002863,2023-05-21 17:00:00,delivered
ORD002864,OC002864,2023-06-19 21:00:00,delivered
ORD002865,OC002865,2023-08-25 08:00:00,delivered
ORD002866,OC002866,2023-09-27 09:00:00,delivered
ORD002867,OC002867,2023-10-24 14:00:00,delivered
ORD002868,OC002868,2023-12-24 11:00:00,delivered
ORD002869,OC002869,2024-12-16 18:00:00,delivered
ORD002870,OC002870,2023-10-05 11:00:00,delivered
ORD002871,OC002871,2024-02-16 11:00:00,delivered
ORD002872,OC002872,2024-04-16 21:00:00,delivered
ORD002873,OC002873,2024-05-20 11:00:00,delivered
ORD002874,OC002874,2024-11-14 15:00:00,delivered
ORD002875,OC002875,2024-04-20 17:00:00,delivered
ORD002876,OC002876,2024-10-14 10:00:00,delivered
ORD002877,OC002877,2024-12-20 20:00:00,delivered
ORD002878,OC002878,2023-09-13 13:00:00,delivered
ORD002879,OC002879,2024-12-01 09:00:00,delivered
ORD002880,OC002880,2023-11-20 15:00:00,delivered
ORD002881,OC002881,2024-01-05 14:00:00,delivered
ORD002882,OC002882,2024-05-17 20:00:00,delivered
ORD002883,OC002883,2024-08-20 16:00:00,delivered
ORD002884,OC002884,2023-11-25 08:00:00,delivered
ORD002885,OC002885,2023-10-22 16:00:00,delivered
ORD002886,OC002886,2024-03-22 09:00:00,delivered
ORD002887,OC002887,2023-05-04 17:00:00,delivered
ORD002888,OC002888,2023-09-20 09:00:00,delivered
ORD002889,OC002889,2024-03-07 19:00:00,delivered
ORD002890,OC002890,2024-03-20 19:00:00,canceled
ORD002891,OC002891,2024-08-18 12:00:00,delivered
ORD002892,OC002892,2024-10-19 19:00:00,shipped
ORD002893,OC002893,2023-12-17 08:00:00,delivered
ORD002894,OC002894,2023-10-06 13:00:00,delivered
ORD002895,OC002895,2023-08-19 17:00:00,delivered
ORD002896,OC002896,2023-07-07 16:00:00,delivered
ORD002897,OC002897,2023-03-04 10:00:00,delivered
ORD002898,OC002898,2023-11-27 09:00:00,delivered
ORD002899,OC002899,2023-09-12 17:00:00,delivered
ORD002900,OC002900,2024-12-20 19:00:00,delivered
ORD002901,OC002901,2024-03-11 20:00:00,delivered
ORD002902,OC002902,2023-11-04 14:00:00,delivered
ORD002903,OC002903,2024-04-22 08:00:00,delivered
ORD002904,OC002904,2024-07-26 12:00:00,delivered
ORD002905,OC002905,2024-08-03 15:00:00,delivered
ORD002906,OC002906,2024-11-20 09:00:00,delivered
ORD002907,OC002907,2023-05-18 09:00:00,delivered
ORD002908,OC002908,2023-12-04 14:00:00,delivered
ORD002909,OC002909,2024-05-22 14:00:00,delivered
ORD002910,OC002910,2024-01-12 10:00:00,delivered
ORD002911,OC002911,2024-03-13 10:00:00,delivered
ORD002912,OC002912,2024-04-16 21:00:00,delivered
ORD002913,OC002913,2023-11-26 19:00:00,delivered
ORD002914,OC002914,2024-12-03 12:00:00,delivered
ORD002915,OC002915,2024-11-25 09:00:00,delivered
ORD002916,OC002916,2024-05-24 15:00:00,delivered
ORD002917,OC002917,2024-04-23 10:00:00,delivered
ORD002918,OC002918,2024-05-06 08:00:00,delivered
ORD002919,OC002919,2023-07-07 09:00:00,delivered
ORD002920,OC002920,2023-11-01 18:00:00,delivered
ORD002921,OC002921,2023-02-10 15:00:00,delivered
ORD002922,OC002922,2023-03-07 13:00:00,delivered
ORD002923,OC002923,2023-05-13 10:00:00,delivered
ORD002924,OC002924,2023-07-08 21:00:00,delivered
ORD002925,OC002925,2023-09-10 16:00:00,delivered
ORD002926,OC002926,2024-01-07 09:00:00,delivered
ORD002927,OC002927,2024-02-24 18:00:00,delivered
ORD002928,OC002928,2024-03-02 12:00:00,delivered
ORD002929,OC002929,2023-08-10 18:00:00,delivered
ORD002930,OC002930,2024-12-02 16:00:00,delivered
ORD002931,OC002931,2024-11-22 13:00:00,delivered
ORD002932,OC002932,2024-07-06 19:00:00,delivered
ORD002933,OC002933,2024-09-11 15:00:00,delivered
ORD002934,OC002934,2024-03-23 21:00:00,delivered
ORD002935,OC002935,2024-11-07 19:00:00,delivered
ORD002936,OC002936,2023-05-10 16:00:00,delivered
ORD002937,OC002937,2024-09-27 15:00:00,delivered
ORD002938,OC002938,2023-05-04 09:00:00,delivered
ORD002939,OC002939,2024-09-25 17:00:00,delivered
ORD002940,OC002940,2023-09-18 14:00:00,delivered
ORD002941,OC002941,2024-11-22 17:00:00,delivered
ORD002942,OC002942,2024-12-12 12:00:00,delivered
ORD002943,OC002943,2023-05-16 10:00:00,delivered
ORD002944,OC002944,2023-06-25 10:00:00,delivered
ORD002945,OC002945,2023-12-22 15:00:00,delivered
ORD002946,OC002946,2024-12-07 14:00:00,delivered
ORD002947,OC002947,2024-01-05 18:00:00,delivered
ORD002948,OC002948,2024-11-22 13:00:00,delivered
ORD002949,OC002949,2024-04-18 15:00:00,delivered
ORD002950,OC002950,2024-05-07 17:00:00,delivered
ORD002951,OC002951,2023-11-19 16:00:00,delivered
ORD002952,OC002952,2023-12-06 08:00:00,delivered
ORD002953,OC002953,2024-02-13 08:00:00,delivered
ORD002954,OC002954,2024-03-18 12:00:00,delivered
ORD002955,OC002955,2024-05-08 16:00:00,delivered
ORD002956,OC002956,2023-09-17 13:00:00,delivered
ORD002957,OC002957,2023-07-17 14:00:00,delivered
ORD002958,OC002958,2024-08-09 09:00:00,delivered
ORD002959,OC002959,2024-09-19 21:00:00,delivered
ORD002960,OC002960,2023-11-02 16:00:00,delivered
ORD002961,OC002961,2024-02-23 08:00:00,delivered
ORD002962,OC002962,2024-01-12 08:00:00,delivered
ORD002963,OC002963,2024-04-25 11:00:00,delivered
ORD002964,OC002964,2024-05-18 09:00:00,delivered
ORD002965,OC002965,2024-11-17 09:00:00,delivered
ORD002966,OC002966,2024-12-02 11:00:00,delivered
ORD002967,OC002967,2023-12-23 16:00:00,delivered
ORD002968,OC002968,2024-01-04 10:00:00,delivered
ORD002969,OC002969,2024-10-08 18:00:00,delivered
ORD002970,OC002970,2024-08-22 17:00:00,delivered
ORD002971,OC002971,2024-04-26 09:00:00,shipped
ORD002972,OC002972,2024-12-21 13:00:00,delivered
ORD002973,OC002973,2023-07-24 09:00:00,delivered
ORD002974,OC002974,2023-04-21 17:00:00,delivered
ORD002975,OC002975,2024-10-04 16:00:00,delivered
ORD002976,OC002976,2023-12-08 19:00:00,delivered
ORD002977,OC002977,2024-10-18 17:00:00,canceled
ORD002978,OC002978,2024-11-19 13:00:00,delivered
ORD002979,OC002979,2023-03-26 21:00:00,delivered
ORD002980,OC002980,2024-11-16 14:00:00,delivered
ORD002981,OC002981,2023-12-10 14:00:00,delivered
ORD002982,OC002982,2024-02-11 08:00:00,canceled
ORD002983,OC002983,2024-04-03 20:00:00,delivered
ORD002984,OC002984,2024-06-11 16:00:00,delivered
ORD002985,OC002985,2024-07-01 19:00:00,delivered
ORD002986,OC002986,2024-02-15 19:00:00,delivered
ORD002987,OC002987,2024-05-09 20:00:00,delivered
ORD002988,OC002988,2024-11-25 16:00:00,delivered
ORD002989,OC002989,2023-01-19 12:00:00,canceled
ORD002990,OC002990,2024-01-13 10:00:00,delivered
ORD002991,OC002991,2024-06-16 08:00:00,delivered
ORD002992,OC002992,2024-07-23 17:00:00,delivered
ORD002993,OC002993,2024-07-18 14:00:00,delivered
ORD002994,OC002994,2024-11-17 10:00:00,delivered
ORD002995,OC002995,2023-05-14 13:00:00,delivered
ORD002996,OC002996,2023-10-27 17:00:00,delivered
ORD002997,OC002997,2023-12-08 19:00:00,delivered
ORD002998,OC002998,2024-04-14 11:00:00,delivered
ORD002999,OC002999,2024-08-12 12:00:00,delivered
ORD003000,OC003000,2024-09-09 11:00:00,delivered
ORD003001,OC003001,2023-11-11 14:00:00,delivered
ORD003002,OC003002,2024-09-10 11:00:00,delivered
ORD003003,OC003003,2023-09-24 12:00:00,delivered
ORD003004,OC003004,2023-07-25 21:00:00,delivered
ORD003005,OC003005,2024-12-12 19:00:00,delivered
ORD003006,OC003006,2023-01-05 15:00:00,delivered
ORD003007,OC003007,2024-12-06 12:00:00,delivered
ORD003008,OC003008,2024-06-03 12:00:00,delivered
ORD003009,OC003009,2024-10-04 12:00:00,delivered
ORD003010,OC003010,2023-09-24 10:00:00,delivered
ORD003011,OC003011,2023-01-27 11:00:00,delivered
ORD003012,OC003012,2023-04-21 08:00:00,delivered
ORD003013,OC003013,2023-06-15 18:00:00,shipped
ORD003014,OC003014,2023-10-12 10:00:00,delivered
ORD003015,OC003015,2024-08-17 16:00:00,delivered
ORD003016,OC003016,2024-10-25 15:00:00,delivered
ORD003017,OC003017,2024-08-17 14:00:00,delivered
ORD003018,OC003018,2023-05-12 08:00:00,delivered
ORD003019,OC003019,2023-06-04 21:00:00,delivered
ORD003020,OC003020,2023-08-14 16:00:00,delivered
ORD003021,OC003021,2023-10-07 16:00:00,delivered
ORD003022,OC003022,2024-08-17 19:00:00,delivered
ORD003023,OC003023,2024-09-21 21:00:00,shipped
ORD003024,OC003024,2024-06-25 10:00:00,shipped
ORD003025,OC003025,2024-09-10 12:00:00,delivered
ORD003026,OC003026,2024-11-24 15:00:00,delivered
ORD003027,OC003027,2024-12-05 11:00:00,canceled
ORD003028,OC003028,2024-10-05 08:00:00,delivered
ORD003029,OC003029,2024-05-24 11:00:00,delivered
ORD003030,OC003030,2024-09-15 14:00:00,delivered
ORD003031,OC003031,2023-04-10 19:00:00,delivered
ORD003032,OC003032,2024-01-06 17:00:00,delivered
ORD003033,OC003033,2023-03-17 21:00:00,delivered
ORD003034,OC003034,2023-12-07 08:00:00,delivered
ORD003035,OC003035,2023-12-05 18:00:00,delivered
ORD003036,OC003036,2023-03-06 08:00:00,delivered
ORD003037,OC003037,2023-11-03 11:00:00,delivered
ORD003038,OC003038,2023-04-08 11:00:00,delivered
ORD003039,OC003039,2024-09-14 18:00:00,delivered
ORD003040,OC003040,2024-12-25 14:00:00,delivered
ORD003041,OC003041,2023-03-18 18:00:00,delivered
ORD003042,OC003042,2024-12-12 09:00:00,delivered
ORD003043,OC003043,2024-02-05 17:00:00,delivered
ORD003044,OC003044,2023-10-12 14:00:00,delivered
ORD003045,OC003045,2024-01-23 18:00:00,delivered
ORD003046,OC003046,2023-03-27 16:00:00,delivered
ORD003047,OC003047,2024-02-27 13:00:00,delivered
ORD003048,OC003048,2024-09-03 14:00:00,delivered
ORD003049,OC003049,2024-07-07 20:00:00,canceled
ORD003050,OC003050,2024-08-22 11:00:00,delivered
ORD003051,OC003051,2024-09-06 09:00:00,delivered
ORD003052,OC003052,2024-10-09 19:00:00,delivered
ORD003053,OC003053,2024-12-27 20:00:00,shipped
ORD003054,OC003054,2023-02-01 09:00:00,delivered
ORD003055,OC003055,2023-03-04 13:00:00,delivered
ORD003056,OC003056,2023-11-26 13:00:00,delivered
ORD003057,OC003057,2024-01-14 08:00:00,delivered
ORD003058,OC003058,2024-02-13 12:00:00,delivered
ORD003059,OC003059,2024-03-24 17:00:00,delivered
ORD003060,OC003060,2024-04-08 17:00:00,delivered
ORD003061,OC003061,2024-06-05 13:00:00,delivered
ORD003062,OC003062,2024-07-01 18:00:00,delivered
ORD003063,OC003063,2024-09-03 12:00:00,delivered
ORD003064,OC003064,2024-11-19 10:00:00,delivered
ORD003065,OC003065,2023-09-01 20:00:00,delivered
ORD003066,OC003066,2023-08-04 20:00:00,delivered
ORD003067,OC003067,2023-09-24 08:00:00,delivered
ORD003068,OC003068,2023-12-25 13:00:00,shipped
ORD003069,OC003069,2024-09-02 11:00:00,delivered
ORD003070,OC003070,2024-11-06 10:00:00,delivered
ORD003071,OC003071,2024-11-22 12:00:00,delivered
ORD003072,OC003072,2023-11-15 11:00:00,delivered
ORD003073,OC003073,2024-01-10 20:00:00,delivered
ORD003074,OC003074,2024-03-13 17:00:00,delivered
ORD003075,OC003075,2024-04-02 15:00:00,delivered
ORD003076,OC003076,2024-11-25 16:00:00,delivered
ORD003077,OC003077,2023-10-21 14:00:00,delivered
ORD003078,OC003078,2023-12-20 17:00:00,delivered
ORD003079,OC003079,2024-03-20 16:00:00,delivered
ORD003080,OC003080,2024-01-08 21:00:00,delivered
ORD003081,OC003081,2024-04-15 13:00:00,delivered
ORD003082,OC003082,2023-08-04 19:00:00,delivered
ORD003083,OC003083,2023-09-20 11:00:00,delivered
ORD003084,OC003084,2024-05-07 14:00:00,delivered
ORD003085,OC003085,2024-12-09 19:00:00,delivered
ORD003086,OC003086,2024-04-15 09:00:00,delivered
ORD003087,OC003087,2024-05-26 12:00:00,delivered
ORD003088,OC003088,2023-11-06 15:00:00,delivered
ORD003089,OC003089,2024-01-12 13:00:00,delivered
ORD003090,OC003090,2024-03-01 21:00:00,delivered
ORD003091,OC003091,2024-04-23 15:00:00,delivered
ORD003092,OC003092,2024-05-10 15:00:00,delivered
ORD003093,OC003093,2023-05-18 14:00:00,delivered
ORD003094,OC003094,2024-11-19 11:00:00,shipped
ORD003095,OC003095,2024-02-23 16:00:00,delivered
ORD003096,OC003096,2023-12-04 15:00:00,delivered
ORD003097,OC003097,2024-02-11 18:00:00,delivered
ORD003098,OC003098,2024-06-02 14:00:00,delivered
ORD003099,OC003099,2024-07-21 12:00:00,delivered
ORD003100,OC003100,2024-04-22 13:00:00,delivered
ORD003101,OC003101,2024-05-19 18:00:00,delivered
ORD003102,OC003102,2023-03-11 16:00:00,delivered
ORD003103,OC003103,2024-06-17 21:00:00,delivered
ORD003104,OC003104,2023-08-24 18:00:00,delivered
ORD003105,OC003105,2023-09-22 13:00:00,delivered
ORD003106,OC003106,2023-10-12 18:00:00,delivered
ORD003107,OC003107,2023-12-19 20:00:00,delivered
ORD003108,OC003108,2024-07-02 08:00:00,shipped
ORD003109,OC003109,2024-10-19 21:00:00,delivered
ORD003110,OC003110,2024-10-26 20:00:00,delivered
ORD003111,OC003111,2024-09-19 17:00:00,delivered
ORD003112,OC003112,2024-03-05 11:00:00,delivered
ORD003113,OC003113,2024-02-18 19:00:00,canceled
ORD003114,OC003114,2024-04-26 13:00:00,delivered
ORD003115,OC003115,2023-05-20 19:00:00,delivered
ORD003116,OC003116,2024-09-15 21:00:00,delivered
ORD003117,OC003117,2023-09-20 08:00:00,delivered
ORD003118,OC003118,2024-01-22 19:00:00,delivered
ORD003119,OC003119,2023-09-15 20:00:00,delivered
ORD003120,OC003120,2023-05-09 08:00:00,delivered
ORD003121,OC003121,2024-05-24 12:00:00,delivered
ORD003122,OC003122,2023-02-10 12:00:00,delivered
ORD003123,OC003123,2024-08-10 18:00:00,delivered
ORD003124,OC003124,2023-10-08 09:00:00,delivered
ORD003125,OC003125,2024-02-06 17:00:00,delivered
ORD003126,OC003126,2023-01-25 18:00:00,delivered
ORD003127,OC003127,2024-02-26 11:00:00,delivered
ORD003128,OC003128,2023-02-10 11:00:00,delivered
ORD003129,OC003129,2023-03-04 19:00:00,delivered
ORD003130,OC003130,2023-05-10 20:00:00,delivered
ORD003131,OC003131,2023-06-01 11:00:00,delivered
ORD003132,OC003132,2023-07-01 19:00:00,delivered
ORD003133,OC003133,2023-09-02 20:00:00,delivered
ORD003134,OC003134,2023-09-02 12:00:00,delivered
ORD003135,OC003135,2023-10-09 12:00:00,delivered
ORD003136,OC003136,2023-11-26 16:00:00,delivered
ORD003137,OC003137,2024-01-11 08:00:00,delivered
ORD003138,OC003138,2024-03-11 15:00:00,delivered
ORD003139,OC003139,2024-04-01 09:00:00,delivered
ORD003140,OC003140,2024-05-09 17:00:00,delivered
ORD003141,OC003141,2024-06-21 13:00:00,delivered
ORD003142,OC003142,2024-07-27 10:00:00,delivered
ORD003143,OC003143,2024-07-26 16:00:00,delivered
ORD003144,OC003144,2023-03-17 09:00:00,delivered
ORD003145,OC003145,2024-10-16 15:00:00,delivered
ORD003146,OC003146,2023-01-08 16:00:00,delivered
ORD003147,OC003147,2023-03-20 13:00:00,delivered
ORD003148,OC003148,2023-04-09 20:00:00,delivered
ORD003149,OC003149,2023-08-27 20:00:00,delivered
ORD003150,OC003150,2024-08-13 12:00:00,delivered
ORD003151,OC003151,2023-10-23 09:00:00,canceled
ORD003152,OC003152,2023-04-25 14:00:00,delivered
ORD003153,OC003153,2023-11-11 09:00:00,canceled
ORD003154,OC003154,2023-09-21 12:00:00,delivered
ORD003155,OC003155,2024-10-19 08:00:00,delivered
ORD003156,OC003156,2024-12-06 08:00:00,delivered
ORD003157,OC003157,2023-10-10 12:00:00,delivered
ORD003158,OC003158,2024-09-16 18:00:00,delivered
ORD003159,OC003159,2024-11-17 12:00:00,delivered
ORD003160,OC003160,2024-12-08 17:00:00,canceled
ORD003161,OC003161,2023-12-24 11:00:00,delivered
ORD003162,OC003162,2024-01-12 20:00:00,delivered
ORD003163,OC003163,2024-04-08 16:00:00,delivered
ORD003164,OC003164,2024-11-06 21:00:00,delivered
ORD003165,OC003165,2023-11-12 13:00:00,delivered
ORD003166,OC003166,2024-12-10 19:00:00,delivered
ORD003167,OC003167,2023-04-14 15:00:00,canceled
ORD003168,OC003168,2024-06-06 15:00:00,delivered
ORD003169,OC003169,2024-01-18 09:00:00,delivered
ORD003170,OC003170,2023-11-09 14:00:00,delivered
ORD003171,OC003171,2024-05-26 21:00:00,delivered
ORD003172,OC003172,2024-07-14 13:00:00,delivered
ORD003173,OC003173,2024-11-23 12:00:00,delivered
ORD003174,OC003174,2023-01-10 08:00:00,shipped
ORD003175,OC003175,2023-06-05 20:00:00,delivered
ORD003176,OC003176,2024-07-11 09:00:00,delivered
ORD003177,OC003177,2024-06-07 21:00:00,delivered
ORD003178,OC003178,2024-12-26 21:00:00,delivered
ORD003179,OC003179,2024-08-21 14:00:00,delivered
ORD003180,OC003180,2024-12-14 14:00:00,delivered
ORD003181,OC003181,2024-12-12 17:00:00,delivered
ORD003182,OC003182,2024-07-25 08:00:00,delivered
ORD003183,OC003183,2023-09-14 12:00:00,delivered
ORD003184,OC003184,2023-04-05 21:00:00,delivered
ORD003185,OC003185,2024-09-12 11:00:00,delivered
ORD003186,OC003186,2024-05-05 13:00:00,shipped
ORD003187,OC003187,2023-02-18 17:00:00,delivered
ORD003188,OC003188,2023-05-06 18:00:00,delivered
ORD003189,OC003189,2023-11-05 14:00:00,delivered
ORD003190,OC003190,2024-12-07 12:00:00,delivered
ORD003191,OC003191,2024-01-20 21:00:00,delivered
ORD003192,OC003192,2024-03-02 19:00:00,delivered
ORD003193,OC003193,2024-07-08 19:00:00,delivered
ORD003194,OC003194,2023-12-17 16:00:00,delivered
ORD003195,OC003195,2023-12-05 14:00:00,delivered
ORD003196,OC003196,2023-07-14 19:00:00,delivered
ORD003197,OC003197,2023-10-16 11:00:00,canceled
ORD003198,OC003198,2023-11-21 12:00:00,delivered
ORD003199,OC003199,2023-11-25 09:00:00,shipped
ORD003200,OC003200,2023-02-01 13:00:00,delivered
ORD003201,OC003201,2024-09-13 14:00:00,delivered
ORD003202,OC003202,2023-12-10 17:00:00,delivered
ORD003203,OC003203,2024-10-22 10:00:00,delivered
ORD003204,OC003204,2024-10-22 18:00:00,delivered
ORD003205,OC003205,2024-11-16 09:00:00,canceled
ORD003206,OC003206,2023-07-03 13:00:00,delivered
ORD003207,OC003207,2024-06-26 10:00:00,delivered
ORD003208,OC003208,2024-01-08 09:00:00,delivered
ORD003209,OC003209,2024-11-07 14:00:00,delivered
ORD003210,OC003210,2023-07-05 10:00:00,delivered
ORD003211,OC003211,2023-08-23 14:00:00,delivered
ORD003212,OC003212,2024-06-26 19:00:00,delivered
ORD003213,OC003213,2024-05-07 20:00:00,delivered
ORD003214,OC003214,2024-08-15 09:00:00,delivered
ORD003215,OC003215,2023-09-06 21:00:00,delivered
ORD003216,OC003216,2024-01-14 11:00:00,delivered
ORD003217,OC003217,2024-05-09 09:00:00,shipped
ORD003218,OC003218,2024-09-12 12:00:00,delivered
ORD003219,OC003219,2024-11-16 09:00:00,delivered
ORD003220,OC003220,2024-12-04 12:00:00,delivered
ORD003221,OC003221,2023-05-03 10:00:00,delivered
ORD003222,OC003222,2024-06-09 10:00:00,delivered
ORD003223,OC003223,2024-08-02 20:00:00,delivered
ORD003224,OC003224,2023-10-23 09:00:00,delivered
ORD003225,OC003225,2024-05-13 15:00:00,delivered
ORD003226,OC003226,2024-07-09 18:00:00,delivered
ORD003227,OC003227,2024-08-26 17:00:00,delivered
ORD003228,OC003228,2024-10-13 14:00:00,delivered
ORD003229,OC003229,2023-11-21 09:00:00,delivered
ORD003230,OC003230,2024-07-15 14:00:00,delivered
ORD003231,OC003231,2024-08-05 19:00:00,delivered
ORD003232,OC003232,2024-10-06 08:00:00,delivered
ORD003233,OC003233,2024-11-01 21:00:00,delivered
ORD003234,OC003234,2023-07-15 08:00:00,delivered
ORD003235,OC003235,2024-11-10 17:00:00,delivered
ORD003236,OC003236,2023-09-11 16:00:00,delivered
ORD003237,OC003237,2023-11-20 11:00:00,delivered
ORD003238,OC003238,2023-03-02 14:00:00,delivered
ORD003239,OC003239,2023-04-19 11:00:00,delivered
ORD003240,OC003240,2024-02-24 21:00:00,delivered
ORD003241,OC003241,2023-09-06 16:00:00,delivered
ORD003242,OC003242,2024-10-22 20:00:00,canceled
ORD003243,OC003243,2023-01-21 13:00:00,delivered
ORD003244,OC003244,2023-02-06 18:00:00,canceled
ORD003245,OC003245,2023-11-03 17:00:00,delivered
ORD003246,OC003246,2023-10-09 19:00:00,delivered
ORD003247,OC003247,2023-01-27 19:00:00,delivered
ORD003248,OC003248,2023-05-07 14:00:00,delivered
ORD003249,OC003249,2023-12-25 17:00:00,delivered
ORD003250,OC003250,2024-01-01 16:00:00,delivered
ORD003251,OC003251,2024-03-23 16:00:00,delivered
ORD003252,OC003252,2024-01-09 09:00:00,delivered
ORD003253,OC003253,2023-11-17 20:00:00,canceled
ORD003254,OC003254,2024-02-07 09:00:00,delivered
ORD003255,OC003255,2024-04-20 16:00:00,delivered
ORD003256,OC003256,2023-01-25 21:00:00,delivered
ORD003257,OC003257,2023-12-20 08:00:00,delivered
ORD003258,OC003258,2024-12-05 10:00:00,delivered
ORD003259,OC003259,2024-02-18 11:00:00,delivered
ORD003260,OC003260,2024-06-03 19:00:00,delivered
ORD003261,OC003261,2023-10-14 13:00:00,delivered
ORD003262,OC003262,2024-09-10 12:00:00,delivered
ORD003263,OC003263,2024-11-25 19:00:00,canceled
ORD003264,OC003264,2024-09-01 11:00:00,delivered
ORD003265,OC003265,2024-02-11 15:00:00,delivered
ORD003266,OC003266,2024-12-25 20:00:00,delivered
ORD003267,OC003267,2023-05-08 20:00:00,delivered
ORD003268,OC003268,2023-01-11 14:00:00,delivered
ORD003269,OC003269,2024-09-13 16:00:00,delivered
ORD003270,OC003270,2024-10-15 08:00:00,delivered
ORD003271,OC003271,2024-09-18 10:00:00,delivered
ORD003272,OC003272,2023-04-04 08:00:00,delivered
ORD003273,OC003273,2023-05-14 20:00:00,delivered
ORD003274,OC003274,2023-07-19 16:00:00,delivered
ORD003275,OC003275,2023-09-20 09:00:00,delivered
ORD003276,OC003276,2023-10-14 20:00:00,delivered
ORD003277,OC003277,2023-12-15 17:00:00,delivered
ORD003278,OC003278,2024-01-14 20:00:00,delivered
ORD003279,OC003279,2024-03-06 12:00:00,delivered
ORD003280,OC003280,2024-05-12 09:00:00,delivered
ORD003281,OC003281,2024-06-10 09:00:00,delivered
ORD003282,OC003282,2024-08-14 21:00:00,delivered
ORD003283,OC003283,2023-09-16 09:00:00,delivered
ORD003284,OC003284,2023-01-17 15:00:00,delivered
ORD003285,OC003285,2023-03-14 12:00:00,delivered
ORD003286,OC003286,2023-04-23 16:00:00,delivered
ORD003287,OC003287,2023-06-05 11:00:00,shipped
ORD003288,OC003288,2023-09-14 10:00:00,delivered
ORD003289,OC003289,2023-10-22 21:00:00,delivered
ORD003290,OC003290,2023-11-10 13:00:00,delivered
ORD003291,OC003291,2024-01-25 12:00:00,delivered
ORD003292,OC003292,2024-03-24 12:00:00,delivered
ORD003293,OC003293,2024-05-22 09:00:00,delivered
ORD003294,OC003294,2024-09-17 08:00:00,delivered
ORD003295,OC003295,2024-02-26 14:00:00,delivered
ORD003296,OC003296,2023-11-09 15:00:00,delivered
ORD003297,OC003297,2023-11-17 17:00:00,delivered
ORD003298,OC003298,2024-01-07 14:00:00,delivered
ORD003299,OC003299,2024-03-06 17:00:00,delivered
ORD003300,OC003300,2024-04-04 11:00:00,delivered
ORD003301,OC003301,2023-01-06 17:00:00,delivered
ORD003302,OC003302,2023-05-12 12:00:00,delivered
ORD003303,OC003303,2023-08-03 15:00:00,delivered
ORD003304,OC003304,2023-11-04 20:00:00,delivered
ORD003305,OC003305,2023-10-08 18:00:00,shipped
ORD003306,OC003306,2024-05-24 18:00:00,delivered
ORD003307,OC003307,2024-12-20 19:00:00,delivered
ORD003308,OC003308,2024-10-12 17:00:00,delivered
ORD003309,OC003309,2023-01-25 14:00:00,delivered
ORD003310,OC003310,2024-11-07 15:00:00,delivered
ORD003311,OC003311,2024-09-09 12:00:00,delivered
ORD003312,OC003312,2024-09-20 16:00:00,delivered
ORD003313,OC003313,2024-10-04 17:00:00,delivered
ORD003314,OC003314,2023-12-15 16:00:00,delivered
ORD003315,OC003315,2023-11-26 09:00:00,delivered
ORD003316,OC003316,2023-10-14 15:00:00,delivered
ORD003317,OC003317,2023-03-18 20:00:00,delivered
ORD003318,OC003318,2023-08-08 13:00:00,delivered
ORD003319,OC003319,2023-08-19 15:00:00,delivered
ORD003320,OC003320,2024-01-09 20:00:00,delivered
ORD003321,OC003321,2024-02-19 21:00:00,delivered
ORD003322,OC003322,2024-04-16 17:00:00,delivered
ORD003323,OC003323,2024-06-02 15:00:00,delivered
ORD003324,OC003324,2024-08-17 18:00:00,delivered
ORD003325,OC003325,2024-08-22 08:00:00,delivered
ORD003326,OC003326,2024-01-23 18:00:00,delivered
ORD003327,OC003327,2023-03-26 19:00:00,delivered
ORD003328,OC003328,2024-12-04 12:00:00,delivered
ORD003329,OC003329,2024-12-17 14:00:00,delivered
ORD003330,OC003330,2024-09-25 08:00:00,delivered
ORD003331,OC003331,2024-12-08 20:00:00,delivered
ORD003332,OC003332,2024-03-13 16:00:00,delivered
ORD003333,OC003333,2024-12-05 09:00:00,delivered
ORD003334,OC003334,2023-03-10 15:00:00,delivered
ORD003335,OC003335,2023-11-21 12:00:00,delivered
ORD003336,OC003336,2024-01-05 17:00:00,delivered
ORD003337,OC003337,2024-02-06 13:00:00,delivered
ORD003338,OC003338,2023-07-06 17:00:00,delivered
ORD003339,OC003339,2023-07-09 18:00:00,delivered
ORD003340,OC003340,2023-05-12 10:00:00,delivered
ORD003341,OC003341,2023-06-13 20:00:00,delivered
ORD003342,OC003342,2024-05-10 16:00:00,delivered
ORD003343,OC003343,2024-09-05 08:00:00,delivered
ORD003344,OC003344,2024-10-07 10:00:00,delivered
ORD003345,OC003345,2024-04-27 09:00:00,delivered
ORD003346,OC003346,2023-05-22 16:00:00,delivered
ORD003347,OC003347,2024-10-07 19:00:00,delivered
ORD003348,OC003348,2024-12-25 09:00:00,delivered
ORD003349,OC003349,2024-05-10 14:00:00,delivered
ORD003350,OC003350,2023-11-13 16:00:00,delivered
ORD003351,OC003351,2024-06-16 13:00:00,delivered
ORD003352,OC003352,2023-08-24 14:00:00,delivered
ORD003353,OC003353,2023-11-10 14:00:00,delivered
ORD003354,OC003354,2024-11-27 11:00:00,canceled
ORD003355,OC003355,2023-09-18 17:00:00,delivered
ORD003356,OC003356,2024-01-06 12:00:00,delivered
ORD003357,OC003357,2024-11-07 15:00:00,delivered
ORD003358,OC003358,2024-07-22 16:00:00,delivered
ORD003359,OC003359,2023-03-11 10:00:00,delivered
ORD003360,OC003360,2023-05-13 19:00:00,delivered
ORD003361,OC003361,2023-01-13 16:00:00,delivered
ORD003362,OC003362,2023-03-10 17:00:00,delivered
ORD003363,OC003363,2023-04-03 14:00:00,delivered
ORD003364,OC003364,2024-05-06 18:00:00,delivered
ORD003365,OC003365,2024-07-04 20:00:00,delivered
ORD003366,OC003366,2024-09-27 14:00:00,delivered
ORD003367,OC003367,2024-10-22 21:00:00,delivered
ORD003368,OC003368,2024-12-25 20:00:00,delivered
ORD003369,OC003369,2023-12-27 08:00:00,delivered
ORD003370,OC003370,2023-05-07 21:00:00,delivered
ORD003371,OC003371,2024-12-14 18:00:00,delivered
ORD003372,OC003372,2024-02-14 21:00:00,delivered
ORD003373,OC003373,2023-08-25 16:00:00,delivered
ORD003374,OC003374,2024-02-20 13:00:00,delivered
ORD003375,OC003375,2024-06-25 11:00:00,delivered
ORD003376,OC003376,2023-03-27 08:00:00,delivered
ORD003377,OC003377,2023-09-20 16:00:00,delivered
ORD003378,OC003378,2023-11-09 11:00:00,delivered
ORD003379,OC003379,2024-09-07 10:00:00,delivered
ORD003380,OC003380,2023-12-13 17:00:00,delivered
ORD003381,OC003381,2024-03-27 14:00:00,delivered
ORD003382,OC003382,2023-12-04 18:00:00,delivered
ORD003383,OC003383,2023-02-24 18:00:00,delivered
ORD003384,OC003384,2023-04-23 16:00:00,delivered
ORD003385,OC003385,2023-08-15 14:00:00,delivered
ORD003386,OC003386,2023-06-20 10:00:00,delivered
ORD003387,OC003387,2023-12-09 17:00:00,delivered
ORD003388,OC003388,2024-02-25 18:00:00,delivered
ORD003389,OC003389,2024-06-05 15:00:00,delivered
ORD003390,OC003390,2024-07-17 09:00:00,delivered
ORD003391,OC003391,2023-07-12 09:00:00,delivered
ORD003392,OC003392,2023-02-10 14:00:00,delivered
ORD003393,OC003393,2024-10-25 21:00:00,delivered
ORD003394,OC003394,2024-12-10 13:00:00,delivered
ORD003395,OC003395,2024-09-09 12:00:00,delivered
ORD003396,OC003396,2024-10-04 19:00:00,delivered
ORD003397,OC003397,2023-08-16 15:00:00,delivered
ORD003398,OC003398,2023-09-06 20:00:00,delivered
ORD003399,OC003399,2023-10-04 18:00:00,delivered
ORD003400,OC003400,2023-11-18 08:00:00,delivered
ORD003401,OC003401,2024-12-20 12:00:00,delivered
ORD003402,OC003402,2023-07-13 21:00:00,delivered
ORD003403,OC003403,2023-11-23 18:00:00,delivered
ORD003404,OC003404,2024-02-02 10:00:00,delivered
ORD003405,OC003405,2024-03-01 17:00:00,delivered
ORD003406,OC003406,2024-12-16 21:00:00,delivered
ORD003407,OC003407,2024-12-08 11:00:00,delivered
ORD003408,OC003408,2024-07-25 14:00:00,delivered
ORD003409,OC003409,2024-12-06 13:00:00,delivered
ORD003410,OC003410,2024-04-25 12:00:00,delivered
ORD003411,OC003411,2023-08-21 10:00:00,delivered
ORD003412,OC003412,2023-09-05 16:00:00,delivered
ORD003413,OC003413,2023-12-10 19:00:00,delivered
ORD003414,OC003414,2024-04-15 15:00:00,delivered
ORD003415,OC003415,2023-03-01 08:00:00,delivered
ORD003416,OC003416,2024-05-16 18:00:00,delivered
ORD003417,OC003417,2024-07-15 12:00:00,delivered
ORD003418,OC003418,2024-09-18 10:00:00,delivered
ORD003419,OC003419,2024-11-08 13:00:00,canceled
ORD003420,OC003420,2024-12-10 21:00:00,delivered
ORD003421,OC003421,2023-06-09 16:00:00,delivered
ORD003422,OC003422,2024-09-23 13:00:00,delivered
ORD003423,OC003423,2024-11-11 11:00:00,delivered
ORD003424,OC003424,2024-12-16 14:00:00,delivered
ORD003425,OC003425,2024-12-25 12:00:00,delivered
ORD003426,OC003426,2024-02-25 16:00:00,delivered
ORD003427,OC003427,2024-12-03 14:00:00,delivered
ORD003428,OC003428,2024-08-16 08:00:00,delivered
ORD003429,OC003429,2023-06-19 16:00:00,delivered
ORD003430,OC003430,2023-08-19 18:00:00,delivered
ORD003431,OC003431,2024-01-07 21:00:00,delivered
ORD003432,OC003432,2024-02-20 14:00:00,shipped
ORD003433,OC003433,2024-07-02 13:00:00,delivered
ORD003434,OC003434,2023-08-18 15:00:00,delivered
ORD003435,OC003435,2024-05-17 16:00:00,delivered
ORD003436,OC003436,2024-07-09 10:00:00,delivered
ORD003437,OC003437,2024-09-01 08:00:00,delivered
ORD003438,OC003438,2024-11-13 14:00:00,delivered
ORD003439,OC003439,2024-12-17 12:00:00,delivered
ORD003440,OC003440,2024-06-13 14:00:00,delivered
ORD003441,OC003441,2023-06-11 19:00:00,delivered
ORD003442,OC003442,2024-03-22 08:00:00,delivered
ORD003443,OC003443,2024-09-26 21:00:00,delivered
ORD003444,OC003444,2024-01-21 21:00:00,delivered
ORD003445,OC003445,2023-01-07 08:00:00,delivered
ORD003446,OC003446,2023-05-24 16:00:00,delivered
ORD003447,OC003447,2023-09-06 15:00:00,delivered
ORD003448,OC003448,2024-01-20 12:00:00,delivered
ORD003449,OC003449,2023-01-20 11:00:00,delivered
ORD003450,OC003450,2023-11-17 15:00:00,delivered
ORD003451,OC003451,2024-11-06 21:00:00,delivered
ORD003452,OC003452,2024-12-07 16:00:00,delivered
ORD003453,OC003453,2023-08-12 18:00:00,delivered
ORD003454,OC003454,2024-05-27 14:00:00,delivered
ORD003455,OC003455,2023-07-21 18:00:00,delivered
ORD003456,OC003456,2023-10-03 19:00:00,delivered
ORD003457,OC003457,2024-10-26 13:00:00,delivered
ORD003458,OC003458,2024-08-13 19:00:00,delivered
ORD003459,OC003459,2023-04-16 17:00:00,shipped
ORD003460,OC003460,2023-12-20 11:00:00,delivered
ORD003461,OC003461,2023-01-08 15:00:00,shipped
ORD003462,OC003462,2024-01-03 14:00:00,delivered
ORD003463,OC003463,2024-03-15 14:00:00,delivered
ORD003464,OC003464,2024-05-09 10:00:00,delivered
ORD003465,OC003465,2024-06-01 17:00:00,delivered
ORD003466,OC003466,2023-04-14 18:00:00,delivered
ORD003467,OC003467,2023-09-02 13:00:00,delivered
ORD003468,OC003468,2023-11-23 08:00:00,delivered
ORD003469,OC003469,2024-11-12 12:00:00,delivered
ORD003470,OC003470,2024-12-19 12:00:00,delivered
ORD003471,OC003471,2023-02-08 17:00:00,delivered
ORD003472,OC003472,2024-08-21 08:00:00,delivered
ORD003473,OC003473,2024-12-03 12:00:00,delivered
ORD003474,OC003474,2023-11-05 15:00:00,delivered
ORD003475,OC003475,2024-03-18 08:00:00,delivered
ORD003476,OC003476,2023-11-08 16:00:00,delivered
ORD003477,OC003477,2024-08-17 11:00:00,delivered
ORD003478,OC003478,2024-11-09 14:00:00,delivered
ORD003479,OC003479,2024-12-15 10:00:00,canceled
ORD003480,OC003480,2024-04-06 08:00:00,delivered
ORD003481,OC003481,2024-05-25 12:00:00,delivered
ORD003482,OC003482,2024-07-27 17:00:00,delivered
ORD003483,OC003483,2024-09-27 19:00:00,delivered
ORD003484,OC003484,2024-10-13 08:00:00,delivered
ORD003485,OC003485,2024-12-16 16:00:00,delivered
ORD003486,OC003486,2023-11-05 16:00:00,delivered
ORD003487,OC003487,2024-09-11 11:00:00,delivered
ORD003488,OC003488,2023-08-11 10:00:00,delivered
ORD003489,OC003489,2023-09-08 15:00:00,delivered
ORD003490,OC003490,2024-03-12 19:00:00,delivered
ORD003491,OC003491,2023-11-10 12:00:00,delivered
ORD003492,OC003492,2024-06-26 20:00:00,delivered
ORD003493,OC003493,2023-08-25 18:00:00,delivered
ORD003494,OC003494,2023-06-11 13:00:00,delivered
ORD003495,OC003495,2024-11-24 08:00:00,delivered
ORD003496,OC003496,2023-04-17 18:00:00,delivered
ORD003497,OC003497,2024-02-18 18:00:00,delivered
ORD003498,OC003498,2023-07-03 08:00:00,delivered
ORD003499,OC003499,2023-02-05 08:00:00,delivered
ORD003500,OC003500,2023-02-25 19:00:00,delivered
ORD003501,OC003501,2023-06-14 15:00:00,delivered
ORD003502,OC003502,2023-10-27 16:00:00,delivered
ORD003503,OC003503,2023-11-13 13:00:00,delivered
ORD003504,OC003504,2023-12-07 14:00:00,delivered
ORD003505,OC003505,2024-11-22 15:00:00,delivered
ORD003506,OC003506,2023-09-23 13:00:00,delivered
ORD003507,OC003507,2024-12-11 14:00:00,delivered
ORD003508,OC003508,2024-04-15 14:00:00,delivered
ORD003509,OC003509,2023-12-11 11:00:00,delivered
ORD003510,OC003510,2024-04-23 12:00:00,delivered
ORD003511,OC003511,2024-02-09 13:00:00,delivered
ORD003512,OC003512,2024-05-21 20:00:00,delivered
ORD003513,OC003513,2024-07-17 17:00:00,delivered
ORD003514,OC003514,2024-08-19 17:00:00,shipped
ORD003515,OC003515,2023-09-26 20:00:00,delivered
ORD003516,OC003516,2023-12-18 11:00:00,delivered
ORD003517,OC003517,2024-01-08 16:00:00,delivered
ORD003518,OC003518,2023-11-23 12:00:00,delivered
ORD003519,OC003519,2024-11-17 09:00:00,delivered
ORD003520,OC003520,2024-12-24 13:00:00,delivered
ORD003521,OC003521,2024-11-20 20:00:00,delivered
ORD003522,OC003522,2023-12-11 11:00:00,delivered
ORD003523,OC003523,2024-01-18 21:00:00,delivered
ORD003524,OC003524,2024-05-21 09:00:00,delivered
ORD003525,OC003525,2024-09-10 18:00:00,delivered
ORD003526,OC003526,2024-01-02 08:00:00,delivered
ORD003527,OC003527,2024-01-18 18:00:00,delivered
ORD003528,OC003528,2024-03-17 13:00:00,delivered
ORD003529,OC003529,2024-04-07 16:00:00,delivered
ORD003530,OC003530,2023-07-06 19:00:00,delivered
ORD003531,OC003531,2023-11-22 12:00:00,delivered
ORD003532,OC003532,2024-03-13 15:00:00,delivered
ORD003533,OC003533,2024-06-10 13:00:00,delivered
ORD003534,OC003534,2024-04-17 14:00:00,canceled
ORD003535,OC003535,2023-06-11 12:00:00,delivered
ORD003536,OC003536,2023-10-05 12:00:00,delivered
ORD003537,OC003537,2024-10-07 13:00:00,delivered
ORD003538,OC003538,2023-07-09 10:00:00,delivered
ORD003539,OC003539,2023-03-07 19:00:00,delivered
ORD003540,OC003540,2023-03-19 12:00:00,delivered
ORD003541,OC003541,2024-12-20 14:00:00,delivered
ORD003542,OC003542,2024-02-25 13:00:00,delivered
ORD003543,OC003543,2023-12-04 10:00:00,delivered
ORD003544,OC003544,2024-02-10 18:00:00,canceled
ORD003545,OC003545,2024-03-15 10:00:00,delivered
ORD003546,OC003546,2024-04-27 13:00:00,delivered
ORD003547,OC003547,2024-05-01 19:00:00,delivered
ORD003548,OC003548,2024-10-27 08:00:00,delivered
ORD003549,OC003549,2024-10-23 14:00:00,delivered
ORD003550,OC003550,2023-10-14 11:00:00,delivered
ORD003551,OC003551,2024-07-05 13:00:00,canceled
ORD003552,OC003552,2024-08-27 14:00:00,delivered
ORD003553,OC003553,2024-09-20 08:00:00,delivered
ORD003554,OC003554,2024-06-05 19:00:00,delivered
ORD003555,OC003555,2023-05-08 17:00:00,delivered
ORD003556,OC003556,2024-11-20 10:00:00,delivered
ORD003557,OC003557,2024-03-12 20:00:00,shipped
ORD003558,OC003558,2023-09-23 14:00:00,shipped
ORD003559,OC003559,2023-12-15 16:00:00,delivered
ORD003560,OC003560,2024-01-09 15:00:00,delivered
ORD003561,OC003561,2024-02-01 19:00:00,delivered
ORD003562,OC003562,2024-03-16 21:00:00,delivered
ORD003563,OC003563,2024-04-01 14:00:00,delivered
ORD003564,OC003564,2024-06-25 08:00:00,delivered
ORD003565,OC003565,2024-07-06 21:00:00,delivered
ORD003566,OC003566,2023-02-20 13:00:00,delivered
ORD003567,OC003567,2023-05-22 09:00:00,delivered
ORD003568,OC003568,2023-07-13 11:00:00,delivered
ORD003569,OC003569,2024-08-08 18:00:00,delivered
ORD003570,OC003570,2023-01-19 19:00:00,canceled
ORD003571,OC003571,2023-12-10 12:00:00,delivered
ORD003572,OC003572,2024-02-03 14:00:00,delivered
ORD003573,OC003573,2023-02-26 17:00:00,delivered
ORD003574,OC003574,2023-03-18 13:00:00,delivered
ORD003575,OC003575,2024-12-02 12:00:00,delivered
ORD003576,OC003576,2023-08-14 19:00:00,delivered
ORD003577,OC003577,2023-10-01 17:00:00,delivered
ORD003578,OC003578,2023-10-11 11:00:00,delivered
ORD003579,OC003579,2023-08-02 20:00:00,delivered
ORD003580,OC003580,2023-01-02 15:00:00,delivered
ORD003581,OC003581,2023-03-16 17:00:00,delivered
ORD003582,OC003582,2024-08-05 14:00:00,delivered
ORD003583,OC003583,2024-12-01 19:00:00,delivered
ORD003584,OC003584,2023-07-21 16:00:00,shipped
ORD003585,OC003585,2024-06-15 12:00:00,delivered
ORD003586,OC003586,2024-08-18 14:00:00,delivered
ORD003587,OC003587,2024-10-17 13:00:00,delivered
ORD003588,OC003588,2024-11-18 16:00:00,delivered
ORD003589,OC003589,2023-12-08 10:00:00,delivered
ORD003590,OC003590,2023-10-04 12:00:00,delivered
ORD003591,OC003591,2024-01-01 20:00:00,delivered
ORD003592,OC003592,2024-04-24 15:00:00,delivered
ORD003593,OC003593,2024-05-18 10:00:00,canceled
ORD003594,OC003594,2024-06-12 14:00:00,delivered
ORD003595,OC003595,2023-10-08 20:00:00,delivered
ORD003596,OC003596,2024-07-16 10:00:00,delivered
ORD003597,OC003597,2024-08-15 16:00:00,delivered
ORD003598,OC003598,2024-09-23 20:00:00,delivered
ORD003599,OC003599,2024-11-14 15:00:00,delivered
ORD003600,OC003600,2024-10-05 21:00:00,delivered
ORD003601,OC003601,2023-06-09 09:00:00,delivered
ORD003602,OC003602,2023-11-05 12:00:00,shipped
ORD003603,OC003603,2024-11-25 17:00:00,delivered
ORD003604,OC003604,2024-09-24 14:00:00,delivered
ORD003605,OC003605,2024-12-25 20:00:00,delivered
ORD003606,OC003606,2024-08-01 19:00:00,delivered
ORD003607,OC003607,2023-11-22 19:00:00,delivered
ORD003608,OC003608,2024-01-16 16:00:00,delivered
ORD003609,OC003609,2024-02-02 16:00:00,delivered
ORD003610,OC003610,2024-04-04 08:00:00,delivered
ORD003611,OC003611,2024-06-05 18:00:00,delivered
ORD003612,OC003612,2023-03-23 13:00:00,delivered
ORD003613,OC003613,2024-03-13 13:00:00,delivered
ORD003614,OC003614,2024-04-10 12:00:00,delivered
ORD003615,OC003615,2024-06-17 13:00:00,delivered
ORD003616,OC003616,2024-07-01 08:00:00,delivered
ORD003617,OC003617,2023-06-11 16:00:00,delivered
ORD003618,OC003618,2024-09-08 11:00:00,delivered
ORD003619,OC003619,2024-04-08 13:00:00,delivered
ORD003620,OC003620,2024-12-04 16:00:00,delivered
ORD003621,OC003621,2023-02-26 12:00:00,delivered
ORD003622,OC003622,2023-09-10 12:00:00,delivered
ORD003623,OC003623,2024-04-05 17:00:00,delivered
ORD003624,OC003624,2023-09-13 10:00:00,delivered
ORD003625,OC003625,2024-07-15 15:00:00,delivered
ORD003626,OC003626,2024-09-12 17:00:00,delivered
ORD003627,OC003627,2024-11-14 20:00:00,delivered
ORD003628,OC003628,2024-12-21 09:00:00,delivered
ORD003629,OC003629,2024-08-15 11:00:00,delivered
ORD003630,OC003630,2023-04-16 08:00:00,delivered
ORD003631,OC003631,2024-02-24 08:00:00,delivered
ORD003632,OC003632,2024-02-12 19:00:00,delivered
ORD003633,OC003633,2023-11-06 13:00:00,delivered
ORD003634,OC003634,2024-02-16 10:00:00,delivered
ORD003635,OC003635,2024-05-10 10:00:00,delivered
ORD003636,OC003636,2024-07-03 09:00:00,delivered
ORD003637,OC003637,2024-12-15 21:00:00,delivered
ORD003638,OC003638,2024-10-13 12:00:00,delivered
ORD003639,OC003639,2024-07-13 17:00:00,delivered
ORD003640,OC003640,2024-07-27 11:00:00,delivered
ORD003641,OC003641,2024-10-13 08:00:00,delivered
ORD003642,OC003642,2023-12-02 16:00:00,delivered
ORD003643,OC003643,2024-11-03 19:00:00,delivered
ORD003644,OC003644,2024-07-16 15:00:00,delivered
ORD003645,OC003645,2024-08-21 08:00:00,delivered
ORD003646,OC003646,2024-08-15 11:00:00,delivered
ORD003647,OC003647,2024-11-23 17:00:00,delivered
ORD003648,OC003648,2023-09-23 21:00:00,delivered
ORD003649,OC003649,2023-12-22 21:00:00,delivered
ORD003650,OC003650,2024-09-07 09:00:00,shipped
ORD003651,OC003651,2023-07-15 12:00:00,delivered
ORD003652,OC003652,2023-11-02 21:00:00,delivered
ORD003653,OC003653,2023-12-12 18:00:00,delivered
ORD003654,OC003654,2023-10-23 10:00:00,delivered
ORD003655,OC003655,2024-12-27 08:00:00,shipped
ORD003656,OC003656,2024-10-11 20:00:00,delivered
ORD003657,OC003657,2024-07-06 21:00:00,delivered
ORD003658,OC003658,2024-09-06 13:00:00,delivered
ORD003659,OC003659,2024-11-23 15:00:00,delivered
ORD003660,OC003660,2024-08-14 14:00:00,canceled
ORD003661,OC003661,2024-03-14 18:00:00,delivered
ORD003662,OC003662,2024-12-08 10:00:00,delivered
ORD003663,OC003663,2024-01-14 11:00:00,delivered
ORD003664,OC003664,2023-11-21 08:00:00,shipped
ORD003665,OC003665,2023-06-01 13:00:00,delivered
ORD003666,OC003666,2024-09-13 21:00:00,delivered
ORD003667,OC003667,2024-08-16 19:00:00,delivered
ORD003668,OC003668,2024-10-27 15:00:00,delivered
ORD003669,OC003669,2023-11-27 17:00:00,delivered
ORD003670,OC003670,2023-01-12 18:00:00,delivered
ORD003671,OC003671,2024-10-02 09:00:00,delivered
ORD003672,OC003672,2023-01-19 16:00:00,shipped
ORD003673,OC003673,2024-07-14 19:00:00,delivered
ORD003674,OC003674,2024-12-18 15:00:00,delivered
ORD003675,OC003675,2023-12-13 15:00:00,delivered
ORD003676,OC003676,2023-08-17 10:00:00,delivered
ORD003677,OC003677,2024-07-06 17:00:00,delivered
ORD003678,OC003678,2024-08-08 09:00:00,canceled
ORD003679,OC003679,2024-10-08 19:00:00,delivered
ORD003680,OC003680,2024-12-20 10:00:00,delivered
ORD003681,OC003681,2024-10-24 15:00:00,delivered
ORD003682,OC003682,2024-03-21 09:00:00,delivered
ORD003683,OC003683,2024-12-04 09:00:00,delivered
ORD003684,OC003684,2023-02-13 14:00:00,delivered
ORD003685,OC003685,2024-02-12 11:00:00,delivered
ORD003686,OC003686,2024-04-10 15:00:00,delivered
ORD003687,OC003687,2024-07-18 19:00:00,delivered
ORD003688,OC003688,2024-11-09 12:00:00,delivered
ORD003689,OC003689,2023-06-02 19:00:00,delivered
ORD003690,OC003690,2024-09-17 12:00:00,delivered
ORD003691,OC003691,2024-03-07 17:00:00,delivered
ORD003692,OC003692,2023-11-04 15:00:00,delivered
ORD003693,OC003693,2023-05-20 18:00:00,delivered
ORD003694,OC003694,2024-11-11 12:00:00,delivered
ORD003695,OC003695,2023-05-17 08:00:00,delivered
ORD003696,OC003696,2023-10-21 21:00:00,delivered
ORD003697,OC003697,2023-09-06 14:00:00,delivered
ORD003698,OC003698,2024-11-07 09:00:00,delivered
ORD003699,OC003699,2024-06-20 14:00:00,delivered
ORD003700,OC003700,2024-09-17 16:00:00,delivered
ORD003701,OC003701,2024-11-12 21:00:00,delivered
ORD003702,OC003702,2024-09-22 19:00:00,delivered
ORD003703,OC003703,2023-08-24 21:00:00,delivered
ORD003704,OC003704,2023-10-20 12:00:00,delivered
ORD003705,OC003705,2023-12-24 08:00:00,delivered
ORD003706,OC003706,2024-01-25 10:00:00,delivered
ORD003707,OC003707,2024-05-06 20:00:00,canceled
ORD003708,OC003708,2024-07-01 18:00:00,delivered
ORD003709,OC003709,2024-08-26 16:00:00,delivered
ORD003710,OC003710,2024-04-21 21:00:00,delivered
ORD003711,OC003711,2024-10-04 21:00:00,delivered
ORD003712,OC003712,2024-11-08 11:00:00,delivered
ORD003713,OC003713,2024-11-23 18:00:00,delivered
ORD003714,OC003714,2023-01-10 09:00:00,delivered
ORD003715,OC003715,2024-06-20 20:00:00,delivered
ORD003716,OC003716,2023-02-25 08:00:00,delivered
ORD003717,OC003717,2024-03-24 15:00:00,canceled
ORD003718,OC003718,2024-06-16 19:00:00,delivered
ORD003719,OC003719,2023-09-12 08:00:00,delivered
ORD003720,OC003720,2023-10-07 18:00:00,delivered
ORD003721,OC003721,2023-11-17 18:00:00,delivered
ORD003722,OC003722,2023-12-05 09:00:00,delivered
ORD003723,OC003723,2024-01-12 16:00:00,delivered
ORD003724,OC003724,2024-02-12 19:00:00,delivered
ORD003725,OC003725,2024-03-18 16:00:00,delivered
ORD003726,OC003726,2023-11-11 10:00:00,delivered
ORD003727,OC003727,2024-05-19 12:00:00,delivered
ORD003728,OC003728,2023-10-21 08:00:00,delivered
ORD003729,OC003729,2024-01-17 18:00:00,delivered
ORD003730,OC003730,2024-04-12 14:00:00,delivered
ORD003731,OC003731,2024-08-05 17:00:00,delivered
ORD003732,OC003732,2023-11-22 12:00:00,delivered
ORD003733,OC003733,2023-03-25 09:00:00,delivered
ORD003734,OC003734,2024-09-22 16:00:00,delivered
ORD003735,OC003735,2023-09-22 09:00:00,delivered
ORD003736,OC003736,2023-12-01 09:00:00,delivered
ORD003737,OC003737,2024-02-09 19:00:00,delivered
ORD003738,OC003738,2024-03-26 14:00:00,delivered
ORD003739,OC003739,2024-06-22 12:00:00,delivered
ORD003740,OC003740,2024-07-15 21:00:00,delivered
ORD003741,OC003741,2024-09-14 11:00:00,delivered
ORD003742,OC003742,2024-10-22 18:00:00,delivered
ORD003743,OC003743,2024-11-22 10:00:00,delivered
ORD003744,OC003744,2023-10-08 08:00:00,delivered
ORD003745,OC003745,2023-02-13 16:00:00,delivered
ORD003746,OC003746,2023-11-22 10:00:00,delivered
ORD003747,OC003747,2024-12-08 19:00:00,delivered
ORD003748,OC003748,2024-05-13 13:00:00,delivered
ORD003749,OC003749,2024-06-10 21:00:00,delivered
ORD003750,OC003750,2024-05-07 16:00:00,delivered
ORD003751,OC003751,2023-07-16 12:00:00,delivered
ORD003752,OC003752,2023-12-17 11:00:00,delivered
ORD003753,OC003753,2024-08-17 18:00:00,delivered
ORD003754,OC003754,2024-11-22 14:00:00,canceled
ORD003755,OC003755,2023-04-23 10:00:00,delivered
ORD003756,OC003756,2023-09-13 17:00:00,delivered
ORD003757,OC003757,2023-09-22 14:00:00,delivered
ORD003758,OC003758,2023-12-15 14:00:00,delivered
ORD003759,OC003759,2024-12-07 21:00:00,delivered
ORD003760,OC003760,2023-03-23 19:00:00,delivered
ORD003761,OC003761,2024-02-10 08:00:00,delivered
ORD003762,OC003762,2024-04-15 20:00:00,delivered
ORD003763,OC003763,2024-05-22 09:00:00,delivered
ORD003764,OC003764,2024-06-20 12:00:00,delivered
ORD003765,OC003765,2023-06-22 12:00:00,delivered
ORD003766,OC003766,2024-12-23 08:00:00,delivered
ORD003767,OC003767,2023-04-07 13:00:00,shipped
ORD003768,OC003768,2023-11-16 18:00:00,delivered
ORD003769,OC003769,2024-08-19 12:00:00,delivered
ORD003770,OC003770,2024-10-17 13:00:00,delivered
ORD003771,OC003771,2024-07-02 08:00:00,delivered
ORD003772,OC003772,2023-12-25 13:00:00,delivered
ORD003773,OC003773,2023-11-26 16:00:00,shipped
ORD003774,OC003774,2023-11-09 08:00:00,delivered
ORD003775,OC003775,2024-01-04 21:00:00,delivered
ORD003776,OC003776,2024-05-06 16:00:00,delivered
ORD003777,OC003777,2024-07-04 20:00:00,delivered
ORD003778,OC003778,2024-11-25 10:00:00,delivered
ORD003779,OC003779,2023-09-21 10:00:00,delivered
ORD003780,OC003780,2023-07-01 11:00:00,delivered
ORD003781,OC003781,2024-01-19 08:00:00,shipped
ORD003782,OC003782,2023-09-24 12:00:00,delivered
ORD003783,OC003783,2023-09-11 19:00:00,delivered
ORD003784,OC003784,2024-06-26 11:00:00,delivered
ORD003785,OC003785,2024-12-19 10:00:00,delivered
ORD003786,OC003786,2024-04-26 13:00:00,delivered
ORD003787,OC003787,2023-03-05 10:00:00,delivered
ORD003788,OC003788,2023-03-25 08:00:00,delivered
ORD003789,OC003789,2024-12-16 09:00:00,delivered
ORD003790,OC003790,2023-09-07 14:00:00,delivered
ORD003791,OC003791,2023-04-01 19:00:00,delivered
ORD003792,OC003792,2024-04-22 12:00:00,delivered
ORD003793,OC003793,2024-05-09 08:00:00,delivered
ORD003794,OC003794,2024-05-01 21:00:00,delivered
ORD003795,OC003795,2023-09-02 10:00:00,delivered
ORD003796,OC003796,2023-01-05 13:00:00,delivered
ORD003797,OC003797,2024-12-01 12:00:00,delivered
ORD003798,OC003798,2023-08-24 21:00:00,delivered
ORD003799,OC003799,2024-06-12 10:00:00,delivered
ORD003800,OC003800,2024-07-07 20:00:00,delivered
ORD003801,OC003801,2024-08-14 11:00:00,delivered
ORD003802,OC003802,2024-10-17 14:00:00,delivered
ORD003803,OC003803,2024-12-23 19:00:00,delivered
ORD003804,OC003804,2024-05-16 16:00:00,delivered
ORD003805,OC003805,2023-10-04 11:00:00,delivered
ORD003806,OC003806,2023-09-07 13:00:00,delivered
ORD003807,OC003807,2024-04-04 14:00:00,delivered
ORD003808,OC003808,2024-11-03 09:00:00,delivered
ORD003809,OC003809,2024-12-27 10:00:00,delivered
ORD003810,OC003810,2023-04-20 13:00:00,delivered
ORD003811,OC003811,2023-05-23 14:00:00,delivered
ORD003812,OC003812,2023-06-06 11:00:00,delivered
ORD003813,OC003813,2023-10-11 08:00:00,delivered
ORD003814,OC003814,2024-01-01 16:00:00,delivered
ORD003815,OC003815,2024-12-16 19:00:00,delivered
ORD003816,OC003816,2024-08-09 14:00:00,delivered
ORD003817,OC003817,2024-11-26 14:00:00,delivered
ORD003818,OC003818,2023-07-16 14:00:00,delivered
ORD003819,OC003819,2024-04-02 11:00:00,delivered
ORD003820,OC003820,2024-07-26 19:00:00,delivered
ORD003821,OC003821,2024-06-19 12:00:00,delivered
ORD003822,OC003822,2023-12-21 16:00:00,delivered
ORD003823,OC003823,2023-01-11 09:00:00,delivered
ORD003824,OC003824,2024-04-26 14:00:00,delivered
ORD003825,OC003825,2023-08-20 15:00:00,delivered
ORD003826,OC003826,2023-12-22 19:00:00,delivered
ORD003827,OC003827,2024-12-09 18:00:00,delivered
ORD003828,OC003828,2023-11-18 14:00:00,delivered
ORD003829,OC003829,2024-10-02 20:00:00,delivered
ORD003830,OC003830,2023-06-09 14:00:00,delivered
ORD003831,OC003831,2024-06-14 16:00:00,delivered
ORD003832,OC003832,2024-12-04 18:00:00,delivered
ORD003833,OC003833,2023-04-08 08:00:00,delivered
ORD003834,OC003834,2023-06-02 16:00:00,delivered
ORD003835,OC003835,2023-07-04 13:00:00,delivered
ORD003836,OC003836,2023-09-08 21:00:00,delivered
ORD003837,OC003837,2023-11-10 20:00:00,delivered
ORD003838,OC003838,2023-01-13 12:00:00,delivered
ORD003839,OC003839,2023-12-22 17:00:00,delivered
ORD003840,OC003840,2024-02-05 15:00:00,delivered
ORD003841,OC003841,2024-04-01 17:00:00,delivered
ORD003842,OC003842,2024-06-27 13:00:00,delivered
ORD003843,OC003843,2024-07-06 14:00:00,shipped
ORD003844,OC003844,2024-08-18 13:00:00,delivered
ORD003845,OC003845,2024-09-22 17:00:00,delivered
ORD003846,OC003846,2024-10-21 10:00:00,delivered
ORD003847,OC003847,2024-12-19 12:00:00,delivered
ORD003848,OC003848,2023-04-22 11:00:00,delivered
ORD003849,OC003849,2024-08-12 14:00:00,delivered
ORD003850,OC003850,2024-11-23 21:00:00,delivered
ORD003851,OC003851,2023-12-02 16:00:00,delivered
ORD003852,OC003852,2024-01-19 18:00:00,delivered
ORD003853,OC003853,2023-08-11 11:00:00,delivered
ORD003854,OC003854,2023-12-04 16:00:00,delivered
ORD003855,OC003855,2024-07-24 12:00:00,delivered
ORD003856,OC003856,2023-01-21 13:00:00,delivered
ORD003857,OC003857,2024-04-06 21:00:00,delivered
ORD003858,OC003858,2024-05-25 13:00:00,canceled
ORD003859,OC003859,2024-05-13 18:00:00,delivered
ORD003860,OC003860,2023-08-06 13:00:00,delivered
ORD003861,OC003861,2024-07-06 09:00:00,delivered
ORD003862,OC003862,2023-04-15 09:00:00,delivered
ORD003863,OC003863,2023-07-17 20:00:00,delivered
ORD003864,OC003864,2024-11-03 11:00:00,delivered
ORD003865,OC003865,2024-08-18 13:00:00,delivered
ORD003866,OC003866,2023-01-06 15:00:00,delivered
ORD003867,OC003867,2023-03-26 10:00:00,delivered
ORD003868,OC003868,2023-05-25 10:00:00,delivered
ORD003869,OC003869,2023-07-08 09:00:00,delivered
ORD003870,OC003870,2023-08-09 20:00:00,delivered
ORD003871,OC003871,2023-08-04 20:00:00,delivered
ORD003872,OC003872,2023-07-11 20:00:00,delivered
ORD003873,OC003873,2023-09-27 09:00:00,delivered
ORD003874,OC003874,2023-08-21 19:00:00,delivered
ORD003875,OC003875,2023-03-01 13:00:00,canceled
ORD003876,OC003876,2023-12-05 15:00:00,delivered
ORD003877,OC003877,2024-02-26 10:00:00,delivered
ORD003878,OC003878,2024-03-17 10:00:00,delivered
ORD003879,OC003879,2024-05-12 18:00:00,delivered
ORD003880,OC003880,2024-07-03 13:00:00,delivered
ORD003881,OC003881,2024-09-18 21:00:00,delivered
ORD003882,OC003882,2024-11-06 09:00:00,delivered
ORD003883,OC003883,2024-12-06 09:00:00,delivered
ORD003884,OC003884,2024-08-04 08:00:00,delivered
ORD003885,OC003885,2024-04-02 14:00:00,delivered
ORD003886,OC003886,2024-06-22 09:00:00,delivered
ORD003887,OC003887,2023-03-14 15:00:00,delivered
ORD003888,OC003888,2024-12-25 13:00:00,delivered
ORD003889,OC003889,2024-10-12 08:00:00,delivered
ORD003890,OC003890,2024-09-06 20:00:00,delivered
ORD003891,OC003891,2024-10-14 13:00:00,delivered
ORD003892,OC003892,2024-12-08 16:00:00,delivered
ORD003893,OC003893,2024-03-09 21:00:00,delivered
ORD003894,OC003894,2023-07-22 10:00:00,delivered
ORD003895,OC003895,2024-05-12 12:00:00,delivered
ORD003896,OC003896,2024-08-10 18:00:00,canceled
ORD003897,OC003897,2024-08-22 20:00:00,delivered
ORD003898,OC003898,2024-09-17 21:00:00,delivered
ORD003899,OC003899,2024-02-10 08:00:00,delivered
ORD003900,OC003900,2024-04-18 13:00:00,delivered
ORD003901,OC003901,2024-08-23 16:00:00,delivered
ORD003902,OC003902,2023-03-09 15:00:00,delivered
ORD003903,OC003903,2023-07-21 15:00:00,delivered
ORD003904,OC003904,2023-11-01 18:00:00,delivered
ORD003905,OC003905,2024-02-20 19:00:00,delivered
ORD003906,OC003906,2024-05-19 19:00:00,delivered
ORD003907,OC003907,2024-09-04 15:00:00,delivered
ORD003908,OC003908,2024-11-03 20:00:00,delivered
ORD003909,OC003909,2023-11-27 21:00:00,delivered
ORD003910,OC003910,2024-11-05 09:00:00,delivered
ORD003911,OC003911,2024-04-02 20:00:00,delivered
ORD003912,OC003912,2024-03-07 20:00:00,delivered
ORD003913,OC003913,2024-04-13 18:00:00,delivered
ORD003914,OC003914,2023-09-13 21:00:00,delivered
ORD003915,OC003915,2023-12-12 15:00:00,shipped
ORD003916,OC003916,2024-04-22 15:00:00,delivered
ORD003917,OC003917,2024-07-19 11:00:00,delivered
ORD003918,OC003918,2023-11-23 21:00:00,delivered
ORD003919,OC003919,2024-11-07 13:00:00,delivered
ORD003920,OC003920,2024-06-14 17:00:00,delivered
ORD003921,OC003921,2024-09-16 19:00:00,delivered
ORD003922,OC003922,2023-12-09 20:00:00,shipped
ORD003923,OC003923,2024-02-18 21:00:00,delivered
ORD003924,OC003924,2024-03-27 21:00:00,delivered
ORD003925,OC003925,2024-05-01 12:00:00,delivered
ORD003926,OC003926,2024-07-22 15:00:00,delivered
ORD003927,OC003927,2024-05-22 15:00:00,delivered
ORD003928,OC003928,2024-07-10 08:00:00,delivered
ORD003929,OC003929,2024-09-18 13:00:00,shipped
ORD003930,OC003930,2023-08-16 14:00:00,delivered
ORD003931,OC003931,2024-07-14 09:00:00,delivered
ORD003932,OC003932,2023-12-19 10:00:00,delivered
ORD003933,OC003933,2023-12-21 10:00:00,delivered
ORD003934,OC003934,2024-06-09 10:00:00,delivered
ORD003935,OC003935,2024-12-07 21:00:00,delivered
ORD003936,OC003936,2023-03-25 10:00:00,delivered
ORD003937,OC003937,2023-05-09 20:00:00,delivered
ORD003938,OC003938,2024-10-25 21:00:00,delivered
ORD003939,OC003939,2023-09-10 18:00:00,canceled
ORD003940,OC003940,2023-12-09 18:00:00,delivered
ORD003941,OC003941,2023-01-25 10:00:00,canceled
ORD003942,OC003942,2023-10-09 13:00:00,delivered
ORD003943,OC003943,2024-02-27 12:00:00,delivered
ORD003944,OC003944,2023-02-15 14:00:00,delivered
ORD003945,OC003945,2024-01-25 11:00:00,delivered
ORD003946,OC003946,2024-11-16 21:00:00,delivered
ORD003947,OC003947,2023-04-07 16:00:00,delivered
ORD003948,OC003948,2023-05-24 14:00:00,delivered
ORD003949,OC003949,2023-06-16 15:00:00,delivered
ORD003950,OC003950,2023-08-11 14:00:00,delivered
ORD003951,OC003951,2023-09-12 17:00:00,delivered
ORD003952,OC003952,2023-11-07 12:00:00,delivered
ORD003953,OC003953,2024-01-27 12:00:00,canceled
ORD003954,OC003954,2024-03-22 19:00:00,delivered
ORD003955,OC003955,2024-04-23 19:00:00,delivered
ORD003956,OC003956,2024-05-08 09:00:00,delivered
ORD003957,OC003957,2024-07-14 15:00:00,delivered
ORD003958,OC003958,2024-08-23 21:00:00,delivered
ORD003959,OC003959,2023-12-13 21:00:00,delivered
ORD003960,OC003960,2024-06-06 17:00:00,canceled
ORD003961,OC003961,2023-08-05 09:00:00,delivered
ORD003962,OC003962,2023-12-05 16:00:00,shipped
ORD003963,OC003963,2024-02-05 21:00:00,delivered
ORD003964,OC003964,2024-05-03 17:00:00,delivered
ORD003965,OC003965,2023-06-13 16:00:00,delivered
ORD003966,OC003966,2023-06-23 16:00:00,delivered
ORD003967,OC003967,2023-10-27 16:00:00,delivered
ORD003968,OC003968,2024-01-02 19:00:00,delivered
ORD003969,OC003969,2023-03-04 13:00:00,delivered
ORD003970,OC003970,2023-06-12 19:00:00,delivered
ORD003971,OC003971,2024-06-01 16:00:00,delivered
ORD003972,OC003972,2024-10-12 11:00:00,delivered
ORD003973,OC003973,2024-11-19 21:00:00,delivered
ORD003974,OC003974,2024-10-20 11:00:00,delivered
ORD003975,OC003975,2024-06-08 17:00:00,delivered
ORD003976,OC003976,2023-04-13 18:00:00,delivered
ORD003977,OC003977,2023-07-16 11:00:00,canceled
ORD003978,OC003978,2023-09-04 18:00:00,delivered
ORD003979,OC003979,2023-10-22 17:00:00,shipped
ORD003980,OC003980,2023-08-21 13:00:00,delivered
ORD003981,OC003981,2023-09-15 10:00:00,delivered
ORD003982,OC003982,2024-02-02 10:00:00,delivered
ORD003983,OC003983,2024-03-27 21:00:00,delivered
ORD003984,OC003984,2023-11-11 20:00:00,delivered
ORD003985,OC003985,2023-11-09 09:00:00,delivered
ORD003986,OC003986,2024-10-12 12:00:00,delivered
ORD003987,OC003987,2024-09-07 21:00:00,delivered
ORD003988,OC003988,2023-10-25 12:00:00,delivered
ORD003989,OC003989,2024-11-25 08:00:00,delivered
ORD003990,OC003990,2024-12-10 14:00:00,delivered
ORD003991,OC003991,2023-10-27 14:00:00,delivered
ORD003992,OC003992,2023-11-25 11:00:00,delivered
ORD003993,OC003993,2024-01-12 10:00:00,delivered
ORD003994,OC003994,2024-02-03 17:00:00,delivered
ORD003995,OC003995,2024-04-14 14:00:00,delivered
ORD003996,OC003996,2024-05-06 09:00:00,delivered
ORD003997,OC003997,2024-06-10 08:00:00,delivered
ORD003998,OC003998,2024-08-26 08:00:00,delivered
ORD003999,OC003999,2023-11-13 21:00:00,delivered
ORD004000,OC004000,2024-02-02 20:00:00,delivered
ORD004001,OC004001,2024-12-06 17:00:00,delivered
ORD004002,OC004002,2024-11-02 19:00:00,delivered
ORD004003,OC004003,2023-04-27 19:00:00,delivered
ORD004004,OC004004,2023-11-17 15:00:00,delivered
ORD004005,OC004005,2024-03-11 19:00:00,delivered
ORD004006,OC004006,2024-06-01 08:00:00,delivered
ORD004007,OC004007,2024-07-08 16:00:00,delivered
ORD004008,OC004008,2024-02-19 17:00:00,delivered
ORD004009,OC004009,2023-07-08 12:00:00,delivered
ORD004010,OC004010,2023-09-16 21:00:00,delivered
ORD004011,OC004011,2024-11-19 21:00:00,delivered
ORD004012,OC004012,2024-12-27 20:00:00,canceled
ORD004013,OC004013,2024-06-06 20:00:00,delivered
ORD004014,OC004014,2024-10-06 21:00:00,delivered
ORD004015,OC004015,2024-11-18 20:00:00,delivered
ORD004016,OC004016,2024-11-19 08:00:00,delivered
ORD004017,OC004017,2024-08-14 17:00:00,delivered
ORD004018,OC004018,2023-12-06 12:00:00,delivered
ORD004019,OC004019,2024-05-25 19:00:00,delivered
ORD004020,OC004020,2023-06-05 19:00:00,delivered
ORD004021,OC004021,2024-06-14 14:00:00,delivered
ORD004022,OC004022,2023-06-05 21:00:00,delivered
ORD004023,OC004023,2024-07-23 08:00:00,delivered
ORD004024,OC004024,2023-08-14 14:00:00,delivered
ORD004025,OC004025,2023-12-19 15:00:00,delivered
ORD004026,OC004026,2023-04-01 20:00:00,delivered
ORD004027,OC004027,2023-06-03 16:00:00,canceled
ORD004028,OC004028,2023-01-13 08:00:00,delivered
ORD004029,OC004029,2024-07-11 10:00:00,delivered
ORD004030,OC004030,2024-08-10 19:00:00,delivered
ORD004031,OC004031,2024-02-13 20:00:00,delivered
ORD004032,OC004032,2024-04-10 13:00:00,delivered
ORD004033,OC004033,2024-08-25 13:00:00,delivered
ORD004034,OC004034,2024-10-25 08:00:00,delivered
ORD004035,OC004035,2023-06-01 12:00:00,delivered
ORD004036,OC004036,2023-03-01 18:00:00,delivered
ORD004037,OC004037,2023-01-14 11:00:00,delivered
ORD004038,OC004038,2023-06-06 12:00:00,delivered
ORD004039,OC004039,2024-11-26 13:00:00,delivered
ORD004040,OC004040,2023-08-17 19:00:00,delivered
ORD004041,OC004041,2023-11-08 13:00:00,delivered
ORD004042,OC004042,2023-12-25 12:00:00,delivered
ORD004043,OC004043,2024-01-17 12:00:00,delivered
ORD004044,OC004044,2024-03-01 21:00:00,delivered
ORD004045,OC004045,2023-04-09 13:00:00,canceled
ORD004046,OC004046,2023-06-27 20:00:00,delivered
ORD004047,OC004047,2023-10-26 10:00:00,delivered
ORD004048,OC004048,2023-07-08 08:00:00,delivered
ORD004049,OC004049,2024-02-11 17:00:00,delivered
ORD004050,OC004050,2024-05-02 14:00:00,delivered
ORD004051,OC004051,2024-07-20 11:00:00,delivered
ORD004052,OC004052,2024-08-12 10:00:00,delivered
ORD004053,OC004053,2023-08-10 10:00:00,delivered
ORD004054,OC004054,2023-03-02 08:00:00,delivered
ORD004055,OC004055,2023-11-16 18:00:00,delivered
ORD004056,OC004056,2023-08-02 18:00:00,delivered
ORD004057,OC004057,2023-07-25 16:00:00,delivered
ORD004058,OC004058,2024-12-22 19:00:00,delivered
ORD004059,OC004059,2024-05-12 12:00:00,delivered
ORD004060,OC004060,2024-03-23 14:00:00,delivered
ORD004061,OC004061,2024-04-16 20:00:00,delivered
ORD004062,OC004062,2023-12-05 17:00:00,delivered
ORD004063,OC004063,2024-01-13 20:00:00,delivered
ORD004064,OC004064,2024-02-12 09:00:00,delivered
ORD004065,OC004065,2024-03-25 13:00:00,canceled
ORD004066,OC004066,2024-05-14 09:00:00,canceled
ORD004067,OC004067,2024-07-14 10:00:00,delivered
ORD004068,OC004068,2024-09-03 16:00:00,delivered
ORD004069,OC004069,2024-11-24 21:00:00,delivered
ORD004070,OC004070,2023-12-20 08:00:00,delivered
ORD004071,OC004071,2024-03-05 16:00:00,delivered
ORD004072,OC004072,2024-07-18 19:00:00,delivered
ORD004073,OC004073,2024-10-22 13:00:00,delivered
ORD004074,OC004074,2024-07-05 15:00:00,delivered
ORD004075,OC004075,2023-06-27 13:00:00,delivered
ORD004076,OC004076,2023-07-04 09:00:00,delivered
ORD004077,OC004077,2024-01-05 16:00:00,delivered
ORD004078,OC004078,2023-12-15 21:00:00,delivered
ORD004079,OC004079,2024-04-13 15:00:00,delivered
ORD004080,OC004080,2024-08-07 19:00:00,shipped
ORD004081,OC004081,2024-11-24 17:00:00,delivered
ORD004082,OC004082,2024-05-26 13:00:00,canceled
ORD004083,OC004083,2024-03-12 16:00:00,delivered
ORD004084,OC004084,2023-04-08 13:00:00,delivered
ORD004085,OC004085,2024-04-22 13:00:00,delivered
ORD004086,OC004086,2023-04-22 15:00:00,delivered
ORD004087,OC004087,2023-10-03 21:00:00,delivered
ORD004088,OC004088,2023-05-26 17:00:00,delivered
ORD004089,OC004089,2024-07-03 10:00:00,delivered
ORD004090,OC004090,2023-07-26 13:00:00,delivered
ORD004091,OC004091,2023-11-06 20:00:00,delivered
ORD004092,OC004092,2024-11-16 20:00:00,delivered
ORD004093,OC004093,2023-07-09 14:00:00,delivered
ORD004094,OC004094,2024-02-08 17:00:00,delivered
ORD004095,OC004095,2024-04-07 09:00:00,delivered
ORD004096,OC004096,2024-06-25 20:00:00,delivered
ORD004097,OC004097,2024-07-25 17:00:00,delivered
ORD004098,OC004098,2023-12-08 11:00:00,canceled
ORD004099,OC004099,2023-01-26 12:00:00,delivered
ORD004100,OC004100,2023-03-09 20:00:00,canceled
ORD004101,OC004101,2023-04-21 09:00:00,delivered
ORD004102,OC004102,2023-05-05 20:00:00,delivered
ORD004103,OC004103,2023-07-17 12:00:00,delivered
ORD004104,OC004104,2023-08-19 12:00:00,delivered
ORD004105,OC004105,2024-09-12 15:00:00,delivered
ORD004106,OC004106,2024-10-17 13:00:00,delivered
ORD004107,OC004107,2023-03-26 21:00:00,delivered
ORD004108,OC004108,2024-01-21 18:00:00,delivered
ORD004109,OC004109,2024-03-15 14:00:00,delivered
ORD004110,OC004110,2024-03-05 08:00:00,delivered
ORD004111,OC004111,2024-05-18 10:00:00,delivered
ORD004112,OC004112,2024-07-11 18:00:00,canceled
ORD004113,OC004113,2024-11-11 15:00:00,delivered
ORD004114,OC004114,2023-08-06 20:00:00,delivered
ORD004115,OC004115,2023-01-19 18:00:00,delivered
ORD004116,OC004116,2023-03-07 12:00:00,delivered
ORD004117,OC004117,2024-07-09 11:00:00,delivered
ORD004118,OC004118,2024-03-27 18:00:00,delivered
ORD004119,OC004119,2024-10-09 12:00:00,delivered
ORD004120,OC004120,2024-10-23 10:00:00,delivered
ORD004121,OC004121,2024-10-02 08:00:00,delivered
ORD004122,OC004122,2024-01-24 09:00:00,delivered
ORD004123,OC004123,2023-10-27 20:00:00,delivered
ORD004124,OC004124,2024-09-14 17:00:00,delivered
ORD004125,OC004125,2023-12-13 15:00:00,delivered
ORD004126,OC004126,2023-06-26 13:00:00,delivered
ORD004127,OC004127,2024-10-21 19:00:00,delivered
ORD004128,OC004128,2024-11-09 21:00:00,delivered
ORD004129,OC004129,2024-12-15 16:00:00,delivered
ORD004130,OC004130,2023-12-14 17:00:00,delivered
ORD004131,OC004131,2023-03-06 16:00:00,delivered
ORD004132,OC004132,2023-11-21 08:00:00,delivered
ORD004133,OC004133,2024-09-21 16:00:00,delivered
ORD004134,OC004134,2024-11-18 11:00:00,delivered
ORD004135,OC004135,2023-07-23 13:00:00,delivered
ORD004136,OC004136,2023-03-24 14:00:00,delivered
ORD004137,OC004137,2024-11-20 11:00:00,delivered
ORD004138,OC004138,2023-11-07 16:00:00,delivered
ORD004139,OC004139,2024-03-15 21:00:00,delivered
ORD004140,OC004140,2024-12-27 16:00:00,delivered
ORD004141,OC004141,2023-03-10 12:00:00,delivered
ORD004142,OC004142,2023-04-09 15:00:00,delivered
ORD004143,OC004143,2023-06-03 18:00:00,delivered
ORD004144,OC004144,2023-08-17 09:00:00,delivered
ORD004145,OC004145,2024-05-04 16:00:00,delivered
ORD004146,OC004146,2023-03-21 16:00:00,delivered
ORD004147,OC004147,2023-11-13 15:00:00,delivered
ORD004148,OC004148,2024-02-19 14:00:00,delivered
ORD004149,OC004149,2024-04-04 20:00:00,delivered
ORD004150,OC004150,2024-05-08 13:00:00,delivered
ORD004151,OC004151,2024-06-26 13:00:00,delivered
ORD004152,OC004152,2024-10-17 12:00:00,delivered
ORD004153,OC004153,2024-09-27 15:00:00,delivered
ORD004154,OC004154,2023-12-18 10:00:00,delivered
ORD004155,OC004155,2024-02-10 15:00:00,delivered
ORD004156,OC004156,2024-12-18 11:00:00,delivered
ORD004157,OC004157,2024-03-21 17:00:00,delivered
ORD004158,OC004158,2023-10-26 13:00:00,delivered
ORD004159,OC004159,2023-07-23 08:00:00,delivered
ORD004160,OC004160,2023-11-17 09:00:00,delivered
ORD004161,OC004161,2023-11-23 14:00:00,delivered
ORD004162,OC004162,2023-03-01 21:00:00,delivered
ORD004163,OC004163,2023-11-07 08:00:00,delivered
ORD004164,OC004164,2023-12-07 08:00:00,delivered
ORD004165,OC004165,2024-07-02 08:00:00,canceled
ORD004166,OC004166,2024-06-09 08:00:00,delivered
ORD004167,OC004167,2024-07-19 16:00:00,delivered
ORD004168,OC004168,2024-11-14 10:00:00,delivered
ORD004169,OC004169,2023-01-04 21:00:00,delivered
ORD004170,OC004170,2023-07-19 21:00:00,delivered
ORD004171,OC004171,2024-06-12 14:00:00,delivered
ORD004172,OC004172,2024-08-19 16:00:00,delivered
ORD004173,OC004173,2024-01-14 08:00:00,delivered
ORD004174,OC004174,2023-01-13 17:00:00,delivered
ORD004175,OC004175,2024-09-10 21:00:00,delivered
ORD004176,OC004176,2024-09-09 14:00:00,delivered
ORD004177,OC004177,2024-03-08 11:00:00,delivered
ORD004178,OC004178,2023-03-18 10:00:00,delivered
ORD004179,OC004179,2024-09-19 15:00:00,delivered
ORD004180,OC004180,2024-04-04 16:00:00,delivered
ORD004181,OC004181,2024-09-21 12:00:00,delivered
ORD004182,OC004182,2024-08-22 19:00:00,delivered
ORD004183,OC004183,2024-09-05 14:00:00,delivered
ORD004184,OC004184,2024-10-23 09:00:00,delivered
ORD004185,OC004185,2024-02-16 20:00:00,delivered
ORD004186,OC004186,2023-05-13 15:00:00,delivered
ORD004187,OC004187,2024-06-03 18:00:00,delivered
ORD004188,OC004188,2024-05-25 15:00:00,delivered
ORD004189,OC004189,2024-08-12 17:00:00,delivered
ORD004190,OC004190,2023-06-15 17:00:00,delivered
ORD004191,OC004191,2023-07-23 21:00:00,delivered
ORD004192,OC004192,2024-11-19 14:00:00,delivered
ORD004193,OC004193,2024-08-03 10:00:00,delivered
ORD004194,OC004194,2024-11-17 19:00:00,delivered
ORD004195,OC004195,2024-08-15 19:00:00,delivered
ORD004196,OC004196,2024-04-07 09:00:00,delivered
ORD004197,OC004197,2024-06-07 18:00:00,delivered
ORD004198,OC004198,2024-11-07 16:00:00,delivered
ORD004199,OC004199,2024-04-06 19:00:00,delivered
ORD004200,OC004200,2024-05-04 21:00:00,delivered
ORD004201,OC004201,2023-05-22 12:00:00,delivered
ORD004202,OC004202,2024-01-23 14:00:00,delivered
ORD004203,OC004203,2024-07-11 14:00:00,delivered
ORD004204,OC004204,2023-09-18 19:00:00,delivered
ORD004205,OC004205,2023-07-27 21:00:00,delivered
ORD004206,OC004206,2023-09-15 09:00:00,delivered
ORD004207,OC004207,2023-10-06 14:00:00,delivered
ORD004208,OC004208,2023-12-25 09:00:00,delivered
ORD004209,OC004209,2023-10-24 19:00:00,delivered
ORD004210,OC004210,2023-08-16 09:00:00,delivered
ORD004211,OC004211,2023-10-17 11:00:00,delivered
ORD004212,OC004212,2023-07-21 17:00:00,delivered
ORD004213,OC004213,2023-12-11 20:00:00,delivered
ORD004214,OC004214,2024-11-05 21:00:00,delivered
ORD004215,OC004215,2024-02-08 21:00:00,canceled
ORD004216,OC004216,2024-06-23 19:00:00,delivered
ORD004217,OC004217,2023-06-08 19:00:00,delivered
ORD004218,OC004218,2023-07-01 12:00:00,delivered
ORD004219,OC004219,2023-09-19 15:00:00,delivered
ORD004220,OC004220,2023-11-18 15:00:00,delivered
ORD004221,OC004221,2023-03-06 20:00:00,shipped
ORD004222,OC004222,2023-05-13 21:00:00,delivered
ORD004223,OC004223,2023-06-27 19:00:00,delivered
ORD004224,OC004224,2023-08-05 09:00:00,delivered
ORD004225,OC004225,2023-10-11 21:00:00,delivered
ORD004226,OC004226,2023-12-12 20:00:00,delivered
ORD004227,OC004227,2024-02-25 16:00:00,delivered
ORD004228,OC004228,2024-07-12 15:00:00,delivered
ORD004229,OC004229,2023-11-21 12:00:00,delivered
ORD004230,OC004230,2024-10-27 17:00:00,delivered
ORD004231,OC004231,2024-06-21 11:00:00,delivered
ORD004232,OC004232,2024-09-19 08:00:00,delivered
ORD004233,OC004233,2023-09-26 19:00:00,delivered
ORD004234,OC004234,2024-07-14 14:00:00,delivered
ORD004235,OC004235,2023-09-21 18:00:00,delivered
ORD004236,OC004236,2024-12-08 18:00:00,delivered
ORD004237,OC004237,2024-05-05 14:00:00,delivered
ORD004238,OC004238,2024-06-26 18:00:00,canceled
ORD004239,OC004239,2023-10-18 12:00:00,delivered
ORD004240,OC004240,2023-09-02 10:00:00,delivered
ORD004241,OC004241,2023-06-25 12:00:00,delivered
ORD004242,OC004242,2024-07-19 09:00:00,delivered
ORD004243,OC004243,2023-07-17 11:00:00,delivered
ORD004244,OC004244,2024-04-01 14:00:00,delivered
ORD004245,OC004245,2023-09-16 12:00:00,delivered
ORD004246,OC004246,2023-11-07 13:00:00,canceled
ORD004247,OC004247,2024-01-07 15:00:00,canceled
ORD004248,OC004248,2024-02-07 20:00:00,delivered
ORD004249,OC004249,2024-03-14 20:00:00,delivered
ORD004250,OC004250,2024-05-14 11:00:00,delivered
ORD004251,OC004251,2024-06-24 16:00:00,delivered
ORD004252,OC004252,2024-06-19 21:00:00,delivered
ORD004253,OC004253,2024-08-27 10:00:00,delivered
ORD004254,OC004254,2024-10-21 20:00:00,delivered
ORD004255,OC004255,2024-09-03 10:00:00,canceled
ORD004256,OC004256,2024-08-27 13:00:00,canceled
ORD004257,OC004257,2024-11-07 11:00:00,delivered
ORD004258,OC004258,2024-12-07 09:00:00,delivered
ORD004259,OC004259,2023-06-06 11:00:00,delivered
ORD004260,OC004260,2023-03-25 14:00:00,delivered
ORD004261,OC004261,2023-04-15 21:00:00,delivered
ORD004262,OC004262,2024-07-03 12:00:00,delivered
ORD004263,OC004263,2023-11-02 08:00:00,delivered
ORD004264,OC004264,2023-12-03 15:00:00,delivered
ORD004265,OC004265,2024-03-11 11:00:00,delivered
ORD004266,OC004266,2023-12-19 11:00:00,delivered
ORD004267,OC004267,2023-02-25 12:00:00,delivered
ORD004268,OC004268,2023-08-03 12:00:00,delivered
ORD004269,OC004269,2023-02-23 20:00:00,shipped
ORD004270,OC004270,2024-11-18 18:00:00,delivered
ORD004271,OC004271,2023-08-12 17:00:00,delivered
ORD004272,OC004272,2024-03-04 19:00:00,delivered
ORD004273,OC004273,2024-06-13 19:00:00,delivered
ORD004274,OC004274,2024-08-04 14:00:00,delivered
ORD004275,OC004275,2023-02-11 19:00:00,delivered
ORD004276,OC004276,2024-06-11 19:00:00,delivered
ORD004277,OC004277,2023-10-10 14:00:00,delivered
ORD004278,OC004278,2024-11-03 15:00:00,delivered
ORD004279,OC004279,2024-11-27 18:00:00,delivered
ORD004280,OC004280,2024-12-02 14:00:00,delivered
ORD004281,OC004281,2023-10-16 10:00:00,delivered
ORD004282,OC004282,2023-12-13 16:00:00,delivered
ORD004283,OC004283,2024-01-02 10:00:00,delivered
ORD004284,OC004284,2024-11-25 11:00:00,delivered
ORD004285,OC004285,2024-12-24 15:00:00,delivered
ORD004286,OC004286,2024-12-18 15:00:00,delivered
ORD004287,OC004287,2024-10-18 19:00:00,delivered
ORD004288,OC004288,2024-10-16 18:00:00,delivered
ORD004289,OC004289,2023-08-13 10:00:00,delivered
ORD004290,OC004290,2024-04-02 18:00:00,delivered
ORD004291,OC004291,2023-03-21 12:00:00,delivered
ORD004292,OC004292,2023-06-17 19:00:00,delivered
ORD004293,OC004293,2023-07-18 10:00:00,delivered
ORD004294,OC004294,2023-09-25 10:00:00,delivered
ORD004295,OC004295,2023-04-12 10:00:00,delivered
ORD004296,OC004296,2023-06-08 21:00:00,delivered
ORD004297,OC004297,2023-08-05 18:00:00,delivered
ORD004298,OC004298,2024-12-25 09:00:00,delivered
ORD004299,OC004299,2023-10-05 21:00:00,delivered
ORD004300,OC004300,2023-11-05 10:00:00,delivered
ORD004301,OC004301,2024-08-01 08:00:00,delivered
ORD004302,OC004302,2024-09-04 15:00:00,delivered
ORD004303,OC004303,2024-11-21 16:00:00,delivered
ORD004304,OC004304,2024-10-25 14:00:00,delivered
ORD004305,OC004305,2024-12-27 14:00:00,delivered
ORD004306,OC004306,2023-08-02 16:00:00,delivered
ORD004307,OC004307,2023-02-14 18:00:00,delivered
ORD004308,OC004308,2023-03-26 21:00:00,delivered
ORD004309,OC004309,2023-05-27 08:00:00,delivered
ORD004310,OC004310,2023-06-10 18:00:00,delivered
ORD004311,OC004311,2023-08-20 19:00:00,delivered
ORD004312,OC004312,2023-09-01 19:00:00,delivered
ORD004313,OC004313,2023-11-06 08:00:00,canceled
ORD004314,OC004314,2023-12-26 12:00:00,delivered
ORD004315,OC004315,2024-01-06 21:00:00,delivered
ORD004316,OC004316,2024-03-19 21:00:00,delivered
ORD004317,OC004317,2023-12-04 19:00:00,delivered
ORD004318,OC004318,2023-05-09 15:00:00,delivered
ORD004319,OC004319,2023-01-06 09:00:00,delivered
ORD004320,OC004320,2023-02-13 13:00:00,delivered
ORD004321,OC004321,2023-03-04 12:00:00,canceled
ORD004322,OC004322,2023-04-09 11:00:00,delivered
ORD004323,OC004323,2023-11-08 17:00:00,delivered
ORD004324,OC004324,2024-09-20 14:00:00,canceled
ORD004325,OC004325,2024-03-23 20:00:00,delivered
ORD004326,OC004326,2023-10-25 13:00:00,delivered
ORD004327,OC004327,2024-06-02 11:00:00,delivered
ORD004328,OC004328,2024-08-27 19:00:00,delivered
ORD004329,OC004329,2023-08-02 11:00:00,delivered
ORD004330,OC004330,2023-12-06 16:00:00,delivered
ORD004331,OC004331,2023-01-14 09:00:00,delivered
ORD004332,OC004332,2024-08-17 11:00:00,shipped
ORD004333,OC004333,2024-05-12 10:00:00,delivered
ORD004334,OC004334,2024-08-18 18:00:00,delivered
ORD004335,OC004335,2023-02-12 08:00:00,delivered
ORD004336,OC004336,2024-10-18 18:00:00,delivered
ORD004337,OC004337,2024-05-04 15:00:00,delivered
ORD004338,OC004338,2024-03-04 13:00:00,delivered
ORD004339,OC004339,2024-04-09 14:00:00,delivered
ORD004340,OC004340,2024-06-24 21:00:00,delivered
ORD004341,OC004341,2024-08-08 10:00:00,delivered
ORD004342,OC004342,2024-10-02 18:00:00,delivered
ORD004343,OC004343,2024-11-13 16:00:00,delivered
ORD004344,OC004344,2024-05-07 10:00:00,delivered
ORD004345,OC004345,2024-11-04 08:00:00,delivered
ORD004346,OC004346,2024-04-27 13:00:00,delivered
ORD004347,OC004347,2024-04-14 20:00:00,delivered
ORD004348,OC004348,2024-12-05 18:00:00,delivered
ORD004349,OC004349,2024-08-04 10:00:00,delivered
ORD004350,OC004350,2024-10-08 13:00:00,delivered
ORD004351,OC004351,2024-12-23 11:00:00,delivered
ORD004352,OC004352,2023-12-24 14:00:00,delivered
ORD004353,OC004353,2024-07-17 14:00:00,delivered
ORD004354,OC004354,2024-08-21 14:00:00,delivered
ORD004355,OC004355,2023-11-10 18:00:00,delivered
ORD004356,OC004356,2023-12-17 10:00:00,delivered
ORD004357,OC004357,2023-08-12 20:00:00,shipped
ORD004358,OC004358,2024-04-19 17:00:00,delivered
ORD004359,OC004359,2024-11-11 10:00:00,delivered
ORD004360,OC004360,2024-11-03 17:00:00,delivered
ORD004361,OC004361,2023-10-16 13:00:00,delivered
ORD004362,OC004362,2024-02-16 13:00:00,delivered
ORD004363,OC004363,2023-07-02 13:00:00,delivered
ORD004364,OC004364,2023-08-08 10:00:00,delivered
ORD004365,OC004365,2024-12-22 10:00:00,delivered
ORD004366,OC004366,2024-12-17 14:00:00,delivered
ORD004367,OC004367,2024-06-02 14:00:00,delivered
ORD004368,OC004368,2024-09-13 11:00:00,delivered
ORD004369,OC004369,2024-07-20 10:00:00,delivered
ORD004370,OC004370,2024-04-04 11:00:00,delivered
ORD004371,OC004371,2023-02-01 09:00:00,delivered
ORD004372,OC004372,2023-12-27 09:00:00,delivered
ORD004373,OC004373,2024-01-07 15:00:00,delivered
ORD004374,OC004374,2024-02-10 17:00:00,delivered
ORD004375,OC004375,2024-04-12 12:00:00,delivered
ORD004376,OC004376,2024-06-25 21:00:00,delivered
ORD004377,OC004377,2024-06-24 10:00:00,delivered
ORD004378,OC004378,2023-11-05 19:00:00,delivered
ORD004379,OC004379,2024-12-13 10:00:00,delivered
ORD004380,OC004380,2023-06-18 19:00:00,delivered
ORD004381,OC004381,2024-01-08 11:00:00,delivered
ORD004382,OC004382,2024-07-03 21:00:00,delivered
ORD004383,OC004383,2024-07-04 13:00:00,delivered
ORD004384,OC004384,2024-06-02 10:00:00,delivered
ORD004385,OC004385,2023-09-12 18:00:00,delivered
ORD004386,OC004386,2023-05-25 10:00:00,delivered
ORD004387,OC004387,2024-05-15 13:00:00,delivered
ORD004388,OC004388,2024-04-26 14:00:00,delivered
ORD004389,OC004389,2023-06-19 08:00:00,delivered
ORD004390,OC004390,2023-09-25 14:00:00,delivered
ORD004391,OC004391,2023-12-22 13:00:00,delivered
ORD004392,OC004392,2024-04-22 16:00:00,delivered
ORD004393,OC004393,2024-07-20 11:00:00,delivered
ORD004394,OC004394,2023-12-05 19:00:00,delivered
ORD004395,OC004395,2024-06-05 11:00:00,delivered
ORD004396,OC004396,2024-10-24 21:00:00,delivered
ORD004397,OC004397,2024-11-22 20:00:00,delivered
ORD004398,OC004398,2023-06-19 18:00:00,delivered
ORD004399,OC004399,2023-10-27 21:00:00,delivered
ORD004400,OC004400,2023-12-12 08:00:00,delivered
ORD004401,OC004401,2024-04-19 19:00:00,delivered
ORD004402,OC004402,2023-01-23 16:00:00,delivered
ORD004403,OC004403,2023-04-09 18:00:00,delivered
ORD004404,OC004404,2024-09-14 18:00:00,delivered
ORD004405,OC004405,2024-11-22 08:00:00,delivered
ORD004406,OC004406,2024-05-05 19:00:00,delivered
ORD004407,OC004407,2024-07-27 16:00:00,delivered
ORD004408,OC004408,2024-09-11 08:00:00,delivered
ORD004409,OC004409,2024-10-21 11:00:00,delivered
ORD004410,OC004410,2024-09-13 13:00:00,delivered
ORD004411,OC004411,2024-10-01 18:00:00,delivered
ORD004412,OC004412,2024-12-25 13:00:00,delivered
ORD004413,OC004413,2024-12-01 08:00:00,delivered
ORD004414,OC004414,2024-03-06 08:00:00,delivered
ORD004415,OC004415,2024-01-17 09:00:00,delivered
ORD004416,OC004416,2023-11-26 09:00:00,delivered
ORD004417,OC004417,2023-05-25 20:00:00,delivered
ORD004418,OC004418,2023-06-01 18:00:00,delivered
ORD004419,OC004419,2024-04-03 14:00:00,delivered
ORD004420,OC004420,2023-09-06 10:00:00,delivered
ORD004421,OC004421,2023-11-04 15:00:00,delivered
