order_id,order_item_id,product_id,price,freight_value
ORD000001,1,PROD00011,540.03,30.1
ORD000002,1,PROD00170,17.83,28.41
ORD000002,2,PROD00120,109.22,7.4
ORD000002,3,PROD00114,80.91,5.3
ORD000002,4,PROD00116,59.12,29.23
ORD000003,1,PROD00239,233.7,30.37
ORD000004,1,PROD00017,102.86,23.82
ORD000005,1,PROD00203,63.06,15.78
ORD000005,2,PROD00115,72.77,11.98
ORD000006,1,PROD00123,125.48,23.7
ORD000006,2,PROD00195,27.14,21.77
ORD000006,3,PROD00178,56.1,20.57
ORD000007,1,PROD00106,402.1,15.02
ORD000008,1,PROD00018,649.2,27.65
ORD000008,2,PROD00027,923.11,12.2
ORD000009,1,PROD00031,301.49,21.8
ORD000010,1,PROD00006,160.41,7.34
ORD000011,1,PROD00231,138.35,27.19
ORD000011,2,PROD00112,33.95,25.07
ORD000012,1,PROD00217,267.62,23.49
ORD000013,1,PROD00026,805.35,11.37
ORD000013,2,PROD00051,133.22,19.24
ORD000013,3,PROD00100,331.92,29.56
ORD000014,1,PROD00035,949.48,20.91
ORD000014,2,PROD00016,897.25,22.71
ORD000015,1,PROD00212,68.91,13.58
ORD000015,2,PROD00037,682.04,15.37
ORD000016,1,PROD00003,558.46,17.21
ORD000016,2,PROD00022,880.05,11.8
ORD000016,3,PROD00048,30.78,25.92
ORD000016,4,PROD00066,28.77,19.93
ORD000017,1,PROD00056,213.57,17.54
ORD000017,2,PROD00067,137.0,14.62
ORD000017,3,PROD00063,117.12,13.89
ORD000018,1,PROD00037,682.36,32.98
ORD000019,1,PROD00100,321.02,30.76
ORD000020,1,PROD00181,60.71,12.0
ORD000021,1,PROD00171,32.04,11.23
ORD000022,1,PROD00110,149.72,15.67
ORD000022,2,PROD00234,321.21,13.84
ORD000023,1,PROD00082,26.78,19.95
ORD000023,2,PROD00107,32.09,11.55
ORD000023,3,PROD00098,319.42,5.38
ORD000024,1,PROD00090,313.87,28.6
ORD000024,2,PROD00193,43.08,21.49
ORD000024,3,PROD00081,112.03,19.22
ORD000025,1,PROD00048,27.62,8.4
ORD000025,2,PROD00059,141.27,30.86
ORD000025,3,PROD00072,54.48,34.84
ORD000025,4,PROD00147,1346.89,7.22
ORD000026,1,PROD00177,12.92,10.27
ORD000026,2,PROD00114,75.01,32.46
ORD000027,1,PROD00045,123.61,11.97
ORD000027,2,PROD00133,97.77,14.85
ORD000028,1,PROD00239,244.71,6.64
ORD000028,2,PROD00131,66.27,19.46
ORD000029,1,PROD00195,24.73,17.31
ORD000029,2,PROD00115,64.2,8.75
ORD000029,3,PROD00045,100.14,25.65
ORD000030,1,PROD00076,36.11,23.84
ORD000031,1,PROD00234,285.33,28.22
ORD000032,1,PROD00155,511.27,30.79
ORD000033,1,PROD00089,321.95,11.41
ORD000033,2,PROD00239,228.01,17.15
ORD000033,3,PROD00067,161.2,7.67
ORD000033,4,PROD00154,726.64,32.56
ORD000034,1,PROD00152,1524.97,22.74
ORD000035,1,PROD00167,53.41,22.97
ORD000036,1,PROD00191,35.69,23.84
ORD000037,1,PROD00156,202.59,26.45
ORD000037,2,PROD00005,234.91,14.19
ORD000037,3,PROD00224,163.37,12.92
ORD000038,1,PROD00011,500.27,28.06
ORD000039,1,PROD00051,146.69,8.19
ORD000040,1,PROD00026,657.76,8.46
ORD000040,2,PROD00131,73.75,20.88
ORD000040,3,PROD00156,217.57,25.42
ORD000041,1,PROD00202,9.92,30.54
ORD000042,1,PROD00024,464.11,16.38
ORD000043,1,PROD00175,40.89,21.98
ORD000044,1,PROD00107,33.8,20.35
ORD000044,2,PROD00158,1298.05,6.6
ORD000045,1,PROD00231,111.09,21.99
ORD000045,2,PROD00032,385.32,9.1
ORD000045,3,PROD00111,48.29,31.47
ORD000046,1,PROD00186,15.21,24.24
ORD000047,1,PROD00033,567.86,15.87
ORD000047,2,PROD00188,54.02,19.12
ORD000047,3,PROD00018,675.15,23.05
ORD000047,4,PROD00013,166.09,17.4
ORD000048,1,PROD00052,170.71,21.1
ORD000049,1,PROD00054,67.19,19.12
ORD000050,1,PROD00146,784.49,32.86
ORD000051,1,PROD00146,907.58,16.76
ORD000052,1,PROD00102,219.42,10.0
ORD000052,2,PROD00062,48.13,26.27
ORD000053,1,PROD00126,48.67,14.29
ORD000054,1,PROD00238,148.06,29.26
ORD000054,2,PROD00160,343.5,24.08
ORD000055,1,PROD00059,141.96,20.17
ORD000056,1,PROD00183,18.83,19.61
ORD000057,1,PROD00022,841.53,8.59
ORD000058,1,PROD00168,36.05,28.36
ORD000058,2,PROD00036,204.19,23.03
ORD000058,3,PROD00071,74.62,19.93
ORD000059,1,PROD00043,177.65,10.48
ORD000059,2,PROD00078,110.34,24.12
ORD000060,1,PROD00141,728.88,24.44
ORD000060,2,PROD00138,180.3,24.62
ORD000061,1,PROD00225,309.06,25.68
ORD000062,1,PROD00174,40.15,14.65
ORD000062,2,PROD00132,105.16,34.88
ORD000063,1,PROD00002,1088.96,26.72
ORD000064,1,PROD00210,82.38,6.97
ORD000064,2,PROD00159,467.57,22.16
ORD000064,3,PROD00052,202.8,8.67
ORD000065,1,PROD00185,14.27,14.74
ORD000066,1,PROD00163,34.99,10.92
ORD000066,2,PROD00117,102.54,27.09
ORD000067,1,PROD00024,469.8,18.29
ORD000067,2,PROD00019,103.21,28.1
ORD000068,1,PROD00055,170.79,13.63
ORD000069,1,PROD00022,917.5,18.75
ORD000070,1,PROD00080,74.21,28.11
ORD000070,2,PROD00049,43.34,20.04
ORD000071,1,PROD00176,12.77,9.35
ORD000072,1,PROD00016,944.37,12.89
ORD000072,2,PROD00170,17.84,18.97
ORD000073,1,PROD00192,52.04,13.8
ORD000074,1,PROD00166,13.7,28.45
ORD000074,2,PROD00228,45.24,8.22
ORD000074,3,PROD00120,106.34,5.34
ORD000075,1,PROD00013,189.17,15.3
ORD000075,2,PROD00026,737.5,7.19
ORD000075,3,PROD00003,632.14,13.54
ORD000075,4,PROD00102,272.35,16.04
ORD000076,1,PROD00077,151.03,21.06
ORD000076,2,PROD00104,123.88,14.67
ORD000076,3,PROD00015,608.83,30.0
ORD000076,4,PROD00095,438.25,23.85
ORD000077,1,PROD00043,166.94,10.71
ORD000078,1,PROD00209,60.28,16.59
ORD000079,1,PROD00028,839.88,31.25
ORD000079,2,PROD00003,565.06,7.84
ORD000080,1,PROD00167,49.35,23.68
ORD000081,1,PROD00181,52.88,19.78
ORD000081,2,PROD00201,25.69,34.35
ORD000081,3,PROD00124,97.56,19.62
ORD000082,1,PROD00221,319.72,6.22
ORD000083,1,PROD00047,84.81,20.8
ORD000083,2,PROD00078,103.18,15.88
ORD000084,1,PROD00170,18.67,11.24
ORD000084,2,PROD00128,95.51,27.28
ORD000084,3,PROD00130,126.69,12.09
ORD000085,1,PROD00120,131.96,28.51
ORD000086,1,PROD00079,48.36,29.89
ORD000087,1,PROD00142,612.18,21.7
ORD000087,2,PROD00103,400.75,5.41
ORD000088,1,PROD00090,336.45,26.13
ORD000089,1,PROD00199,34.82,10.67
ORD000090,1,PROD00083,61.29,8.63
ORD000091,1,PROD00054,67.22,10.24
ORD000092,1,PROD00193,44.0,34.28
ORD000093,1,PROD00054,73.58,8.86
ORD000093,2,PROD00113,48.16,25.69
ORD000094,1,PROD00084,370.26,34.12
ORD000095,1,PROD00227,159.26,30.92
ORD000096,1,PROD00013,188.48,20.81
ORD000096,2,PROD00035,963.12,6.65
ORD000097,1,PROD00234,321.84,30.29
ORD000098,1,PROD00016,916.37,33.67
ORD000098,2,PROD00163,33.86,30.27
ORD000098,3,PROD00113,58.04,10.05
ORD000099,1,PROD00066,32.8,17.14
ORD000099,2,PROD00040,220.37,12.71
ORD000100,1,PROD00083,64.67,24.52
ORD000101,1,PROD00206,12.57,20.38
ORD000102,1,PROD00156,199.27,18.18
ORD000102,2,PROD00108,94.28,17.11
ORD000102,3,PROD00230,193.89,17.63
ORD000103,1,PROD00212,56.82,13.15
ORD000103,2,PROD00192,43.94,23.11
ORD000104,1,PROD00101,341.98,12.61
ORD000104,2,PROD00077,165.97,21.84
ORD000104,3,PROD00009,724.11,11.73
ORD000104,4,PROD00060,126.91,33.85
ORD000105,1,PROD00138,216.68,28.52
ORD000106,1,PROD00090,334.24,17.83
ORD000106,2,PROD00018,688.17,16.52
ORD000106,3,PROD00229,221.82,9.46
ORD000106,4,PROD00076,35.05,19.77
ORD000107,1,PROD00172,46.71,28.15
ORD000108,1,PROD00213,64.16,26.12
ORD000109,1,PROD00040,218.26,20.24
ORD000110,1,PROD00041,138.61,32.6
ORD000110,2,PROD00193,43.53,29.62
ORD000111,1,PROD00023,577.67,22.42
ORD000111,2,PROD00010,114.15,32.5
ORD000112,1,PROD00004,552.78,21.04
ORD000113,1,PROD00080,58.96,30.51
ORD000113,2,PROD00001,1117.36,31.61
ORD000114,1,PROD00016,879.88,32.12
ORD000114,2,PROD00033,501.09,25.11
ORD000115,1,PROD00100,313.05,24.16
ORD000115,2,PROD00141,651.5,32.79
ORD000115,3,PROD00221,324.98,10.68
ORD000116,1,PROD00159,440.1,32.04
ORD000116,2,PROD00187,56.82,19.66
ORD000117,1,PROD00068,97.25,6.39
ORD000117,2,PROD00109,300.7,11.39
ORD000117,3,PROD00198,65.87,24.21
ORD000118,1,PROD00086,362.43,27.57
ORD000119,1,PROD00158,1346.43,14.5
ORD000119,2,PROD00131,71.56,5.94
ORD000119,3,PROD00178,61.66,30.07
ORD000120,1,PROD00038,699.44,27.48
ORD000121,1,PROD00218,41.42,19.98
ORD000121,2,PROD00027,784.72,10.08
ORD000122,1,PROD00222,240.79,33.08
ORD000123,1,PROD00160,323.39,21.81
ORD000123,2,PROD00220,129.52,28.87
ORD000124,1,PROD00132,88.72,22.46
ORD000125,1,PROD00170,16.82,27.45
ORD000125,2,PROD00084,390.5,9.19
ORD000126,1,PROD00058,111.17,29.3
ORD000127,1,PROD00040,242.18,9.92
ORD000127,2,PROD00073,105.46,14.04
ORD000128,1,PROD00229,213.14,9.75
ORD000129,1,PROD00006,150.43,21.78
ORD000129,2,PROD00075,124.36,7.43
ORD000130,1,PROD00197,22.76,8.09
ORD000131,1,PROD00224,184.19,27.49
ORD000131,2,PROD00149,1290.77,32.98
ORD000131,3,PROD00225,289.19,13.65
ORD000132,1,PROD00181,59.19,11.58
ORD000132,2,PROD00122,112.93,24.57
ORD000132,3,PROD00179,31.82,5.02
ORD000133,1,PROD00063,143.95,12.43
ORD000133,2,PROD00055,161.94,30.33
ORD000133,3,PROD00085,103.27,17.46
ORD000134,1,PROD00192,49.02,7.11
ORD000134,2,PROD00031,296.86,33.6
ORD000135,1,PROD00146,850.3,17.16
ORD000136,1,PROD00180,33.0,12.1
ORD000136,2,PROD00022,890.81,8.95
ORD000136,3,PROD00223,41.52,30.27
ORD000137,1,PROD00154,688.51,19.87
ORD000137,2,PROD00159,438.0,17.32
ORD000138,1,PROD00118,14.49,10.81
ORD000138,2,PROD00177,11.18,15.74
ORD000139,1,PROD00235,286.05,16.61
ORD000139,2,PROD00028,885.11,6.34
ORD000139,3,PROD00108,84.1,18.72
ORD000140,1,PROD00043,196.75,19.45
ORD000141,1,PROD00071,88.45,19.49
ORD000142,1,PROD00065,78.54,6.32
ORD000142,2,PROD00101,366.79,8.91
ORD000143,1,PROD00237,157.7,5.07
ORD000143,2,PROD00068,81.74,25.42
ORD000143,3,PROD00082,25.3,8.41
ORD000144,1,PROD00213,55.92,30.6
ORD000144,2,PROD00139,190.9,28.18
ORD000144,3,PROD00055,148.62,29.65
ORD000144,4,PROD00052,196.58,22.9
ORD000145,1,PROD00023,651.13,11.29
ORD000145,2,PROD00005,224.72,32.13
ORD000145,3,PROD00138,227.66,34.76
ORD000146,1,PROD00065,65.62,25.8
ORD000147,1,PROD00097,125.09,34.46
ORD000147,2,PROD00080,72.7,8.86
ORD000147,3,PROD00231,110.45,25.65
ORD000147,4,PROD00181,59.98,33.07
ORD000148,1,PROD00179,33.2,15.56
ORD000149,1,PROD00021,818.21,11.59
ORD000150,1,PROD00192,49.04,11.85
ORD000150,2,PROD00129,20.04,14.45
ORD000150,3,PROD00071,76.32,13.19
ORD000151,1,PROD00008,1346.91,22.05
ORD000151,2,PROD00031,278.1,27.7
ORD000152,1,PROD00146,902.33,11.64
ORD000153,1,PROD00212,61.13,31.82
ORD000153,2,PROD00227,152.21,30.25
ORD000154,1,PROD00030,357.27,29.65
ORD000155,1,PROD00041,137.41,15.39
ORD000156,1,PROD00043,188.06,29.17
ORD000157,1,PROD00114,85.5,32.35
ORD000158,1,PROD00004,662.72,8.68
ORD000158,2,PROD00027,817.38,16.9
ORD000159,1,PROD00036,228.25,18.07
ORD000160,1,PROD00230,179.89,19.58
ORD000160,2,PROD00180,32.2,9.26
ORD000161,1,PROD00223,43.29,18.3
ORD000161,2,PROD00031,293.69,34.28
ORD000161,3,PROD00150,698.26,32.16
ORD000161,4,PROD00139,157.52,10.73
ORD000162,1,PROD00168,37.09,23.13
ORD000163,1,PROD00162,995.79,34.21
ORD000164,1,PROD00112,42.27,25.37
ORD000164,2,PROD00049,52.15,5.87
ORD000164,3,PROD00003,570.37,8.24
ORD000165,1,PROD00050,66.34,33.91
ORD000165,2,PROD00070,149.97,13.64
ORD000165,3,PROD00085,100.07,26.11
ORD000165,4,PROD00079,49.96,16.22
ORD000166,1,PROD00144,1252.91,25.17
ORD000167,1,PROD00001,972.69,28.5
ORD000168,1,PROD00204,69.46,29.17
ORD000169,1,PROD00107,33.67,13.64
ORD000170,1,PROD00091,213.96,7.07
ORD000171,1,PROD00177,11.13,5.59
ORD000172,1,PROD00188,52.97,6.98
ORD000172,2,PROD00115,61.88,17.22
ORD000173,1,PROD00163,35.48,32.8
ORD000173,2,PROD00082,30.58,26.95
ORD000173,3,PROD00043,171.73,8.18
ORD000173,4,PROD00051,138.67,34.36
ORD000174,1,PROD00238,162.42,8.77
ORD000174,2,PROD00156,223.31,20.75
ORD000174,3,PROD00181,54.26,18.56
ORD000175,1,PROD00119,26.89,5.16
ORD000176,1,PROD00163,30.91,28.73
ORD000176,2,PROD00113,58.6,26.48
ORD000177,1,PROD00053,156.14,11.31
ORD000178,1,PROD00003,590.93,29.47
ORD000178,2,PROD00220,110.46,29.46
ORD000179,1,PROD00072,53.75,16.94
ORD000180,1,PROD00063,131.32,30.42
ORD000181,1,PROD00124,106.97,30.09
ORD000181,2,PROD00189,17.62,33.68
ORD000182,1,PROD00205,39.28,6.21
ORD000182,2,PROD00070,137.72,10.36
ORD000183,1,PROD00195,24.97,16.87
ORD000184,1,PROD00223,36.19,25.89
ORD000185,1,PROD00009,807.02,29.09
ORD000185,2,PROD00150,681.27,28.57
ORD000185,3,PROD00002,968.13,33.23
ORD000186,1,PROD00130,107.39,31.39
ORD000187,1,PROD00118,14.04,15.44
ORD000187,2,PROD00151,329.83,19.11
ORD000187,3,PROD00207,51.78,34.99
ORD000187,4,PROD00023,681.09,15.85
ORD000188,1,PROD00171,28.11,18.11
ORD000188,2,PROD00123,116.24,27.31
ORD000189,1,PROD00014,477.94,15.22
ORD000190,1,PROD00055,169.69,13.74
ORD000190,2,PROD00056,226.42,33.69
ORD000191,1,PROD00070,151.37,15.73
ORD000192,1,PROD00232,290.94,30.52
ORD000192,2,PROD00109,305.88,6.99
ORD000192,3,PROD00151,264.44,20.7
ORD000193,1,PROD00235,292.24,16.35
ORD000193,2,PROD00094,125.06,23.91
ORD000193,3,PROD00148,1635.63,17.57
ORD000193,4,PROD00144,1429.59,13.05
ORD000194,1,PROD00001,1084.52,33.84
ORD000194,2,PROD00032,339.71,18.5
ORD000195,1,PROD00118,12.23,22.63
ORD000196,1,PROD00083,62.61,18.25
ORD000197,1,PROD00137,1062.98,25.57
ORD000198,1,PROD00038,654.4,23.34
ORD000199,1,PROD00235,277.22,28.46
ORD000199,2,PROD00044,78.11,16.76
ORD000199,3,PROD00170,19.08,8.31
ORD000200,1,PROD00047,70.22,29.31
ORD000201,1,PROD00110,141.38,14.28
ORD000201,2,PROD00082,26.38,34.17
ORD000201,3,PROD00065,66.95,27.0
ORD000201,4,PROD00076,31.11,22.89
ORD000202,1,PROD00201,24.92,9.46
ORD000202,2,PROD00006,143.68,19.5
ORD000202,3,PROD00057,85.0,15.69
ORD000203,1,PROD00239,229.16,20.9
ORD000204,1,PROD00235,269.42,22.31
ORD000205,1,PROD00080,68.84,16.94
ORD000205,2,PROD00235,276.62,29.09
ORD000206,1,PROD00115,65.38,25.39
ORD000207,1,PROD00117,82.29,19.63
ORD000207,2,PROD00031,274.66,11.06
ORD000207,3,PROD00016,958.26,18.32
ORD000207,4,PROD00164,26.23,10.96
ORD000208,1,PROD00164,26.52,9.76
ORD000208,2,PROD00118,12.39,8.18
ORD000209,1,PROD00118,12.38,9.35
ORD000209,2,PROD00074,23.8,23.04
ORD000210,1,PROD00022,875.46,17.55
ORD000211,1,PROD00236,319.41,12.5
ORD000212,1,PROD00043,165.93,33.51
ORD000212,2,PROD00239,243.06,7.93
ORD000212,3,PROD00063,113.36,9.83
ORD000213,1,PROD00218,37.01,30.87
ORD000213,2,PROD00136,207.99,25.6
ORD000213,3,PROD00019,104.59,11.64
ORD000214,1,PROD00004,624.71,29.81
ORD000214,2,PROD00095,389.45,13.26
ORD000214,3,PROD00174,33.97,21.09
ORD000215,1,PROD00208,23.89,19.99
ORD000215,2,PROD00173,26.66,18.22
ORD000216,1,PROD00146,774.31,19.94
ORD000217,1,PROD00006,146.68,11.43
ORD000217,2,PROD00215,64.07,14.77
ORD000217,3,PROD00037,695.52,26.3
ORD000218,1,PROD00222,246.17,17.5
ORD000219,1,PROD00106,359.33,20.57
ORD000219,2,PROD00077,155.68,33.89
ORD000220,1,PROD00224,168.17,20.13
ORD000220,2,PROD00157,1155.41,20.1
ORD000220,3,PROD00154,648.22,26.71
ORD000221,1,PROD00013,175.06,32.02
ORD000221,2,PROD00031,310.37,25.48
ORD000221,3,PROD00031,301.75,26.8
ORD000222,1,PROD00006,152.39,17.74
ORD000223,1,PROD00080,65.43,8.62
ORD000224,1,PROD00123,126.05,5.92
ORD000225,1,PROD00112,40.31,29.96
ORD000225,2,PROD00020,346.56,11.4
ORD000225,3,PROD00236,296.88,27.19
ORD000225,4,PROD00170,18.74,27.1
ORD000226,1,PROD00114,79.4,10.1
ORD000226,2,PROD00026,683.11,12.9
ORD000226,3,PROD00173,29.85,17.34
ORD000227,1,PROD00170,20.39,15.54
ORD000228,1,PROD00227,150.51,5.48
ORD000229,1,PROD00021,748.6,5.69
ORD000229,2,PROD00024,504.4,19.51
ORD000230,1,PROD00231,122.29,28.04
ORD000230,2,PROD00066,28.38,8.69
ORD000231,1,PROD00046,212.95,22.31
ORD000231,2,PROD00174,34.65,7.52
ORD000232,1,PROD00161,975.95,16.74
ORD000232,2,PROD00220,116.47,15.29
ORD000232,3,PROD00059,135.86,26.61
ORD000233,1,PROD00204,84.12,15.57
ORD000233,2,PROD00195,23.15,21.79
ORD000234,1,PROD00205,47.29,24.58
ORD000235,1,PROD00201,27.6,34.84
ORD000235,2,PROD00096,357.78,23.24
ORD000235,3,PROD00189,14.74,18.63
ORD000236,1,PROD00029,225.55,24.47
ORD000237,1,PROD00015,681.83,8.38
ORD000238,1,PROD00188,46.08,14.59
ORD000239,1,PROD00067,131.61,13.17
ORD000240,1,PROD00068,83.38,22.36
ORD000241,1,PROD00139,179.92,23.8
ORD000241,2,PROD00173,30.44,23.86
ORD000242,1,PROD00013,173.12,7.51
ORD000242,2,PROD00003,591.34,20.42
ORD000243,1,PROD00086,308.64,22.83
ORD000243,2,PROD00236,312.41,9.93
ORD000244,1,PROD00126,42.03,28.91
ORD000245,1,PROD00071,93.03,12.37
ORD000245,2,PROD00104,137.29,13.24
ORD000245,3,PROD00020,387.05,5.16
ORD000246,1,PROD00195,23.4,28.55
ORD000247,1,PROD00061,53.1,8.49
ORD000247,2,PROD00223,40.71,13.25
ORD000248,1,PROD00052,195.94,24.46
ORD000249,1,PROD00107,32.25,24.27
ORD000249,2,PROD00092,118.45,21.76
ORD000249,3,PROD00145,163.05,7.9
ORD000250,1,PROD00042,95.85,12.52
ORD000251,1,PROD00070,136.29,8.55
ORD000252,1,PROD00128,79.85,28.11
ORD000252,2,PROD00026,747.28,22.96
ORD000253,1,PROD00069,63.8,21.93
ORD000254,1,PROD00071,85.42,5.65
ORD000255,1,PROD00172,39.02,17.89
ORD000255,2,PROD00126,45.14,17.51
ORD000256,1,PROD00042,120.87,32.83
ORD000257,1,PROD00064,15.77,33.25
ORD000258,1,PROD00021,720.85,29.74
ORD000258,2,PROD00138,193.15,32.91
ORD000258,3,PROD00025,205.3,30.73
ORD000258,4,PROD00161,960.35,20.44
ORD000259,1,PROD00205,39.18,15.14
ORD000259,2,PROD00030,332.23,14.92
ORD000260,1,PROD00183,17.98,8.06
ORD000260,2,PROD00128,90.92,31.21
ORD000260,3,PROD00123,108.18,18.53
ORD000261,1,PROD00012,1099.82,8.74
ORD000262,1,PROD00201,27.96,12.97
ORD000263,1,PROD00015,636.51,21.88
ORD000264,1,PROD00066,31.4,31.41
ORD000265,1,PROD00036,248.41,12.5
ORD000265,2,PROD00143,1524.39,25.69
ORD000266,1,PROD00154,721.29,23.52
ORD000267,1,PROD00062,45.26,17.21
ORD000268,1,PROD00165,10.98,10.07
ORD000269,1,PROD00234,289.13,33.8
ORD000269,2,PROD00214,62.55,30.62
ORD000269,3,PROD00118,11.95,13.13
ORD000270,1,PROD00085,104.2,11.0
ORD000271,1,PROD00216,37.03,8.42
ORD000272,1,PROD00097,147.52,29.43
ORD000272,2,PROD00075,154.96,5.47
ORD000273,1,PROD00029,222.31,17.4
ORD000273,2,PROD00031,314.11,8.78
ORD000273,3,PROD00003,648.16,20.37
ORD000274,1,PROD00212,57.89,21.65
ORD000275,1,PROD00074,22.67,12.99
ORD000275,2,PROD00102,273.07,32.82
ORD000275,3,PROD00055,157.84,31.71
ORD000276,1,PROD00132,99.13,16.02
ORD000277,1,PROD00115,72.49,20.4
ORD000278,1,PROD00187,47.57,24.01
ORD000279,1,PROD00027,886.57,8.89
ORD000280,1,PROD00007,1097.28,9.38
ORD000280,2,PROD00028,810.5,14.29
ORD000280,3,PROD00026,730.46,24.91
ORD000281,1,PROD00071,74.4,7.39
ORD000282,1,PROD00184,16.62,17.12
ORD000282,2,PROD00196,66.9,20.36
ORD000282,3,PROD00020,362.97,21.15
ORD000283,1,PROD00146,823.19,19.85
ORD000283,2,PROD00165,11.92,20.15
ORD000283,3,PROD00229,217.42,9.17
ORD000284,1,PROD00096,351.53,26.25
ORD000285,1,PROD00094,137.69,23.49
ORD000285,2,PROD00066,31.4,10.47
ORD000286,1,PROD00098,377.58,25.87
ORD000287,1,PROD00083,59.2,25.22
ORD000287,2,PROD00106,412.0,30.3
ORD000288,1,PROD00129,20.67,17.2
ORD000289,1,PROD00109,286.02,30.63
ORD000289,2,PROD00193,51.06,20.6
ORD000290,1,PROD00194,65.99,12.36
ORD000290,2,PROD00019,103.15,18.3
ORD000290,3,PROD00129,21.89,30.89
ORD000291,1,PROD00166,11.62,34.59
ORD000291,2,PROD00129,22.32,23.44
ORD000291,3,PROD00135,90.36,31.37
ORD000292,1,PROD00188,53.0,26.59
ORD000293,1,PROD00153,142.63,25.61
ORD000294,1,PROD00230,165.59,22.9
ORD000295,1,PROD00148,1523.26,12.93
ORD000296,1,PROD00037,845.15,28.32
ORD000297,1,PROD00063,133.63,34.98
ORD000298,1,PROD00148,1344.13,12.13
ORD000299,1,PROD00020,354.2,23.79
ORD000300,1,PROD00132,104.98,7.28
ORD000301,1,PROD00191,35.07,26.47
ORD000302,1,PROD00200,45.67,8.63
ORD000303,1,PROD00040,213.86,13.74
ORD000303,2,PROD00081,105.91,29.13
ORD000303,3,PROD00073,109.43,23.71
ORD000304,1,PROD00147,1189.52,24.41
ORD000305,1,PROD00068,96.74,34.41
ORD000306,1,PROD00145,159.95,20.97
ORD000307,1,PROD00162,1018.81,14.67
ORD000307,2,PROD00025,218.02,33.17
ORD000308,1,PROD00043,196.93,7.35
ORD000308,2,PROD00067,161.26,15.89
ORD000308,3,PROD00032,392.51,17.55
ORD000309,1,PROD00159,423.75,28.6
ORD000310,1,PROD00209,70.39,7.94
ORD000311,1,PROD00169,35.51,28.59
ORD000311,2,PROD00125,58.67,30.16
ORD000311,3,PROD00052,188.17,12.46
ORD000311,4,PROD00134,45.06,26.3
ORD000312,1,PROD00038,748.65,9.68
ORD000313,1,PROD00218,43.46,17.16
ORD000314,1,PROD00109,300.69,28.73
ORD000315,1,PROD00003,548.53,32.28
ORD000315,2,PROD00031,289.07,28.64
ORD000315,3,PROD00038,640.84,19.71
ORD000316,1,PROD00194,57.57,32.1
ORD000316,2,PROD00102,224.82,34.48
ORD000317,1,PROD00063,121.63,19.13
ORD000318,1,PROD00045,101.54,25.86
ORD000318,2,PROD00059,125.53,24.94
ORD000318,3,PROD00065,69.32,10.97
ORD000319,1,PROD00072,57.03,7.8
ORD000320,1,PROD00069,62.28,9.86
ORD000321,1,PROD00047,74.29,31.11
ORD000321,2,PROD00231,120.6,23.01
ORD000321,3,PROD00074,20.4,6.69
ORD000322,1,PROD00210,70.33,16.94
ORD000323,1,PROD00184,16.25,7.24
ORD000324,1,PROD00065,71.05,30.07
ORD000325,1,PROD00232,295.38,20.69
ORD000326,1,PROD00125,47.16,18.53
ORD000326,2,PROD00168,33.31,21.65
ORD000326,3,PROD00178,53.99,30.79
ORD000327,1,PROD00128,91.52,28.79
ORD000328,1,PROD00228,50.75,22.26
ORD000329,1,PROD00009,848.96,17.86
ORD000330,1,PROD00172,37.92,30.56
ORD000331,1,PROD00070,164.23,15.36
ORD000332,1,PROD00063,143.98,10.92
ORD000333,1,PROD00135,104.91,27.83
ORD000333,2,PROD00046,246.79,10.41
ORD000333,3,PROD00045,117.96,15.16
ORD000333,4,PROD00171,28.25,17.64
ORD000334,1,PROD00206,11.86,15.96
ORD000335,1,PROD00082,25.01,27.89
ORD000335,2,PROD00108,96.31,6.14
ORD000336,1,PROD00073,105.53,23.76
ORD000336,2,PROD00088,199.61,21.01
ORD000336,3,PROD00044,77.22,29.85
ORD000336,4,PROD00111,48.58,28.32
ORD000337,1,PROD00047,73.41,24.09
ORD000338,1,PROD00120,113.91,5.36
ORD000338,2,PROD00149,1230.61,26.56
ORD000338,3,PROD00175,45.12,32.49
ORD000339,1,PROD00231,140.01,28.62
ORD000340,1,PROD00142,586.14,20.11
ORD000341,1,PROD00031,291.91,14.96
ORD000341,2,PROD00110,131.91,30.47
ORD000341,3,PROD00020,360.59,33.0
ORD000342,1,PROD00208,19.04,13.64
ORD000343,1,PROD00163,28.33,16.17
ORD000343,2,PROD00127,76.96,21.64
ORD000344,1,PROD00234,282.6,10.41
ORD000345,1,PROD00130,110.0,26.53
ORD000345,2,PROD00145,165.17,29.93
ORD000346,1,PROD00178,65.04,32.31
ORD000347,1,PROD00173,30.21,18.54
ORD000348,1,PROD00156,192.99,20.66
ORD000349,1,PROD00225,261.52,5.09
ORD000349,2,PROD00156,208.08,8.26
ORD000349,3,PROD00158,1406.44,25.31
ORD000350,1,PROD00142,595.96,13.68
ORD000351,1,PROD00017,104.28,18.29
ORD000351,2,PROD00040,225.74,26.7
ORD000351,3,PROD00034,805.35,28.75
ORD000352,1,PROD00238,162.54,27.13
ORD000353,1,PROD00001,1012.92,29.95
ORD000354,1,PROD00031,279.93,16.78
ORD000355,1,PROD00149,1455.68,23.25
ORD000355,2,PROD00202,8.6,19.38
ORD000356,1,PROD00076,35.17,29.56
ORD000357,1,PROD00117,85.38,16.21
ORD000358,1,PROD00239,232.64,27.78
ORD000358,2,PROD00143,1653.77,26.87
ORD000358,3,PROD00104,148.82,14.98
ORD000359,1,PROD00033,579.85,22.75
ORD000359,2,PROD00093,355.17,6.03
ORD000360,1,PROD00018,813.17,23.49
ORD000361,1,PROD00010,108.98,34.8
ORD000361,2,PROD00178,51.47,13.99
ORD000362,1,PROD00009,843.45,18.81
ORD000362,2,PROD00108,103.65,17.3
ORD000363,1,PROD00011,571.09,8.64
ORD000364,1,PROD00170,20.61,34.71
ORD000364,2,PROD00224,165.1,7.6
ORD000365,1,PROD00149,1309.85,5.96
ORD000365,2,PROD00228,51.45,26.49
ORD000365,3,PROD00154,709.89,27.72
ORD000365,4,PROD00150,646.67,11.64
ORD000366,1,PROD00178,54.75,10.04
ORD000366,2,PROD00078,120.86,23.53
ORD000367,1,PROD00129,19.97,20.36
ORD000368,1,PROD00113,49.17,10.15
ORD000368,2,PROD00028,771.6,23.38
ORD000369,1,PROD00087,68.11,9.36
ORD000370,1,PROD00206,11.42,6.18
ORD000370,2,PROD00149,1155.57,8.58
ORD000371,1,PROD00062,51.36,30.64
ORD000371,2,PROD00088,193.46,19.41
ORD000371,3,PROD00045,102.06,19.32
ORD000372,1,PROD00230,169.08,18.66
ORD000373,1,PROD00125,47.56,25.23
ORD000374,1,PROD00011,505.08,19.27
ORD000375,1,PROD00003,586.03,17.33
ORD000376,1,PROD00032,326.44,5.4
ORD000377,1,PROD00011,597.68,26.52
ORD000378,1,PROD00058,137.43,17.82
ORD000379,1,PROD00030,363.36,25.43
ORD000380,1,PROD00044,86.14,7.74
ORD000380,2,PROD00076,36.97,26.75
ORD000381,1,PROD00016,906.51,28.71
ORD000382,1,PROD00167,55.15,28.19
ORD000382,2,PROD00124,102.08,29.94
ORD000382,3,PROD00202,8.73,21.38
ORD000383,1,PROD00205,38.72,28.62
ORD000383,2,PROD00190,86.24,5.6
ORD000383,3,PROD00075,147.91,12.59
ORD000383,4,PROD00050,60.43,17.09
ORD000384,1,PROD00068,91.03,25.4
ORD000385,1,PROD00090,300.56,14.3
ORD000386,1,PROD00079,49.25,6.46
ORD000387,1,PROD00078,114.96,25.02
ORD000388,1,PROD00046,229.11,31.49
ORD000388,2,PROD00080,67.51,15.62
ORD000389,1,PROD00226,168.55,29.18
ORD000390,1,PROD00004,669.88,14.28
ORD000391,1,PROD00206,11.33,21.64
ORD000391,2,PROD00120,105.75,28.7
ORD000391,3,PROD00003,582.63,29.02
ORD000391,4,PROD00067,137.09,17.67
ORD000392,1,PROD00150,701.37,13.7
ORD000393,1,PROD00103,379.16,15.51
ORD000393,2,PROD00074,24.47,8.8
ORD000394,1,PROD00230,205.16,20.63
ORD000395,1,PROD00011,484.6,28.59
ORD000396,1,PROD00033,564.79,15.99
ORD000396,2,PROD00007,1188.18,23.19
ORD000396,3,PROD00006,141.93,32.13
ORD000397,1,PROD00190,77.38,29.42
ORD000398,1,PROD00046,240.12,31.8
ORD000399,1,PROD00007,1200.86,21.36
ORD000399,2,PROD00076,31.55,27.37
ORD000399,3,PROD00089,348.07,24.43
ORD000400,1,PROD00174,38.83,22.04
ORD000400,2,PROD00133,79.46,10.3
ORD000401,1,PROD00070,137.45,21.62
ORD000402,1,PROD00160,363.11,27.37
ORD000403,1,PROD00103,418.87,9.58
ORD000404,1,PROD00077,149.28,9.32
ORD000405,1,PROD00079,50.8,16.83
ORD000406,1,PROD00183,22.17,14.82
ORD000407,1,PROD00059,139.74,34.22
ORD000408,1,PROD00176,14.11,30.59
ORD000408,2,PROD00034,806.14,8.97
ORD000409,1,PROD00180,33.03,7.47
ORD000409,2,PROD00151,308.85,8.11
ORD000409,3,PROD00007,1254.45,29.44
ORD000409,4,PROD00133,90.18,9.23
ORD000410,1,PROD00067,129.39,5.79
ORD000410,2,PROD00097,140.57,14.54
ORD000411,1,PROD00184,14.49,29.24
ORD000412,1,PROD00092,105.84,33.24
ORD000412,2,PROD00130,124.83,34.76
ORD000413,1,PROD00014,463.01,22.22
ORD000413,2,PROD00179,32.74,16.94
ORD000414,1,PROD00114,72.81,10.13
ORD000414,2,PROD00139,167.28,14.62
ORD000414,3,PROD00178,60.7,23.69
ORD000414,4,PROD00045,110.63,11.34
ORD000415,1,PROD00162,1014.4,26.3
ORD000416,1,PROD00090,341.38,20.63
ORD000417,1,PROD00239,208.49,12.55
ORD000418,1,PROD00199,33.74,24.58
ORD000419,1,PROD00002,1071.07,5.3
ORD000420,1,PROD00099,168.96,31.33
ORD000421,1,PROD00054,65.61,10.52
ORD000422,1,PROD00224,198.05,15.07
ORD000423,1,PROD00058,123.18,20.34
ORD000423,2,PROD00166,13.93,31.23
ORD000423,3,PROD00110,131.19,10.18
ORD000424,1,PROD00132,94.34,11.25
ORD000424,2,PROD00026,730.96,21.65
ORD000425,1,PROD00187,56.38,27.94
ORD000425,2,PROD00086,309.5,17.59
ORD000425,3,PROD00171,30.57,12.69
ORD000426,1,PROD00053,182.22,16.77
ORD000427,1,PROD00144,1350.54,13.24
ORD000427,2,PROD00231,131.91,29.98
ORD000428,1,PROD00061,55.89,7.09
ORD000428,2,PROD00002,956.46,18.85
ORD000429,1,PROD00147,1222.91,19.28
ORD000429,2,PROD00230,206.38,12.42
ORD000429,3,PROD00220,130.63,18.18
ORD000430,1,PROD00187,59.49,10.79
ORD000431,1,PROD00058,133.61,16.12
ORD000432,1,PROD00021,799.3,23.79
ORD000433,1,PROD00011,599.12,27.86
ORD000434,1,PROD00231,110.0,12.27
ORD000435,1,PROD00119,30.4,34.43
ORD000435,2,PROD00186,14.08,5.75
ORD000435,3,PROD00174,36.95,9.36
ORD000436,1,PROD00222,217.95,9.96
ORD000437,1,PROD00175,47.57,10.24
ORD000437,2,PROD00123,119.69,12.84
ORD000438,1,PROD00030,317.0,19.96
ORD000439,1,PROD00212,58.18,24.37
ORD000440,1,PROD00035,997.46,13.1
ORD000441,1,PROD00004,581.3,19.45
ORD000442,1,PROD00002,961.17,16.31
ORD000442,2,PROD00004,640.02,25.15
ORD000442,3,PROD00208,19.88,25.14
ORD000443,1,PROD00036,248.86,22.86
ORD000444,1,PROD00020,346.13,12.68
ORD000444,2,PROD00034,705.27,33.47
ORD000445,1,PROD00236,298.59,8.2
ORD000446,1,PROD00079,43.62,34.08
ORD000447,1,PROD00016,877.08,16.95
ORD000448,1,PROD00025,214.9,7.91
ORD000448,2,PROD00204,71.62,25.31
ORD000449,1,PROD00060,138.18,8.13
ORD000450,1,PROD00156,221.58,17.34
ORD000451,1,PROD00217,237.08,24.37
ORD000452,1,PROD00108,88.55,30.01
ORD000452,2,PROD00134,42.35,33.86
ORD000453,1,PROD00118,13.28,27.68
ORD000454,1,PROD00233,295.42,20.94
ORD000454,2,PROD00106,388.25,19.84
ORD000455,1,PROD00114,77.44,9.81
ORD000455,2,PROD00211,84.62,32.88
ORD000456,1,PROD00054,64.26,23.6
ORD000457,1,PROD00238,161.0,5.76
ORD000457,2,PROD00194,65.11,11.44
ORD000458,1,PROD00103,367.8,22.54
ORD000459,1,PROD00058,140.98,32.35
ORD000459,2,PROD00104,149.52,29.77
ORD000459,3,PROD00089,335.04,32.18
ORD000460,1,PROD00099,190.05,21.71
ORD000460,2,PROD00027,902.39,14.45
ORD000460,3,PROD00187,53.86,19.56
ORD000461,1,PROD00032,352.3,17.35
ORD000461,2,PROD00008,1119.43,32.68
ORD000462,1,PROD00225,297.82,21.83
ORD000463,1,PROD00074,20.14,25.67
ORD000463,2,PROD00046,203.14,22.89
ORD000464,1,PROD00104,136.86,20.99
ORD000465,1,PROD00202,9.63,15.71
ORD000465,2,PROD00041,126.85,25.27
ORD000465,3,PROD00036,249.57,12.61
ORD000466,1,PROD00125,47.67,32.21
ORD000466,2,PROD00165,10.95,18.81
ORD000466,3,PROD00036,228.02,9.48
ORD000466,4,PROD00220,122.72,29.93
ORD000467,1,PROD00022,935.08,23.26
ORD000467,2,PROD00175,41.37,32.72
ORD000468,1,PROD00191,39.19,16.05
ORD000468,2,PROD00101,344.5,6.21
ORD000468,3,PROD00060,123.58,17.19
ORD000469,1,PROD00130,119.57,12.58
ORD000469,2,PROD00152,1447.25,8.24
ORD000470,1,PROD00090,276.79,14.02
ORD000471,1,PROD00032,366.29,27.3
ORD000471,2,PROD00218,36.43,6.84
ORD000471,3,PROD00053,149.32,18.26
ORD000471,4,PROD00011,541.88,16.43
ORD000472,1,PROD00108,99.76,19.12
ORD000472,2,PROD00130,113.3,21.1
ORD000473,1,PROD00033,584.06,14.56
ORD000473,2,PROD00015,604.26,24.02
ORD000473,3,PROD00004,538.51,31.93
ORD000473,4,PROD00004,612.11,19.0
ORD000474,1,PROD00039,265.09,8.44
ORD000474,2,PROD00228,55.66,16.05
ORD000474,3,PROD00153,167.19,6.04
ORD000475,1,PROD00095,432.13,27.27
ORD000475,2,PROD00164,31.62,33.2
ORD000475,3,PROD00016,838.22,18.41
ORD000476,1,PROD00014,555.57,5.61
ORD000477,1,PROD00171,30.18,12.19
ORD000477,2,PROD00130,125.49,10.35
ORD000477,3,PROD00045,117.71,6.43
ORD000478,1,PROD00175,44.37,6.85
ORD000478,2,PROD00117,85.19,19.57
ORD000479,1,PROD00028,808.59,13.21
ORD000479,2,PROD00011,498.11,14.76
ORD000480,1,PROD00187,50.12,21.06
ORD000481,1,PROD00191,35.91,6.89
ORD000481,2,PROD00114,83.85,10.66
ORD000481,3,PROD00036,228.16,27.19
ORD000482,1,PROD00127,74.93,27.66
ORD000483,1,PROD00016,949.61,34.94
ORD000484,1,PROD00074,23.42,17.88
ORD000485,1,PROD00075,133.05,18.2
ORD000485,2,PROD00216,40.62,23.29
ORD000485,3,PROD00126,41.61,23.83
ORD000486,1,PROD00108,88.17,31.23
ORD000487,1,PROD00019,96.57,22.87
ORD000488,1,PROD00005,265.76,16.99
ORD000488,2,PROD00175,39.0,29.63
ORD000488,3,PROD00032,366.12,15.14
ORD000489,1,PROD00096,367.82,27.77
ORD000489,2,PROD00209,69.37,24.93
ORD000490,1,PROD00047,71.41,33.97
ORD000490,2,PROD00070,130.74,31.39
ORD000491,1,PROD00226,173.0,12.62
ORD000491,2,PROD00026,692.31,30.03
ORD000491,3,PROD00140,135.5,17.3
ORD000492,1,PROD00209,72.41,9.27
ORD000493,1,PROD00093,398.71,15.69
ORD000493,2,PROD00094,139.61,23.09
ORD000493,3,PROD00104,137.36,11.96
ORD000493,4,PROD00045,98.52,33.36
ORD000494,1,PROD00048,32.48,9.21
ORD000495,1,PROD00238,154.98,30.78
ORD000496,1,PROD00021,708.9,18.14
ORD000497,1,PROD00017,88.39,28.46
ORD000497,2,PROD00106,454.42,14.6
ORD000497,3,PROD00239,193.94,15.83
ORD000497,4,PROD00025,187.32,10.77
ORD000498,1,PROD00234,279.9,28.95
ORD000498,2,PROD00151,296.12,32.53
ORD000498,3,PROD00129,20.95,27.33
ORD000498,4,PROD00211,81.02,11.83
ORD000499,1,PROD00093,401.32,6.33
ORD000499,2,PROD00071,90.7,34.7
ORD000500,1,PROD00074,23.95,25.64
ORD000500,2,PROD00087,59.89,21.36
ORD000501,1,PROD00070,148.77,16.96
ORD000501,2,PROD00043,161.02,17.5
ORD000502,1,PROD00079,45.43,33.26
ORD000502,2,PROD00040,237.93,29.94
ORD000502,3,PROD00047,73.63,8.01
ORD000503,1,PROD00010,111.85,34.38
ORD000504,1,PROD00140,135.17,33.79
ORD000504,2,PROD00218,40.4,21.63
ORD000504,3,PROD00239,229.57,17.52
ORD000505,1,PROD00142,542.28,20.67
ORD000506,1,PROD00085,99.01,23.81
ORD000506,2,PROD00231,119.9,25.16
ORD000506,3,PROD00061,52.6,9.0
ORD000507,1,PROD00132,101.15,21.21
ORD000508,1,PROD00091,237.03,22.3
ORD000508,2,PROD00081,94.64,17.08
ORD000509,1,PROD00096,368.99,21.41
ORD000509,2,PROD00065,65.17,16.96
ORD000509,3,PROD00109,294.23,34.98
ORD000509,4,PROD00158,1349.65,31.53
ORD000510,1,PROD00070,164.82,19.65
ORD000511,1,PROD00203,72.44,16.27
ORD000511,2,PROD00234,272.55,26.28
ORD000512,1,PROD00058,121.54,12.57
ORD000513,1,PROD00142,612.99,15.5
ORD000514,1,PROD00135,100.4,8.06
ORD000514,2,PROD00177,10.4,18.87
ORD000515,1,PROD00050,73.74,18.92
ORD000515,2,PROD00128,94.37,20.74
ORD000515,3,PROD00117,85.51,15.13
ORD000516,1,PROD00048,26.99,6.39
ORD000517,1,PROD00027,876.3,15.99
ORD000518,1,PROD00168,37.88,26.45
ORD000518,2,PROD00116,68.02,24.91
ORD000518,3,PROD00134,42.45,6.34
ORD000519,1,PROD00087,68.29,28.91
ORD000519,2,PROD00070,149.1,8.92
ORD000519,3,PROD00059,129.24,24.69
ORD000520,1,PROD00198,59.76,10.01
ORD000520,2,PROD00092,100.56,16.57
ORD000521,1,PROD00006,153.9,13.8
ORD000521,2,PROD00030,360.74,7.1
ORD000521,3,PROD00022,903.4,23.06
ORD000522,1,PROD00231,137.95,32.32
ORD000523,1,PROD00002,1004.18,23.71
ORD000524,1,PROD00011,525.58,20.79
ORD000524,2,PROD00112,39.4,13.59
ORD000524,3,PROD00031,270.28,16.44
ORD000525,1,PROD00033,569.88,34.96
ORD000525,2,PROD00188,53.63,28.85
ORD000525,3,PROD00011,578.22,15.66
ORD000525,4,PROD00017,98.99,29.99
ORD000526,1,PROD00044,83.12,17.48
ORD000526,2,PROD00086,309.86,8.48
ORD000527,1,PROD00089,329.15,29.39
ORD000527,2,PROD00071,76.35,27.68
ORD000527,3,PROD00101,295.39,18.41
ORD000528,1,PROD00192,45.35,18.93
ORD000529,1,PROD00224,173.37,22.83
ORD000529,2,PROD00049,41.74,12.68
ORD000529,3,PROD00228,46.38,5.48
ORD000529,4,PROD00145,159.65,21.83
ORD000530,1,PROD00055,146.74,30.94
ORD000531,1,PROD00022,767.37,19.9
ORD000531,2,PROD00004,595.45,25.97
ORD000532,1,PROD00231,133.07,22.75
ORD000532,2,PROD00046,210.43,34.83
ORD000532,3,PROD00079,42.82,9.87
ORD000533,1,PROD00229,217.75,22.49
ORD000534,1,PROD00175,39.44,29.5
ORD000535,1,PROD00153,176.9,33.68
ORD000535,2,PROD00136,220.35,28.95
ORD000536,1,PROD00110,130.94,21.37
ORD000537,1,PROD00233,313.27,25.0
ORD000537,2,PROD00098,382.81,31.1
ORD000538,1,PROD00023,641.86,18.49
ORD000538,2,PROD00156,232.36,7.04
ORD000539,1,PROD00049,48.54,31.88
ORD000540,1,PROD00086,341.58,29.49
ORD000540,2,PROD00061,55.35,15.29
ORD000540,3,PROD00018,777.22,22.11
ORD000540,4,PROD00084,320.21,17.91
ORD000541,1,PROD00169,33.22,12.3
ORD000542,1,PROD00052,188.46,28.35
ORD000542,2,PROD00169,31.93,10.18
ORD000542,3,PROD00075,124.28,22.81
ORD000543,1,PROD00210,85.48,32.74
ORD000544,1,PROD00186,14.01,15.7
ORD000544,2,PROD00132,100.45,27.74
ORD000545,1,PROD00001,879.98,23.86
ORD000545,2,PROD00032,373.52,34.61
ORD000545,3,PROD00023,612.84,14.96
ORD000545,4,PROD00024,519.67,29.77
ORD000546,1,PROD00164,29.88,5.18
ORD000547,1,PROD00009,755.49,18.32
ORD000547,2,PROD00086,300.99,28.87
ORD000547,3,PROD00118,12.17,18.82
ORD000547,4,PROD00149,1304.61,21.82
ORD000548,1,PROD00204,76.8,33.72
ORD000549,1,PROD00203,76.36,26.66
ORD000550,1,PROD00217,259.64,12.29
ORD000551,1,PROD00211,73.76,27.12
ORD000552,1,PROD00180,35.74,29.47
ORD000553,1,PROD00078,118.7,32.48
ORD000553,2,PROD00113,51.61,10.64
ORD000554,1,PROD00112,36.17,9.08
ORD000555,1,PROD00174,40.03,20.33
ORD000555,2,PROD00087,68.91,34.03
ORD000555,3,PROD00161,1104.65,14.29
ORD000556,1,PROD00155,442.26,16.61
ORD000556,2,PROD00219,312.67,9.74
ORD000557,1,PROD00160,329.6,22.19
ORD000557,2,PROD00231,121.89,17.87
ORD000558,1,PROD00202,9.65,30.13
ORD000559,1,PROD00073,89.51,12.27
ORD000559,2,PROD00044,90.96,20.86
ORD000559,3,PROD00056,251.88,17.86
ORD000560,1,PROD00043,193.69,12.9
ORD000560,2,PROD00215,66.61,12.93
ORD000560,3,PROD00083,65.74,32.47
ORD000561,1,PROD00093,359.92,27.47
ORD000562,1,PROD00010,104.21,27.71
ORD000563,1,PROD00217,263.16,15.73
ORD000563,2,PROD00153,174.99,18.6
ORD000564,1,PROD00088,161.39,24.23
ORD000564,2,PROD00061,59.71,31.97
ORD000565,1,PROD00058,118.14,5.52
ORD000566,1,PROD00130,112.66,5.95
ORD000567,1,PROD00207,50.37,9.47
ORD000568,1,PROD00086,350.83,5.97
ORD000569,1,PROD00142,591.22,21.99
ORD000570,1,PROD00223,42.1,30.87
ORD000571,1,PROD00210,69.45,17.94
ORD000572,1,PROD00088,198.82,33.62
ORD000573,1,PROD00006,155.81,17.74
ORD000573,2,PROD00029,240.27,31.33
ORD000573,3,PROD00030,318.34,29.7
ORD000574,1,PROD00042,115.7,23.95
ORD000574,2,PROD00063,122.85,11.97
ORD000575,1,PROD00112,38.57,18.57
ORD000575,2,PROD00098,374.57,11.27
ORD000575,3,PROD00183,20.05,9.69
ORD000576,1,PROD00086,371.54,7.19
ORD000576,2,PROD00157,1171.16,11.46
ORD000577,1,PROD00171,34.02,12.4
ORD000578,1,PROD00169,34.28,31.38
ORD000578,2,PROD00134,38.49,34.64
ORD000579,1,PROD00126,43.49,31.71
ORD000580,1,PROD00228,46.28,12.7
ORD000580,2,PROD00140,126.64,33.96
ORD000580,3,PROD00042,117.19,32.4
ORD000581,1,PROD00155,492.11,7.05
ORD000581,2,PROD00219,267.5,31.95
ORD000582,1,PROD00049,46.54,25.47
ORD000582,2,PROD00036,202.58,14.85
ORD000582,3,PROD00236,273.8,7.2
ORD000582,4,PROD00158,1310.8,19.56
ORD000583,1,PROD00115,68.8,34.32
ORD000584,1,PROD00129,22.56,6.17
ORD000585,1,PROD00227,134.95,8.14
ORD000586,1,PROD00195,25.49,14.68
ORD000587,1,PROD00068,92.28,18.39
ORD000587,2,PROD00046,197.41,10.06
ORD000588,1,PROD00052,195.3,23.04
ORD000588,2,PROD00162,1089.23,16.67
ORD000588,3,PROD00069,65.5,34.7
ORD000588,4,PROD00062,43.64,17.54
ORD000589,1,PROD00232,264.35,17.31
ORD000590,1,PROD00036,229.81,7.87
ORD000591,1,PROD00226,165.87,5.51
ORD000591,2,PROD00025,228.89,31.39
ORD000591,3,PROD00141,795.45,16.25
ORD000591,4,PROD00113,54.07,5.37
ORD000592,1,PROD00162,1119.43,28.51
ORD000592,2,PROD00221,264.5,32.36
ORD000592,3,PROD00090,285.27,23.39
ORD000592,4,PROD00225,313.32,31.47
ORD000593,1,PROD00186,14.44,14.71
ORD000593,2,PROD00113,52.46,24.86
ORD000594,1,PROD00074,22.48,16.81
ORD000594,2,PROD00104,134.21,28.71
ORD000594,3,PROD00076,35.23,28.5
ORD000595,1,PROD00123,128.85,15.66
ORD000596,1,PROD00117,101.45,31.06
ORD000597,1,PROD00075,132.79,21.54
ORD000598,1,PROD00153,179.57,8.6
ORD000598,2,PROD00099,191.62,8.85
ORD000599,1,PROD00012,1173.9,13.06
ORD000599,2,PROD00197,26.32,7.15
ORD000600,1,PROD00134,39.58,8.03
ORD000600,2,PROD00172,38.75,22.19
ORD000600,3,PROD00015,660.18,16.0
ORD000601,1,PROD00100,368.1,29.97
ORD000602,1,PROD00175,43.19,5.47
ORD000603,1,PROD00233,279.77,8.88
ORD000604,1,PROD00079,47.88,22.03
ORD000604,2,PROD00046,236.3,21.79
ORD000604,3,PROD00132,90.53,7.58
ORD000605,1,PROD00017,103.91,17.96
ORD000605,2,PROD00015,632.12,15.46
ORD000605,3,PROD00006,140.56,27.7
ORD000606,1,PROD00129,19.72,16.23
ORD000607,1,PROD00016,913.26,11.35
ORD000608,1,PROD00218,35.64,7.23
ORD000608,2,PROD00143,1692.88,24.67
ORD000608,3,PROD00160,368.66,27.96
ORD000609,1,PROD00029,248.13,24.96
ORD000609,2,PROD00003,659.94,11.04
ORD000610,1,PROD00147,1295.64,28.79
ORD000611,1,PROD00040,255.92,24.45
ORD000611,2,PROD00079,47.13,5.49
ORD000612,1,PROD00055,155.01,33.64
ORD000613,1,PROD00229,184.48,7.36
ORD000613,2,PROD00151,295.61,33.38
ORD000614,1,PROD00023,664.27,17.53
ORD000615,1,PROD00078,115.15,16.48
ORD000615,2,PROD00094,123.15,25.18
ORD000616,1,PROD00185,16.56,8.93
ORD000617,1,PROD00104,134.88,9.85
ORD000618,1,PROD00162,939.76,16.44
ORD000619,1,PROD00154,730.57,25.01
ORD000619,2,PROD00102,232.67,19.69
ORD000620,1,PROD00013,188.39,21.73
ORD000621,1,PROD00201,28.68,33.07
ORD000622,1,PROD00131,75.55,24.48
ORD000623,1,PROD00179,29.11,32.44
ORD000623,2,PROD00119,30.77,27.15
ORD000623,3,PROD00123,118.95,5.87
ORD000623,4,PROD00118,11.61,21.14
ORD000624,1,PROD00096,407.35,13.18
ORD000624,2,PROD00228,45.91,6.56
ORD000625,1,PROD00037,721.79,18.65
ORD000626,1,PROD00111,50.89,21.06
ORD000626,2,PROD00088,197.23,8.22
ORD000627,1,PROD00027,904.49,24.79
ORD000627,2,PROD00008,1286.94,9.52
ORD000628,1,PROD00179,29.22,30.38
ORD000629,1,PROD00142,641.55,21.8
ORD000630,1,PROD00006,142.83,13.52
ORD000631,1,PROD00012,1310.21,10.43
ORD000632,1,PROD00133,80.56,32.48
ORD000632,2,PROD00184,16.46,6.69
ORD000633,1,PROD00052,162.91,5.95
ORD000634,1,PROD00220,125.44,25.55
ORD000635,1,PROD00037,773.49,27.89
ORD000635,2,PROD00016,835.01,21.36
ORD000635,3,PROD00007,1164.09,7.84
ORD000635,4,PROD00019,95.96,5.58
ORD000636,1,PROD00021,814.68,25.02
ORD000636,2,PROD00190,77.4,15.9
ORD000637,1,PROD00040,254.81,22.6
ORD000637,2,PROD00062,48.21,29.62
ORD000637,3,PROD00076,34.07,10.81
ORD000637,4,PROD00076,32.82,26.98
ORD000638,1,PROD00005,231.03,21.28
ORD000639,1,PROD00085,123.11,9.87
ORD000639,2,PROD00115,68.57,19.74
ORD000640,1,PROD00063,114.54,29.51
ORD000640,2,PROD00047,82.17,12.11
ORD000641,1,PROD00017,86.69,5.08
ORD000641,2,PROD00034,677.19,28.77
ORD000642,1,PROD00129,20.13,30.64
ORD000643,1,PROD00081,99.34,10.21
ORD000644,1,PROD00138,192.88,30.62
ORD000645,1,PROD00053,152.07,17.32
ORD000645,2,PROD00126,50.21,20.83
ORD000645,3,PROD00073,95.69,11.24
ORD000645,4,PROD00008,1310.5,23.74
ORD000646,1,PROD00209,69.63,15.2
ORD000647,1,PROD00019,111.72,20.81
ORD000648,1,PROD00020,363.33,19.66
ORD000648,2,PROD00092,102.79,7.52
ORD000649,1,PROD00011,497.14,34.35
ORD000649,2,PROD00024,488.99,8.21
ORD000650,1,PROD00051,117.67,30.43
ORD000651,1,PROD00194,67.21,21.58
ORD000651,2,PROD00163,35.38,34.88
ORD000652,1,PROD00055,176.31,11.4
ORD000653,1,PROD00105,213.29,23.96
ORD000654,1,PROD00216,39.9,21.74
ORD000654,2,PROD00020,319.91,10.1
ORD000655,1,PROD00168,37.33,25.87
ORD000656,1,PROD00023,616.32,26.2
ORD000656,2,PROD00018,812.76,31.79
ORD000657,1,PROD00108,88.31,17.78
ORD000658,1,PROD00165,11.58,9.83
ORD000658,2,PROD00126,47.47,6.57
ORD000658,3,PROD00020,340.61,32.63
ORD000659,1,PROD00110,153.81,21.3
ORD000659,2,PROD00058,136.85,8.35
ORD000659,3,PROD00082,30.73,33.05
ORD000660,1,PROD00206,12.79,16.06
ORD000661,1,PROD00201,25.83,21.97
ORD000662,1,PROD00080,64.88,34.32
ORD000662,2,PROD00097,135.48,31.01
ORD000663,1,PROD00054,60.7,11.03
ORD000664,1,PROD00201,25.26,6.27
ORD000665,1,PROD00134,42.59,24.23
ORD000665,2,PROD00114,90.42,30.19
ORD000666,1,PROD00194,61.64,32.83
ORD000666,2,PROD00151,294.23,34.97
ORD000666,3,PROD00041,128.9,6.27
ORD000666,4,PROD00155,472.27,13.24
ORD000667,1,PROD00097,122.92,34.22
ORD000668,1,PROD00142,624.08,10.43
ORD000668,2,PROD00080,66.98,33.52
ORD000668,3,PROD00076,36.51,29.51
ORD000669,1,PROD00087,68.04,31.48
ORD000670,1,PROD00084,343.07,10.1
ORD000671,1,PROD00210,75.97,11.14
ORD000672,1,PROD00049,43.49,20.77
ORD000672,2,PROD00201,25.21,18.09
ORD000672,3,PROD00061,60.56,20.66
ORD000673,1,PROD00014,465.96,21.55
ORD000673,2,PROD00030,302.44,5.67
ORD000674,1,PROD00153,165.89,17.36
ORD000674,2,PROD00230,192.76,34.85
ORD000675,1,PROD00122,127.62,13.45
ORD000676,1,PROD00119,28.47,6.36
ORD000676,2,PROD00214,50.97,15.52
ORD000676,3,PROD00052,172.84,6.87
ORD000676,4,PROD00109,287.3,8.73
ORD000677,1,PROD00099,183.06,29.13
ORD000678,1,PROD00012,1166.9,30.25
ORD000679,1,PROD00101,295.0,6.38
ORD000680,1,PROD00030,374.41,17.93
ORD000681,1,PROD00154,692.17,33.99
ORD000682,1,PROD00239,208.3,20.03
ORD000683,1,PROD00213,53.38,11.5
ORD000683,2,PROD00004,660.4,23.95
ORD000683,3,PROD00053,146.25,19.59
ORD000684,1,PROD00004,552.54,31.12
ORD000685,1,PROD00055,143.81,17.97
ORD000686,1,PROD00215,69.74,27.02
ORD000687,1,PROD00234,286.76,10.09
ORD000687,2,PROD00133,91.21,19.51
ORD000688,1,PROD00063,115.86,15.41
ORD000689,1,PROD00210,71.98,25.54
ORD000690,1,PROD00083,58.58,30.51
ORD000691,1,PROD00189,15.81,18.42
ORD000691,2,PROD00115,71.66,29.06
ORD000691,3,PROD00126,48.44,5.66
ORD000692,1,PROD00124,110.38,32.35
ORD000692,2,PROD00165,10.66,30.14
ORD000692,3,PROD00143,1442.57,22.1
ORD000692,4,PROD00174,37.34,25.34
ORD000693,1,PROD00182,56.69,18.79
ORD000693,2,PROD00081,95.17,24.09
ORD000693,3,PROD00202,9.24,8.1
ORD000694,1,PROD00131,66.14,14.87
ORD000694,2,PROD00093,410.17,12.37
ORD000695,1,PROD00112,41.1,17.5
ORD000696,1,PROD00021,734.14,16.53
ORD000697,1,PROD00036,207.84,15.92
ORD000697,2,PROD00001,1037.01,18.41
ORD000698,1,PROD00055,168.63,11.92
ORD000699,1,PROD00142,625.58,5.96
ORD000700,1,PROD00083,61.64,22.65
ORD000701,1,PROD00127,78.48,10.38
ORD000702,1,PROD00106,402.49,14.26
ORD000702,2,PROD00044,87.5,10.55
ORD000703,1,PROD00069,61.38,31.67
ORD000704,1,PROD00039,267.31,24.77
ORD000705,1,PROD00003,548.07,30.21
ORD000705,2,PROD00160,331.23,11.45
ORD000706,1,PROD00201,31.14,31.37
ORD000707,1,PROD00202,10.07,28.91
ORD000707,2,PROD00117,88.27,28.23
ORD000708,1,PROD00084,357.34,16.74
ORD000709,1,PROD00165,11.6,11.21
ORD000710,1,PROD00093,432.62,24.43
ORD000711,1,PROD00102,278.6,13.41
ORD000711,2,PROD00069,73.31,10.48
ORD000711,3,PROD00069,63.47,27.59
ORD000712,1,PROD00143,1384.43,22.88
ORD000712,2,PROD00236,286.86,15.02
ORD000712,3,PROD00053,161.85,5.8
ORD000713,1,PROD00208,23.39,22.39
ORD000713,2,PROD00066,28.93,11.46
ORD000713,3,PROD00014,493.04,12.23
ORD000713,4,PROD00087,62.56,33.34
ORD000714,1,PROD00086,360.16,29.45
ORD000715,1,PROD00093,357.16,24.41
ORD000716,1,PROD00220,137.09,27.43
ORD000716,2,PROD00092,119.86,6.39
ORD000717,1,PROD00110,135.02,8.88
ORD000718,1,PROD00119,27.15,32.46
ORD000718,2,PROD00185,14.74,16.81
ORD000718,3,PROD00034,714.08,18.82
ORD000719,1,PROD00126,45.63,31.21
ORD000720,1,PROD00049,51.65,32.0
ORD000721,1,PROD00036,238.56,7.73
ORD000721,2,PROD00019,100.69,6.92
ORD000721,3,PROD00001,961.54,23.03
ORD000722,1,PROD00025,235.08,16.88
ORD000723,1,PROD00138,184.35,34.86
ORD000723,2,PROD00210,74.83,24.15
ORD000724,1,PROD00046,244.53,10.09
ORD000725,1,PROD00230,181.75,21.65
ORD000725,2,PROD00233,278.19,6.57
ORD000725,3,PROD00084,393.64,10.6
ORD000726,1,PROD00143,1466.53,25.51
ORD000727,1,PROD00138,203.77,27.4
ORD000728,1,PROD00211,83.45,31.21
ORD000728,2,PROD00219,325.03,25.21
ORD000728,3,PROD00089,356.89,6.45
ORD000729,1,PROD00032,392.8,27.55
ORD000729,2,PROD00223,39.28,23.39
ORD000730,1,PROD00119,29.15,15.13
ORD000731,1,PROD00007,1292.95,15.84
ORD000731,2,PROD00028,832.37,11.05
ORD000732,1,PROD00046,240.88,18.31
ORD000732,2,PROD00142,543.31,31.88
ORD000733,1,PROD00045,105.0,34.17
ORD000734,1,PROD00050,64.99,33.24
ORD000735,1,PROD00004,620.1,34.52
ORD000736,1,PROD00165,11.34,7.57
ORD000736,2,PROD00132,103.99,13.75
ORD000737,1,PROD00022,838.29,8.3
ORD000737,2,PROD00085,111.89,12.41
ORD000738,1,PROD00033,484.36,11.35
ORD000738,2,PROD00020,363.68,28.61
ORD000739,1,PROD00232,250.73,33.42
ORD000740,1,PROD00119,29.04,14.54
ORD000741,1,PROD00027,913.86,29.84
ORD000742,1,PROD00092,102.27,14.57
ORD000742,2,PROD00197,26.28,25.35
ORD000743,1,PROD00115,63.95,9.38
ORD000743,2,PROD00074,24.99,7.29
ORD000744,1,PROD00205,38.53,16.27
ORD000744,2,PROD00085,104.42,30.83
ORD000744,3,PROD00095,395.58,5.81
ORD000744,4,PROD00211,85.83,16.66
ORD000745,1,PROD00015,593.44,8.22
ORD000746,1,PROD00185,14.28,12.87
ORD000747,1,PROD00098,318.98,23.4
ORD000747,2,PROD00239,202.6,12.88
ORD000747,3,PROD00058,134.17,34.33
ORD000748,1,PROD00051,145.18,14.06
ORD000748,2,PROD00076,34.84,20.84
ORD000749,1,PROD00173,31.73,8.67
ORD000750,1,PROD00236,278.81,10.62
ORD000750,2,PROD00144,1464.88,5.22
ORD000750,3,PROD00141,788.25,20.51
ORD000750,4,PROD00092,115.12,25.15
ORD000751,1,PROD00047,67.37,34.39
ORD000752,1,PROD00032,379.64,18.69
ORD000753,1,PROD00222,210.89,31.28
ORD000753,2,PROD00151,302.82,17.25
ORD000753,3,PROD00149,1249.95,13.91
ORD000753,4,PROD00052,175.73,31.54
ORD000754,1,PROD00228,51.52,18.8
ORD000755,1,PROD00198,60.52,7.0
ORD000755,2,PROD00027,834.12,15.38
ORD000755,3,PROD00115,69.73,33.53
ORD000756,1,PROD00132,87.01,25.49
ORD000756,2,PROD00042,114.88,30.2
ORD000756,3,PROD00186,13.19,32.93
ORD000757,1,PROD00161,1133.45,8.69
ORD000758,1,PROD00056,221.23,32.66
ORD000759,1,PROD00202,9.42,31.64
ORD000760,1,PROD00043,160.34,15.3
ORD000761,1,PROD00016,765.32,29.95
ORD000762,1,PROD00063,140.26,15.11
ORD000763,1,PROD00205,38.03,11.33
ORD000764,1,PROD00021,709.21,26.46
ORD000764,2,PROD00101,293.52,32.52
ORD000764,3,PROD00032,383.4,15.06
ORD000765,1,PROD00031,298.43,25.57
ORD000765,2,PROD00153,168.72,5.81
ORD000765,3,PROD00112,41.44,15.14
ORD000765,4,PROD00013,197.09,27.79
ORD000766,1,PROD00185,13.66,30.28
ORD000767,1,PROD00002,886.36,8.08
ORD000768,1,PROD00047,80.79,7.2
ORD000768,2,PROD00025,191.05,24.56
ORD000768,3,PROD00072,54.61,28.71
ORD000769,1,PROD00225,269.0,8.12
ORD000769,2,PROD00228,50.98,22.29
ORD000769,3,PROD00101,363.61,18.28
ORD000769,4,PROD00147,1350.55,22.25
ORD000770,1,PROD00071,86.35,19.68
ORD000771,1,PROD00174,35.24,20.72
ORD000772,1,PROD00117,101.41,8.31
ORD000773,1,PROD00129,19.78,30.42
ORD000773,2,PROD00089,346.94,29.68
ORD000774,1,PROD00147,1370.9,31.41
ORD000775,1,PROD00238,170.05,10.4
ORD000776,1,PROD00099,173.42,21.89
ORD000776,2,PROD00082,25.74,29.02
ORD000777,1,PROD00024,456.29,10.35
ORD000777,2,PROD00209,57.9,29.28
ORD000778,1,PROD00150,772.99,25.67
ORD000778,2,PROD00006,160.9,25.98
ORD000779,1,PROD00230,176.25,24.24
ORD000780,1,PROD00129,21.04,10.26
ORD000780,2,PROD00175,40.15,8.78
ORD000780,3,PROD00165,10.86,20.46
ORD000780,4,PROD00168,31.46,34.38
ORD000781,1,PROD00224,175.61,19.02
ORD000782,1,PROD00227,159.91,21.12
ORD000782,2,PROD00156,216.91,20.34
ORD000783,1,PROD00158,1279.08,28.09
ORD000783,2,PROD00225,267.85,30.21
ORD000783,3,PROD00236,330.2,25.03
ORD000784,1,PROD00198,55.49,19.89
ORD000784,2,PROD00033,520.58,14.32
ORD000785,1,PROD00127,76.11,29.49
ORD000785,2,PROD00177,12.84,31.29
ORD000786,1,PROD00195,23.54,18.74
ORD000786,2,PROD00001,1057.77,28.78
ORD000786,3,PROD00008,1141.55,32.89
ORD000786,4,PROD00159,486.61,5.55
ORD000787,1,PROD00169,37.73,26.72
ORD000788,1,PROD00013,175.42,17.13
ORD000788,2,PROD00025,222.76,6.16
ORD000788,3,PROD00025,235.98,6.39
ORD000788,4,PROD00024,551.26,31.83
ORD000789,1,PROD00023,680.32,34.43
ORD000789,2,PROD00082,28.86,31.23
ORD000790,1,PROD00206,11.03,22.27
ORD000790,2,PROD00166,12.9,14.45
ORD000791,1,PROD00155,425.87,29.19
ORD000792,1,PROD00003,619.36,10.26
ORD000793,1,PROD00199,36.81,32.48
ORD000793,2,PROD00046,209.75,33.49
ORD000793,3,PROD00150,633.94,7.46
ORD000794,1,PROD00005,246.02,17.67
ORD000794,2,PROD00038,631.46,15.74
ORD000794,3,PROD00001,921.81,11.12
ORD000794,4,PROD00023,580.5,19.67
ORD000795,1,PROD00227,154.9,27.14
ORD000796,1,PROD00036,209.93,16.23
ORD000797,1,PROD00092,117.62,7.52
ORD000797,2,PROD00075,130.1,19.27
ORD000798,1,PROD00026,737.88,20.76
ORD000798,2,PROD00089,366.62,5.59
ORD000799,1,PROD00130,131.09,33.76
ORD000800,1,PROD00035,833.83,9.14
ORD000801,1,PROD00104,119.56,19.77
ORD000802,1,PROD00093,372.3,15.92
ORD000802,2,PROD00069,59.75,18.7
ORD000802,3,PROD00073,94.17,15.56
ORD000802,4,PROD00091,210.61,17.84
ORD000803,1,PROD00177,12.87,10.19
ORD000803,2,PROD00147,1214.32,27.7
ORD000803,3,PROD00198,66.16,17.15
ORD000804,1,PROD00010,116.02,18.64
ORD000804,2,PROD00022,841.93,10.59
ORD000804,3,PROD00022,876.59,21.54
ORD000805,1,PROD00110,152.31,28.27
ORD000806,1,PROD00012,1324.75,5.95
ORD000807,1,PROD00151,283.57,17.97
ORD000807,2,PROD00234,271.17,7.36
ORD000808,1,PROD00080,68.09,23.85
ORD000809,1,PROD00037,722.23,19.79
ORD000810,1,PROD00136,246.14,31.92
ORD000811,1,PROD00215,74.49,15.21
ORD000812,1,PROD00155,422.31,20.1
ORD000812,2,PROD00039,246.95,10.13
ORD000812,3,PROD00095,431.58,20.96
ORD000812,4,PROD00223,38.91,23.06
ORD000813,1,PROD00207,45.93,30.57
ORD000814,1,PROD00202,8.19,28.0
ORD000814,2,PROD00044,88.82,6.49
ORD000814,3,PROD00216,38.29,20.45
ORD000815,1,PROD00197,23.0,31.44
ORD000816,1,PROD00138,191.32,10.61
ORD000816,2,PROD00210,73.99,12.07
ORD000816,3,PROD00055,151.61,23.5
ORD000816,4,PROD00236,291.93,25.31
ORD000817,1,PROD00145,141.06,13.46
ORD000818,1,PROD00109,278.44,16.35
ORD000818,2,PROD00066,34.76,11.62
ORD000818,3,PROD00196,65.72,32.29
ORD000818,4,PROD00060,140.69,5.38
ORD000819,1,PROD00005,240.0,15.82
ORD000820,1,PROD00139,160.44,23.35
ORD000820,2,PROD00237,165.91,31.02
ORD000820,3,PROD00036,214.92,14.87
ORD000820,4,PROD00158,1449.74,10.51
ORD000821,1,PROD00126,46.71,32.37
ORD000822,1,PROD00049,47.02,24.78
ORD000823,1,PROD00062,45.17,25.39
ORD000824,1,PROD00075,138.76,9.3
ORD000825,1,PROD00063,126.02,28.38
ORD000826,1,PROD00172,46.72,25.31
ORD000826,2,PROD00140,147.6,11.39
ORD000827,1,PROD00022,796.53,28.04
ORD000828,1,PROD00041,136.98,25.32
ORD000828,2,PROD00062,49.18,21.08
ORD000829,1,PROD00073,101.85,25.38
ORD000830,1,PROD00049,43.14,25.01
ORD000830,2,PROD00071,85.71,14.46
ORD000831,1,PROD00161,1080.97,5.53
ORD000832,1,PROD00033,542.05,17.42
ORD000833,1,PROD00023,555.37,20.5
ORD000833,2,PROD00219,302.43,18.29
ORD000833,3,PROD00005,234.15,34.6
ORD000834,1,PROD00066,34.89,8.26
ORD000834,2,PROD00051,142.01,10.12
ORD000835,1,PROD00180,29.8,26.5
ORD000836,1,PROD00027,761.52,16.76
ORD000836,2,PROD00047,82.53,29.21
ORD000837,1,PROD00216,42.45,5.36
ORD000837,2,PROD00061,59.97,22.21
ORD000838,1,PROD00051,141.7,20.98
ORD000838,2,PROD00029,228.76,34.64
ORD000838,3,PROD00064,16.09,6.99
ORD000839,1,PROD00025,199.42,32.47
ORD000840,1,PROD00105,194.71,25.3
ORD000840,2,PROD00054,69.06,5.55
ORD000840,3,PROD00211,72.96,31.64
ORD000840,4,PROD00067,158.97,15.72
ORD000841,1,PROD00222,255.85,32.61
ORD000842,1,PROD00081,103.72,21.12
ORD000843,1,PROD00100,358.78,31.53
ORD000844,1,PROD00171,33.44,19.16
ORD000844,2,PROD00126,46.14,30.07
ORD000844,3,PROD00131,72.69,12.95
ORD000844,4,PROD00142,505.83,19.39
ORD000845,1,PROD00218,41.76,27.19
ORD000845,2,PROD00042,108.93,7.62
ORD000845,3,PROD00052,203.64,18.67
ORD000846,1,PROD00217,249.63,26.92
ORD000846,2,PROD00141,814.77,29.28
ORD000846,3,PROD00161,1127.8,9.22
ORD000847,1,PROD00154,722.09,20.04
ORD000848,1,PROD00175,42.24,5.04
ORD000849,1,PROD00039,236.01,25.09
ORD000849,2,PROD00059,131.06,17.31
ORD000849,3,PROD00133,94.03,20.38
ORD000850,1,PROD00026,678.8,22.38
ORD000851,1,PROD00219,319.48,26.09
ORD000851,2,PROD00143,1457.98,31.78
ORD000852,1,PROD00016,878.87,8.7
ORD000853,1,PROD00184,16.41,5.66
ORD000854,1,PROD00121,57.45,25.59
ORD000855,1,PROD00059,124.85,31.06
ORD000856,1,PROD00237,158.53,21.12
ORD000856,2,PROD00140,130.34,5.23
ORD000857,1,PROD00109,295.85,21.36
ORD000858,1,PROD00167,49.05,28.42
ORD000858,2,PROD00126,44.45,27.08
ORD000859,1,PROD00049,43.97,33.07
ORD000860,1,PROD00109,316.32,15.13
ORD000861,1,PROD00231,115.78,8.73
ORD000861,2,PROD00039,229.85,9.13
ORD000862,1,PROD00201,24.85,18.01
ORD000863,1,PROD00009,791.15,17.06
ORD000863,2,PROD00073,110.4,23.22
ORD000863,3,PROD00036,205.69,20.06
ORD000864,1,PROD00093,388.05,31.63
ORD000864,2,PROD00106,421.59,30.56
ORD000864,3,PROD00028,825.46,9.37
ORD000865,1,PROD00116,70.49,28.07
ORD000866,1,PROD00095,386.9,27.75
ORD000867,1,PROD00231,135.93,10.94
ORD000868,1,PROD00162,1114.21,23.12
ORD000868,2,PROD00128,99.34,12.96
ORD000869,1,PROD00003,547.65,32.74
ORD000869,2,PROD00088,161.19,21.29
ORD000869,3,PROD00036,214.2,13.14
ORD000870,1,PROD00162,1090.69,26.83
ORD000871,1,PROD00153,143.92,31.34
ORD000872,1,PROD00231,114.02,18.36
ORD000872,2,PROD00082,26.88,19.87
ORD000873,1,PROD00096,386.59,9.2
ORD000874,1,PROD00001,963.3,22.41
ORD000875,1,PROD00122,111.44,20.09
ORD000876,1,PROD00118,11.97,32.05
ORD000877,1,PROD00219,275.89,18.42
ORD000877,2,PROD00157,1109.09,23.17
ORD000877,3,PROD00110,139.31,7.29
ORD000878,1,PROD00196,74.75,5.8
ORD000878,2,PROD00105,210.52,6.73
ORD000879,1,PROD00026,712.25,22.49
ORD000880,1,PROD00120,109.66,29.82
ORD000881,1,PROD00230,164.75,20.41
ORD000881,2,PROD00220,126.95,10.74
ORD000882,1,PROD00179,33.71,32.33
ORD000883,1,PROD00164,29.97,17.55
ORD000883,2,PROD00006,153.88,34.98
ORD000883,3,PROD00064,17.18,27.85
ORD000884,1,PROD00178,61.9,19.7
ORD000884,2,PROD00117,90.15,17.21
ORD000885,1,PROD00164,27.1,9.77
ORD000886,1,PROD00131,62.14,27.48
ORD000887,1,PROD00211,82.15,7.37
ORD000888,1,PROD00038,688.22,11.42
ORD000888,2,PROD00133,90.58,34.37
ORD000889,1,PROD00119,31.0,7.67
ORD000889,2,PROD00069,57.83,5.51
ORD000889,3,PROD00170,18.7,11.84
ORD000890,1,PROD00133,81.16,33.03
ORD000891,1,PROD00163,30.15,10.77
ORD000892,1,PROD00054,75.11,5.41
ORD000892,2,PROD00177,11.74,17.69
ORD000892,3,PROD00069,66.09,21.6
ORD000892,4,PROD00075,137.24,34.95
ORD000893,1,PROD00216,42.4,31.77
ORD000893,2,PROD00239,214.14,28.54
ORD000894,1,PROD00077,163.22,33.58
ORD000895,1,PROD00152,1596.89,10.42
ORD000895,2,PROD00081,110.59,24.25
ORD000896,1,PROD00189,15.05,23.5
ORD000896,2,PROD00120,110.16,7.4
ORD000897,1,PROD00169,35.32,17.21
ORD000898,1,PROD00087,63.15,27.26
ORD000898,2,PROD00186,14.56,31.72
ORD000898,3,PROD00056,240.11,34.94
ORD000898,4,PROD00196,69.13,29.99
ORD000899,1,PROD00055,150.58,23.76
ORD000899,2,PROD00057,87.83,34.69
ORD000900,1,PROD00018,747.06,32.94
ORD000901,1,PROD00097,122.17,30.15
ORD000902,1,PROD00187,58.67,11.81
ORD000902,2,PROD00131,69.59,24.33
ORD000903,1,PROD00122,122.37,5.49
ORD000903,2,PROD00035,895.93,15.66
ORD000903,3,PROD00166,12.11,15.11
ORD000904,1,PROD00006,152.83,9.13
ORD000904,2,PROD00096,380.12,34.38
ORD000904,3,PROD00094,126.86,11.42
ORD000904,4,PROD00027,856.25,20.39
ORD000905,1,PROD00103,408.3,11.43
ORD000906,1,PROD00033,465.34,24.68
ORD000907,1,PROD00234,314.24,22.53
ORD000907,2,PROD00228,55.0,29.87
ORD000908,1,PROD00214,55.06,29.26
ORD000908,2,PROD00216,41.77,17.82
ORD000908,3,PROD00236,295.39,29.07
ORD000909,1,PROD00057,88.81,30.66
ORD000909,2,PROD00075,129.97,20.96
ORD000910,1,PROD00051,129.36,19.48
ORD000911,1,PROD00107,29.15,30.93
ORD000911,2,PROD00147,1222.96,23.45
ORD000912,1,PROD00036,226.72,33.71
ORD000913,1,PROD00190,76.33,15.22
ORD000913,2,PROD00067,144.7,14.34
ORD000914,1,PROD00111,56.68,11.94
ORD000914,2,PROD00179,27.86,11.84
ORD000915,1,PROD00010,117.16,24.16
ORD000916,1,PROD00067,146.79,10.53
ORD000916,2,PROD00046,241.2,15.3
ORD000917,1,PROD00049,50.22,30.61
ORD000917,2,PROD00082,25.0,15.3
ORD000918,1,PROD00153,173.62,17.23
ORD000919,1,PROD00101,316.68,24.43
ORD000919,2,PROD00129,19.82,21.75
ORD000920,1,PROD00004,637.54,20.84
ORD000920,2,PROD00023,596.06,29.44
ORD000921,1,PROD00033,575.75,28.7
ORD000922,1,PROD00005,243.39,11.16
ORD000922,2,PROD00147,1198.61,9.55
ORD000922,3,PROD00118,13.13,32.6
ORD000923,1,PROD00047,79.22,16.14
ORD000923,2,PROD00138,226.45,26.16
ORD000924,1,PROD00123,106.52,15.47
ORD000925,1,PROD00117,98.37,11.41
ORD000925,2,PROD00186,13.11,12.0
ORD000925,3,PROD00173,29.56,14.65
ORD000926,1,PROD00027,763.38,22.27
ORD000927,1,PROD00025,197.1,21.53
ORD000928,1,PROD00131,60.85,24.7
ORD000929,1,PROD00137,912.23,13.89
ORD000930,1,PROD00123,107.16,6.33
ORD000931,1,PROD00187,56.62,13.1
ORD000931,2,PROD00082,26.87,31.15
ORD000932,1,PROD00228,49.2,30.28
ORD000933,1,PROD00203,72.39,19.95
ORD000934,1,PROD00187,54.4,7.88
ORD000935,1,PROD00039,224.25,33.18
ORD000936,1,PROD00191,34.87,28.23
ORD000937,1,PROD00152,1487.19,13.76
ORD000938,1,PROD00068,77.22,23.57
ORD000939,1,PROD00102,254.09,32.44
ORD000939,2,PROD00011,517.37,29.6
ORD000939,3,PROD00074,19.81,5.11
ORD000940,1,PROD00043,165.89,32.11
ORD000941,1,PROD00079,48.5,30.57
ORD000942,1,PROD00204,71.37,17.27
ORD000943,1,PROD00129,21.67,21.49
ORD000944,1,PROD00086,368.17,5.59
ORD000945,1,PROD00052,201.6,21.13
ORD000946,1,PROD00161,1082.78,28.53
ORD000947,1,PROD00194,58.97,17.84
ORD000947,2,PROD00011,528.32,26.38
ORD000948,1,PROD00178,52.54,17.5
ORD000948,2,PROD00134,44.61,24.96
ORD000948,3,PROD00112,42.02,9.59
ORD000949,1,PROD00096,399.07,25.0
ORD000949,2,PROD00066,33.51,31.89
ORD000950,1,PROD00175,41.07,31.93
ORD000951,1,PROD00097,148.91,7.97
ORD000951,2,PROD00082,29.11,12.59
ORD000952,1,PROD00005,268.76,21.45
ORD000953,1,PROD00028,933.69,8.95
ORD000954,1,PROD00034,786.06,33.81
ORD000955,1,PROD00117,96.77,26.33
ORD000955,2,PROD00103,375.85,32.34
ORD000956,1,PROD00091,220.82,13.93
ORD000957,1,PROD00041,118.62,25.66
ORD000958,1,PROD00160,339.74,18.88
ORD000958,2,PROD00230,190.52,15.17
ORD000959,1,PROD00238,170.49,19.82
ORD000960,1,PROD00113,54.5,7.54
ORD000960,2,PROD00184,17.24,22.64
ORD000960,3,PROD00176,13.04,21.91
ORD000961,1,PROD00201,26.81,6.05
ORD000962,1,PROD00223,35.01,7.2
ORD000963,1,PROD00228,50.0,17.5
ORD000964,1,PROD00131,66.98,25.41
ORD000964,2,PROD00163,34.78,6.23
ORD000965,1,PROD00141,652.39,23.77
ORD000966,1,PROD00236,311.73,14.86
ORD000967,1,PROD00026,640.57,31.38
ORD000967,2,PROD00015,565.79,30.84
ORD000967,3,PROD00065,70.09,16.04
ORD000968,1,PROD00050,60.28,16.13
ORD000969,1,PROD00003,606.75,9.26
ORD000970,1,PROD00186,12.79,9.19
ORD000971,1,PROD00065,81.7,32.55
ORD000972,1,PROD00115,66.72,16.44
ORD000973,1,PROD00136,214.37,32.59
ORD000974,1,PROD00239,242.97,27.35
ORD000974,2,PROD00161,1035.1,14.17
ORD000974,3,PROD00139,163.42,26.47
ORD000975,1,PROD00150,734.21,32.15
ORD000975,2,PROD00232,236.58,5.01
ORD000975,3,PROD00068,86.58,5.88
ORD000975,4,PROD00056,254.47,11.66
ORD000976,1,PROD00045,107.84,34.7
ORD000977,1,PROD00100,380.22,8.18
ORD000978,1,PROD00153,148.18,12.67
ORD000978,2,PROD00026,681.81,33.8
ORD000979,1,PROD00070,135.87,21.86
ORD000979,2,PROD00102,228.05,27.09
ORD000979,3,PROD00105,188.33,12.78
ORD000980,1,PROD00085,98.21,26.75
ORD000980,2,PROD00141,646.64,10.24
ORD000980,3,PROD00059,155.4,15.83
ORD000980,4,PROD00142,618.22,16.28
ORD000981,1,PROD00119,28.42,23.34
ORD000981,2,PROD00072,52.44,11.51
ORD000982,1,PROD00060,122.85,8.75
ORD000982,2,PROD00211,74.59,31.73
ORD000983,1,PROD00157,1175.02,31.07
ORD000983,2,PROD00220,124.9,14.82
ORD000984,1,PROD00067,155.76,14.85
ORD000984,2,PROD00104,133.84,28.96
ORD000984,3,PROD00096,324.52,9.76
ORD000985,1,PROD00051,146.45,12.48
ORD000986,1,PROD00106,410.67,31.66
ORD000987,1,PROD00173,29.28,17.95
ORD000987,2,PROD00024,521.69,33.34
ORD000987,3,PROD00116,59.57,18.56
ORD000987,4,PROD00117,84.83,31.82
ORD000988,1,PROD00098,321.66,10.59
ORD000988,2,PROD00075,155.75,26.17
ORD000988,3,PROD00059,127.1,16.8
ORD000988,4,PROD00055,144.19,17.98
ORD000989,1,PROD00146,801.1,5.39
ORD000990,1,PROD00034,805.32,21.16
ORD000991,1,PROD00001,1011.94,9.72
ORD000991,2,PROD00238,182.79,32.29
ORD000992,1,PROD00228,54.15,15.43
ORD000993,1,PROD00143,1560.01,27.94
ORD000993,2,PROD00233,316.92,28.1
ORD000994,1,PROD00161,951.59,16.98
ORD000995,1,PROD00078,103.78,24.37
ORD000996,1,PROD00148,1371.36,17.98
ORD000996,2,PROD00075,135.64,33.59
ORD000997,1,PROD00143,1434.57,9.94
ORD000997,2,PROD00011,568.26,24.17
ORD000997,3,PROD00229,223.97,33.86
ORD000997,4,PROD00003,645.55,6.8
ORD000998,1,PROD00206,10.6,30.59
ORD000999,1,PROD00131,71.93,5.43
ORD000999,2,PROD00184,14.76,14.57
ORD001000,1,PROD00052,178.77,21.94
ORD001001,1,PROD00057,85.18,27.27
ORD001001,2,PROD00014,468.04,20.7
ORD001002,1,PROD00155,472.22,23.99
ORD001002,2,PROD00231,134.14,34.38
ORD001002,3,PROD00088,191.3,26.23
ORD001003,1,PROD00043,166.82,24.89
ORD001004,1,PROD00128,91.63,22.73
ORD001005,1,PROD00043,183.99,14.66
ORD001005,2,PROD00067,129.52,19.87
ORD001005,3,PROD00088,157.24,33.52
ORD001006,1,PROD00214,53.74,5.19
ORD001007,1,PROD00021,810.3,34.11
ORD001007,2,PROD00116,63.29,15.5
ORD001008,1,PROD00219,305.25,15.8
ORD001009,1,PROD00101,360.72,17.2
ORD001009,2,PROD00168,32.61,7.93
ORD001009,3,PROD00068,93.4,29.75
ORD001010,1,PROD00001,979.9,6.7
ORD001011,1,PROD00230,172.28,9.64
ORD001012,1,PROD00199,34.3,31.19
ORD001013,1,PROD00030,319.13,23.51
ORD001014,1,PROD00007,1243.09,17.91
ORD001014,2,PROD00025,209.92,31.38
ORD001014,3,PROD00006,160.93,12.16
ORD001014,4,PROD00082,25.83,19.89
ORD001015,1,PROD00130,122.05,24.51
ORD001015,2,PROD00171,34.09,27.95
ORD001016,1,PROD00129,22.16,13.08
ORD001016,2,PROD00118,13.3,18.32
ORD001017,1,PROD00118,14.38,26.77
ORD001017,2,PROD00039,263.66,11.6
ORD001018,1,PROD00219,271.64,18.43
ORD001019,1,PROD00026,765.31,9.68
ORD001020,1,PROD00103,353.93,28.48
ORD001021,1,PROD00033,564.52,27.48
ORD001021,2,PROD00013,181.49,7.48
ORD001021,3,PROD00037,811.6,10.06
ORD001022,1,PROD00006,139.64,5.03
ORD001022,2,PROD00028,829.37,27.13
ORD001022,3,PROD00040,216.04,20.14
ORD001023,1,PROD00214,59.16,33.61
ORD001024,1,PROD00066,31.73,29.02
ORD001025,1,PROD00197,21.27,31.39
ORD001026,1,PROD00045,122.24,26.59
ORD001027,1,PROD00168,34.04,25.41
ORD001027,2,PROD00037,688.98,33.84
ORD001028,1,PROD00231,139.32,19.17
ORD001028,2,PROD00143,1472.22,16.85
ORD001029,1,PROD00202,9.3,14.73
ORD001029,2,PROD00077,152.64,8.42
ORD001029,3,PROD00213,54.03,25.82
ORD001030,1,PROD00229,218.18,27.41
ORD001030,2,PROD00134,43.46,32.09
ORD001030,3,PROD00154,796.79,20.72
ORD001031,1,PROD00128,97.29,27.33
ORD001032,1,PROD00104,134.92,25.96
ORD001033,1,PROD00074,21.24,6.3
ORD001034,1,PROD00177,10.71,23.81
ORD001034,2,PROD00125,55.52,28.22
ORD001035,1,PROD00065,75.47,11.34
ORD001036,1,PROD00101,333.73,12.72
ORD001037,1,PROD00213,63.44,12.68
ORD001038,1,PROD00075,139.35,11.85
ORD001038,2,PROD00096,352.54,5.66
ORD001039,1,PROD00108,101.79,24.45
ORD001040,1,PROD00064,18.1,31.14
ORD001040,2,PROD00093,404.27,21.96
ORD001040,3,PROD00098,308.76,11.47
ORD001040,4,PROD00096,322.6,27.64
ORD001041,1,PROD00160,384.34,15.46
ORD001041,2,PROD00150,707.56,14.32
ORD001042,1,PROD00014,536.08,15.25
ORD001043,1,PROD00155,505.91,13.07
ORD001044,1,PROD00080,70.83,10.26
ORD001045,1,PROD00088,169.32,11.19
ORD001046,1,PROD00036,214.99,19.8
ORD001046,2,PROD00186,15.31,33.67
ORD001046,3,PROD00087,69.12,12.87
ORD001046,4,PROD00019,93.78,13.93
ORD001047,1,PROD00088,191.63,19.3
ORD001048,1,PROD00203,69.58,11.88
ORD001049,1,PROD00231,116.3,20.73
ORD001049,2,PROD00063,139.3,8.33
ORD001049,3,PROD00028,915.84,10.49
ORD001050,1,PROD00024,472.72,34.18
ORD001051,1,PROD00146,937.87,11.46
ORD001052,1,PROD00004,616.53,16.53
ORD001052,2,PROD00166,13.06,32.25
ORD001052,3,PROD00033,513.42,14.43
ORD001053,1,PROD00179,30.8,15.88
ORD001054,1,PROD00213,52.76,34.08
ORD001054,2,PROD00103,406.42,15.08
ORD001055,1,PROD00013,192.89,19.67
ORD001055,2,PROD00034,756.92,29.98
ORD001056,1,PROD00082,28.08,20.22
ORD001056,2,PROD00011,568.63,17.3
ORD001056,3,PROD00132,84.61,28.66
ORD001057,1,PROD00006,133.22,28.2
ORD001058,1,PROD00006,136.52,22.87
ORD001058,2,PROD00071,75.84,11.07
ORD001059,1,PROD00145,153.46,7.43
ORD001060,1,PROD00031,315.52,5.51
ORD001061,1,PROD00004,657.81,13.54
ORD001061,2,PROD00026,717.02,14.36
ORD001062,1,PROD00039,242.22,7.1
ORD001062,2,PROD00077,143.2,22.0
ORD001063,1,PROD00136,228.61,33.15
ORD001063,2,PROD00231,139.74,27.9
ORD001063,3,PROD00232,273.96,27.7
ORD001064,1,PROD00022,904.5,30.55
ORD001065,1,PROD00126,50.86,30.88
ORD001066,1,PROD00045,120.97,7.4
ORD001067,1,PROD00132,94.12,6.47
ORD001068,1,PROD00036,237.21,26.81
ORD001068,2,PROD00014,511.55,32.74
ORD001069,1,PROD00024,463.01,6.2
ORD001069,2,PROD00020,329.54,18.6
ORD001070,1,PROD00111,50.01,19.38
ORD001071,1,PROD00056,253.57,7.49
ORD001072,1,PROD00155,424.44,11.06
ORD001073,1,PROD00110,137.35,26.02
ORD001074,1,PROD00040,216.93,24.48
ORD001074,2,PROD00005,230.66,32.11
ORD001075,1,PROD00078,118.69,34.01
ORD001075,2,PROD00095,355.14,19.14
ORD001075,3,PROD00085,111.58,7.79
ORD001076,1,PROD00002,998.77,15.43
ORD001076,2,PROD00130,107.19,6.05
ORD001077,1,PROD00146,975.0,20.36
ORD001077,2,PROD00164,29.39,25.12
ORD001077,3,PROD00220,119.5,27.43
ORD001078,1,PROD00195,26.06,14.51
ORD001079,1,PROD00010,116.01,5.65
ORD001079,2,PROD00027,778.07,21.29
ORD001079,3,PROD00033,551.89,31.42
ORD001080,1,PROD00060,117.22,7.73
ORD001080,2,PROD00048,28.21,13.55
ORD001081,1,PROD00228,45.01,19.08
ORD001082,1,PROD00216,33.57,29.37
ORD001082,2,PROD00187,54.35,21.38
ORD001082,3,PROD00216,42.11,27.43
ORD001083,1,PROD00086,342.54,12.1
ORD001083,2,PROD00067,133.16,16.22
ORD001084,1,PROD00026,798.26,22.06
ORD001085,1,PROD00185,14.35,30.84
ORD001085,2,PROD00119,33.41,27.41
ORD001085,3,PROD00233,277.31,15.02
ORD001085,4,PROD00206,10.23,29.94
ORD001086,1,PROD00045,98.31,6.05
ORD001087,1,PROD00112,38.27,26.62
ORD001088,1,PROD00181,53.79,29.01
ORD001089,1,PROD00086,326.46,11.22
ORD001089,2,PROD00073,110.4,25.92
ORD001089,3,PROD00081,91.75,13.79
ORD001090,1,PROD00133,79.2,6.09
ORD001090,2,PROD00172,47.52,22.13
ORD001090,3,PROD00176,13.21,16.36
ORD001090,4,PROD00182,62.63,16.0
ORD001091,1,PROD00225,289.3,22.67
ORD001092,1,PROD00102,269.01,13.12
ORD001092,2,PROD00122,112.89,12.15
ORD001093,1,PROD00020,347.58,19.38
ORD001093,2,PROD00126,42.58,25.41
ORD001094,1,PROD00107,31.23,19.24
ORD001095,1,PROD00037,673.67,31.57
ORD001096,1,PROD00020,370.14,33.73
ORD001097,1,PROD00048,30.93,7.41
ORD001098,1,PROD00039,211.54,21.12
ORD001098,2,PROD00163,35.03,22.89
ORD001098,3,PROD00072,61.09,9.09
ORD001099,1,PROD00186,14.67,27.84
ORD001099,2,PROD00052,196.65,24.9
ORD001100,1,PROD00191,37.58,14.38
ORD001101,1,PROD00228,55.77,10.42
ORD001101,2,PROD00109,318.85,17.8
ORD001102,1,PROD00039,232.41,27.55
ORD001102,2,PROD00048,29.2,31.96
ORD001102,3,PROD00161,938.24,13.77
ORD001103,1,PROD00172,46.51,20.7
ORD001104,1,PROD00152,1351.68,13.0
ORD001104,2,PROD00094,118.5,19.6
ORD001104,3,PROD00061,58.81,18.0
ORD001104,4,PROD00227,152.13,34.61
ORD001105,1,PROD00213,64.82,29.53
ORD001105,2,PROD00130,124.9,27.6
ORD001106,1,PROD00063,137.84,5.03
ORD001107,1,PROD00049,47.6,9.4
ORD001107,2,PROD00238,176.32,9.35
ORD001108,1,PROD00037,718.92,28.59
ORD001109,1,PROD00078,116.11,12.7
ORD001109,2,PROD00088,176.02,24.77
ORD001109,3,PROD00099,178.45,25.92
ORD001109,4,PROD00021,807.84,8.44
ORD001110,1,PROD00032,341.58,16.8
ORD001111,1,PROD00035,870.57,9.19
ORD001111,2,PROD00074,20.17,6.35
ORD001112,1,PROD00154,781.64,8.44
ORD001113,1,PROD00234,268.94,15.07
ORD001114,1,PROD00084,377.82,11.55
ORD001115,1,PROD00057,88.18,34.45
ORD001115,2,PROD00228,48.61,24.16
ORD001115,3,PROD00167,49.62,34.41
ORD001116,1,PROD00162,992.4,19.69
ORD001116,2,PROD00068,78.88,19.15
ORD001117,1,PROD00210,75.7,34.55
ORD001118,1,PROD00110,127.26,9.43
ORD001119,1,PROD00019,107.82,27.5
ORD001119,2,PROD00123,126.43,33.72
ORD001119,3,PROD00027,828.15,25.23
ORD001120,1,PROD00114,79.81,7.18
ORD001120,2,PROD00158,1245.42,20.87
ORD001121,1,PROD00239,212.66,9.37
ORD001122,1,PROD00066,32.13,9.07
ORD001122,2,PROD00052,171.08,14.34
ORD001122,3,PROD00086,344.18,14.97
ORD001122,4,PROD00054,72.49,23.49
ORD001123,1,PROD00050,68.49,30.52
ORD001124,1,PROD00031,271.23,20.45
ORD001125,1,PROD00055,152.77,32.62
ORD001126,1,PROD00141,794.64,9.2
ORD001126,2,PROD00220,120.65,7.26
ORD001127,1,PROD00218,43.26,19.35
ORD001128,1,PROD00041,133.31,32.12
ORD001128,2,PROD00072,59.92,20.26
ORD001128,3,PROD00084,367.97,16.83
ORD001129,1,PROD00038,689.52,28.37
ORD001129,2,PROD00007,1177.01,34.8
ORD001129,3,PROD00011,535.19,26.42
ORD001130,1,PROD00038,715.88,20.87
ORD001131,1,PROD00160,394.22,21.23
ORD001132,1,PROD00221,319.07,6.22
ORD001133,1,PROD00189,14.81,7.35
ORD001133,2,PROD00127,72.11,7.93
ORD001133,3,PROD00007,1223.91,34.07
ORD001134,1,PROD00072,60.55,33.42
ORD001134,2,PROD00096,398.0,12.52
ORD001135,1,PROD00087,60.5,29.47
ORD001136,1,PROD00067,136.78,27.13
ORD001136,2,PROD00040,233.61,34.59
ORD001137,1,PROD00113,48.16,23.26
ORD001138,1,PROD00231,128.17,33.47
ORD001139,1,PROD00061,58.81,23.2
ORD001139,2,PROD00100,338.16,20.31
ORD001140,1,PROD00136,220.8,15.35
ORD001141,1,PROD00135,113.85,14.07
ORD001142,1,PROD00156,213.25,6.29
ORD001143,1,PROD00049,46.71,20.87
ORD001144,1,PROD00045,115.7,7.56
ORD001144,2,PROD00144,1378.44,13.42
ORD001145,1,PROD00094,115.34,30.59
ORD001145,2,PROD00025,222.8,28.22
ORD001146,1,PROD00140,152.41,24.25
ORD001146,2,PROD00222,256.97,28.55
ORD001147,1,PROD00139,162.26,10.9
ORD001147,2,PROD00077,169.88,12.3
ORD001148,1,PROD00100,332.15,7.85
ORD001148,2,PROD00169,32.31,28.78
ORD001149,1,PROD00095,400.71,23.43
ORD001150,1,PROD00094,131.39,18.54
ORD001150,2,PROD00140,136.36,14.11
ORD001151,1,PROD00154,644.37,34.6
ORD001152,1,PROD00044,86.82,17.47
ORD001153,1,PROD00172,45.54,27.2
ORD001154,1,PROD00121,57.71,10.72
ORD001155,1,PROD00098,360.9,11.93
ORD001156,1,PROD00062,49.69,7.34
ORD001157,1,PROD00073,92.97,19.62
ORD001157,2,PROD00105,230.53,10.93
ORD001158,1,PROD00061,66.21,33.3
ORD001158,2,PROD00051,125.01,11.79
ORD001159,1,PROD00060,119.88,31.38
ORD001160,1,PROD00202,10.02,11.9
ORD001160,2,PROD00020,386.46,12.05
ORD001161,1,PROD00131,66.62,27.3
ORD001161,2,PROD00033,518.48,5.86
ORD001161,3,PROD00172,47.18,17.92
ORD001162,1,PROD00223,44.29,15.24
ORD001163,1,PROD00086,346.1,18.9
ORD001163,2,PROD00026,653.94,34.9
ORD001163,3,PROD00189,16.51,26.01
ORD001164,1,PROD00025,222.36,31.61
ORD001165,1,PROD00031,286.03,8.09
ORD001166,1,PROD00037,746.71,13.74
ORD001167,1,PROD00046,242.97,28.26
ORD001168,1,PROD00020,397.35,22.18
ORD001169,1,PROD00147,1151.06,16.42
ORD001170,1,PROD00195,27.05,8.61
ORD001170,2,PROD00227,138.14,33.05
ORD001170,3,PROD00037,723.78,12.25
ORD001171,1,PROD00060,119.78,14.73
ORD001171,2,PROD00099,172.73,24.43
ORD001171,3,PROD00174,32.18,19.68
ORD001172,1,PROD00036,222.53,33.93
ORD001172,2,PROD00010,118.5,24.33
ORD001173,1,PROD00236,340.09,23.04
ORD001173,2,PROD00115,72.04,24.51
ORD001173,3,PROD00152,1519.3,26.11
ORD001174,1,PROD00175,43.29,15.77
ORD001175,1,PROD00173,26.2,24.24
ORD001176,1,PROD00104,124.28,6.35
ORD001176,2,PROD00188,46.67,24.71
ORD001177,1,PROD00153,154.37,7.69
ORD001178,1,PROD00034,830.07,12.12
ORD001178,2,PROD00124,98.36,23.29
ORD001179,1,PROD00046,211.73,34.03
ORD001179,2,PROD00089,335.47,9.2
ORD001180,1,PROD00034,663.09,12.61
ORD001181,1,PROD00173,30.99,33.71
ORD001182,1,PROD00057,92.97,26.02
ORD001182,2,PROD00215,67.45,29.29
ORD001182,3,PROD00208,23.83,18.96
ORD001183,1,PROD00234,331.97,34.81
ORD001183,2,PROD00158,1559.49,7.55
ORD001184,1,PROD00044,77.09,30.18
ORD001185,1,PROD00186,13.03,10.79
ORD001186,1,PROD00126,48.98,34.35
ORD001187,1,PROD00181,52.17,25.33
ORD001187,2,PROD00125,51.42,19.03
ORD001187,3,PROD00121,54.29,32.35
ORD001188,1,PROD00087,56.66,34.13
ORD001189,1,PROD00027,922.23,13.26
ORD001190,1,PROD00148,1532.18,8.36
ORD001191,1,PROD00182,52.93,20.6
ORD001192,1,PROD00184,16.81,34.18
ORD001192,2,PROD00135,108.11,23.25
ORD001193,1,PROD00200,43.24,17.96
ORD001193,2,PROD00023,614.72,20.14
ORD001194,1,PROD00169,37.4,14.14
ORD001194,2,PROD00115,59.63,16.21
ORD001194,3,PROD00129,22.35,14.81
ORD001195,1,PROD00082,25.6,14.57
ORD001196,1,PROD00005,259.92,29.35
ORD001196,2,PROD00031,307.54,25.47
ORD001197,1,PROD00209,64.12,25.7
ORD001198,1,PROD00125,55.77,14.9
ORD001199,1,PROD00045,102.06,21.96
ORD001199,2,PROD00226,156.92,8.82
ORD001200,1,PROD00132,97.67,18.47
ORD001200,2,PROD00149,1435.69,23.68
ORD001201,1,PROD00219,307.32,28.58
ORD001201,2,PROD00111,48.97,10.52
ORD001202,1,PROD00127,65.89,26.05
ORD001202,2,PROD00175,42.59,25.14
ORD001203,1,PROD00010,116.01,11.85
ORD001203,2,PROD00069,60.77,22.7
ORD001204,1,PROD00085,101.31,9.43
ORD001204,2,PROD00058,120.87,22.78
ORD001205,1,PROD00110,146.16,8.6
ORD001205,2,PROD00069,61.07,10.17
ORD001206,1,PROD00172,39.09,14.19
ORD001207,1,PROD00065,66.99,17.43
ORD001207,2,PROD00212,63.73,28.47
ORD001207,3,PROD00123,124.62,25.15
ORD001207,4,PROD00049,42.65,15.38
ORD001208,1,PROD00202,10.04,21.56
ORD001209,1,PROD00203,68.06,18.83
ORD001210,1,PROD00090,326.69,24.08
ORD001211,1,PROD00016,910.84,19.38
ORD001211,2,PROD00007,1099.33,15.9
ORD001212,1,PROD00096,409.29,25.85
ORD001212,2,PROD00069,60.25,12.12
ORD001213,1,PROD00194,62.83,10.15
ORD001214,1,PROD00157,1223.4,13.94
ORD001214,2,PROD00005,274.71,11.09
ORD001215,1,PROD00060,112.54,14.02
ORD001216,1,PROD00062,48.38,9.34
ORD001216,2,PROD00107,32.61,9.67
ORD001217,1,PROD00035,825.22,27.6
ORD001218,1,PROD00003,540.99,19.21
ORD001218,2,PROD00021,745.23,32.94
ORD001219,1,PROD00204,81.73,21.97
ORD001220,1,PROD00124,101.55,32.65
ORD001221,1,PROD00116,62.72,25.63
ORD001222,1,PROD00038,613.32,30.64
ORD001223,1,PROD00207,51.3,34.01
ORD001223,2,PROD00034,832.49,34.52
ORD001224,1,PROD00224,181.61,7.56
ORD001224,2,PROD00014,533.45,25.6
ORD001224,3,PROD00111,48.18,16.82
ORD001225,1,PROD00126,50.92,27.51
ORD001226,1,PROD00055,172.65,17.76
ORD001227,1,PROD00149,1252.23,31.9
ORD001228,1,PROD00102,260.6,30.8
ORD001228,2,PROD00218,37.99,33.95
ORD001228,3,PROD00076,33.39,14.47
ORD001228,4,PROD00073,109.95,34.09
ORD001229,1,PROD00220,135.87,22.29
ORD001230,1,PROD00126,48.26,34.84
ORD001231,1,PROD00167,51.53,28.22
ORD001232,1,PROD00108,94.96,6.95
ORD001233,1,PROD00150,714.36,28.1
ORD001233,2,PROD00086,340.73,21.19
ORD001234,1,PROD00103,380.93,9.48
ORD001234,2,PROD00170,18.67,27.28
ORD001234,3,PROD00024,547.16,18.8
ORD001235,1,PROD00109,276.79,34.39
ORD001235,2,PROD00120,107.6,17.14
ORD001235,3,PROD00077,167.82,10.85
ORD001236,1,PROD00068,95.73,12.02
ORD001237,1,PROD00108,102.54,6.51
ORD001238,1,PROD00073,111.74,8.34
ORD001239,1,PROD00038,665.26,9.17
ORD001239,2,PROD00016,943.23,27.49
ORD001240,1,PROD00134,39.52,26.75
ORD001241,1,PROD00230,177.64,26.01
ORD001242,1,PROD00226,147.2,9.73
ORD001242,2,PROD00141,684.68,15.98
ORD001243,1,PROD00080,69.48,13.38
ORD001244,1,PROD00134,44.76,30.02
ORD001245,1,PROD00159,419.98,18.92
ORD001246,1,PROD00119,29.77,19.6
ORD001246,2,PROD00078,120.53,26.98
ORD001247,1,PROD00027,879.88,26.42
ORD001248,1,PROD00112,40.56,19.64
ORD001248,2,PROD00161,988.97,29.94
ORD001248,3,PROD00111,51.59,12.39
ORD001249,1,PROD00151,310.12,30.18
ORD001249,2,PROD00167,57.51,22.96
ORD001250,1,PROD00086,298.14,23.17
ORD001251,1,PROD00144,1339.09,33.98
ORD001251,2,PROD00020,397.81,25.51
ORD001251,3,PROD00144,1434.31,10.29
ORD001251,4,PROD00225,295.29,23.54
ORD001252,1,PROD00081,90.48,12.69
ORD001252,2,PROD00087,67.98,28.01
ORD001253,1,PROD00116,68.65,30.57
ORD001254,1,PROD00134,46.79,25.99
ORD001255,1,PROD00015,544.97,12.54
ORD001255,2,PROD00222,259.67,32.78
ORD001256,1,PROD00161,965.72,5.92
ORD001257,1,PROD00054,68.37,31.67
ORD001257,2,PROD00017,96.14,13.32
ORD001258,1,PROD00068,77.61,21.6
ORD001258,2,PROD00041,120.13,9.01
ORD001258,3,PROD00088,190.27,11.52
ORD001258,4,PROD00043,165.53,13.25
ORD001259,1,PROD00035,873.73,31.53
ORD001260,1,PROD00197,25.43,22.84
ORD001260,2,PROD00027,888.51,27.47
ORD001261,1,PROD00057,96.35,29.14
ORD001262,1,PROD00218,40.57,9.32
ORD001262,2,PROD00160,403.62,34.67
ORD001263,1,PROD00164,31.21,31.22
ORD001263,2,PROD00116,73.45,20.36
ORD001263,3,PROD00034,810.69,17.82
ORD001263,4,PROD00031,282.22,12.6
ORD001264,1,PROD00029,239.09,23.61
ORD001265,1,PROD00211,80.16,9.83
ORD001266,1,PROD00205,46.32,25.32
ORD001267,1,PROD00140,143.35,13.32
ORD001267,2,PROD00097,145.13,21.24
ORD001267,3,PROD00067,160.29,6.21
ORD001268,1,PROD00034,817.79,28.28
ORD001268,2,PROD00233,306.17,34.47
ORD001268,3,PROD00061,62.07,34.26
ORD001268,4,PROD00104,120.21,9.17
ORD001269,1,PROD00230,189.39,6.76
ORD001269,2,PROD00155,422.96,27.37
ORD001269,3,PROD00146,806.45,12.07
ORD001269,4,PROD00144,1432.74,7.8
ORD001270,1,PROD00161,971.22,9.85
ORD001271,1,PROD00171,31.39,32.16
ORD001272,1,PROD00123,107.62,13.04
ORD001273,1,PROD00029,231.2,17.95
ORD001273,2,PROD00019,106.72,29.64
ORD001274,1,PROD00055,159.27,29.62
ORD001275,1,PROD00238,170.8,35.0
ORD001276,1,PROD00011,582.33,19.85
ORD001277,1,PROD00084,333.92,15.61
ORD001277,2,PROD00079,51.08,19.83
ORD001278,1,PROD00060,133.58,11.57
ORD001279,1,PROD00071,87.86,7.85
ORD001280,1,PROD00179,28.22,18.86
ORD001280,2,PROD00114,75.22,22.55
ORD001281,1,PROD00033,543.2,10.74
ORD001281,2,PROD00048,29.39,10.11
ORD001281,3,PROD00009,692.76,11.36
ORD001282,1,PROD00040,258.16,24.32
ORD001282,2,PROD00058,133.17,13.32
ORD001283,1,PROD00113,59.37,9.21
ORD001283,2,PROD00077,149.17,7.92
ORD001284,1,PROD00042,117.07,16.72
ORD001284,2,PROD00165,11.13,28.29
ORD001284,3,PROD00115,60.15,30.76
ORD001285,1,PROD00211,86.09,16.34
ORD001285,2,PROD00116,59.0,5.36
ORD001286,1,PROD00185,13.64,10.82
ORD001286,2,PROD00009,877.18,5.45
ORD001287,1,PROD00150,688.23,6.49
ORD001287,2,PROD00183,21.48,15.9
ORD001288,1,PROD00030,335.11,9.11
ORD001289,1,PROD00212,54.32,34.11
ORD001290,1,PROD00225,254.02,32.48
ORD001290,2,PROD00141,754.92,30.3
ORD001291,1,PROD00171,27.44,10.66
ORD001292,1,PROD00070,163.38,19.61
ORD001293,1,PROD00200,40.29,29.87
ORD001293,2,PROD00066,35.26,24.06
ORD001294,1,PROD00141,682.16,22.31
ORD001294,2,PROD00231,117.73,24.84
ORD001295,1,PROD00178,56.18,18.79
ORD001295,2,PROD00117,86.94,15.62
ORD001295,3,PROD00123,105.54,34.45
ORD001296,1,PROD00021,747.44,27.3
ORD001297,1,PROD00025,199.2,34.39
ORD001298,1,PROD00018,692.69,26.76
ORD001299,1,PROD00196,63.92,32.36
ORD001300,1,PROD00131,63.49,13.68
ORD001300,2,PROD00166,13.81,10.19
ORD001301,1,PROD00030,298.13,8.06
ORD001301,2,PROD00004,635.16,7.13
ORD001301,3,PROD00060,130.06,11.6
ORD001302,1,PROD00181,52.06,28.77
ORD001302,2,PROD00160,382.63,12.83
ORD001303,1,PROD00022,887.7,21.3
ORD001304,1,PROD00026,739.65,10.7
ORD001304,2,PROD00059,144.88,26.38
ORD001304,3,PROD00198,69.34,21.24
ORD001304,4,PROD00011,510.87,25.51
ORD001305,1,PROD00208,21.82,27.53
ORD001306,1,PROD00074,22.64,6.63
ORD001307,1,PROD00037,819.6,21.01
ORD001307,2,PROD00202,8.87,14.96
ORD001308,1,PROD00180,32.62,30.49
ORD001309,1,PROD00039,265.34,22.94
ORD001310,1,PROD00212,61.51,20.77
ORD001310,2,PROD00025,193.61,32.44
ORD001311,1,PROD00128,89.0,26.77
ORD001311,2,PROD00227,145.83,23.79
ORD001311,3,PROD00148,1567.09,9.28
ORD001312,1,PROD00078,98.47,17.09
ORD001313,1,PROD00174,33.5,7.98
ORD001314,1,PROD00094,124.34,32.64
ORD001315,1,PROD00189,17.16,28.1
ORD001315,2,PROD00031,297.14,12.12
ORD001316,1,PROD00044,85.22,22.42
ORD001316,2,PROD00085,105.69,30.18
ORD001316,3,PROD00070,158.06,26.63
ORD001317,1,PROD00048,29.58,26.87
ORD001317,2,PROD00193,54.52,28.5
ORD001317,3,PROD00078,110.51,5.79
ORD001317,4,PROD00080,71.53,10.31
ORD001318,1,PROD00232,241.91,24.14
ORD001319,1,PROD00183,19.17,25.3
ORD001320,1,PROD00028,851.15,30.38
ORD001320,2,PROD00002,1011.52,29.04
ORD001321,1,PROD00039,222.26,22.71
ORD001322,1,PROD00118,12.32,32.6
ORD001322,2,PROD00178,64.29,10.06
ORD001323,1,PROD00192,46.27,13.15
ORD001324,1,PROD00104,133.57,12.39
ORD001325,1,PROD00151,330.52,21.37
ORD001325,2,PROD00234,325.56,31.48
ORD001326,1,PROD00022,866.19,34.88
ORD001327,1,PROD00068,81.7,18.82
ORD001327,2,PROD00040,234.98,10.33
ORD001328,1,PROD00218,36.01,5.54
ORD001329,1,PROD00193,54.04,33.8
ORD001329,2,PROD00055,161.36,20.9
ORD001329,3,PROD00026,661.16,9.11
ORD001330,1,PROD00118,12.86,34.86
ORD001330,2,PROD00165,12.19,22.95
ORD001330,3,PROD00081,93.94,12.76
ORD001331,1,PROD00016,952.85,20.11
ORD001332,1,PROD00073,102.72,18.2
ORD001332,2,PROD00103,376.84,21.94
ORD001332,3,PROD00085,103.34,7.37
ORD001333,1,PROD00043,182.29,30.58
ORD001333,2,PROD00063,121.73,31.55
ORD001334,1,PROD00067,138.46,31.0
ORD001334,2,PROD00110,138.39,8.71
ORD001334,3,PROD00109,322.74,34.9
ORD001334,4,PROD00087,58.51,13.39
ORD001335,1,PROD00027,843.16,32.38
ORD001336,1,PROD00113,56.6,16.17
ORD001336,2,PROD00166,12.09,32.95
ORD001337,1,PROD00029,211.72,18.03
ORD001338,1,PROD00188,54.09,31.85
ORD001339,1,PROD00052,196.22,28.18
ORD001339,2,PROD00238,187.05,6.71
ORD001340,1,PROD00200,40.99,11.57
ORD001340,2,PROD00184,17.02,22.15
ORD001341,1,PROD00128,97.07,27.66
ORD001342,1,PROD00011,533.2,24.8
ORD001343,1,PROD00040,218.1,14.85
ORD001344,1,PROD00116,62.4,25.5
ORD001344,2,PROD00173,30.64,13.17
ORD001344,3,PROD00166,11.79,8.12
ORD001345,1,PROD00140,150.29,30.0
ORD001346,1,PROD00195,22.35,7.13
ORD001347,1,PROD00234,296.39,28.39
ORD001348,1,PROD00015,643.89,34.47
ORD001349,1,PROD00057,85.78,14.16
ORD001349,2,PROD00062,46.7,32.56
ORD001350,1,PROD00188,53.29,18.51
ORD001350,2,PROD00131,63.53,32.65
ORD001350,3,PROD00123,121.14,26.87
ORD001351,1,PROD00001,962.44,15.85
ORD001352,1,PROD00024,550.74,16.15
ORD001353,1,PROD00058,132.79,17.94
ORD001354,1,PROD00003,646.39,31.08
ORD001355,1,PROD00120,117.13,8.75
ORD001355,2,PROD00212,56.82,30.56
ORD001356,1,PROD00026,638.56,6.4
ORD001357,1,PROD00043,175.59,17.31
ORD001357,2,PROD00078,117.25,16.42
ORD001357,3,PROD00152,1334.81,6.98
ORD001358,1,PROD00035,828.73,22.33
ORD001358,2,PROD00008,1163.39,25.0
ORD001359,1,PROD00020,325.58,18.99
ORD001359,2,PROD00023,552.34,17.05
ORD001360,1,PROD00116,66.42,13.34
ORD001361,1,PROD00024,449.38,28.03
ORD001362,1,PROD00147,1314.18,13.85
ORD001363,1,PROD00190,69.27,20.8
ORD001364,1,PROD00091,208.23,22.37
ORD001364,2,PROD00042,120.65,17.53
ORD001364,3,PROD00087,58.2,20.65
ORD001364,4,PROD00077,157.27,14.46
ORD001365,1,PROD00234,262.57,19.76
ORD001366,1,PROD00091,252.4,10.0
ORD001367,1,PROD00028,879.67,13.26
ORD001367,2,PROD00009,691.92,21.58
ORD001368,1,PROD00064,16.38,19.92
ORD001369,1,PROD00188,46.56,19.59
ORD001369,2,PROD00115,68.51,12.43
ORD001369,3,PROD00037,812.14,23.81
ORD001370,1,PROD00006,140.19,28.26
ORD001370,2,PROD00059,153.46,15.76
ORD001370,3,PROD00033,563.13,19.95
ORD001370,4,PROD00142,558.93,33.15
ORD001371,1,PROD00198,68.54,25.36
ORD001372,1,PROD00236,297.08,9.79
ORD001372,2,PROD00161,1114.93,34.72
ORD001372,3,PROD00160,371.01,28.24
ORD001372,4,PROD00023,683.5,26.03
ORD001373,1,PROD00186,12.42,20.9
ORD001374,1,PROD00075,144.51,17.29
ORD001375,1,PROD00006,131.89,30.23
ORD001376,1,PROD00073,87.72,26.32
ORD001377,1,PROD00087,64.18,20.89
ORD001378,1,PROD00170,19.88,6.3
ORD001379,1,PROD00032,362.38,13.15
ORD001380,1,PROD00196,77.1,33.89
ORD001380,2,PROD00224,173.96,15.13
ORD001381,1,PROD00173,26.47,30.27
ORD001382,1,PROD00042,110.02,27.0
ORD001383,1,PROD00052,195.91,12.16
ORD001384,1,PROD00051,119.38,22.26
ORD001384,2,PROD00065,81.66,29.69
ORD001384,3,PROD00060,125.11,21.1
ORD001385,1,PROD00037,692.61,34.89
ORD001385,2,PROD00071,89.79,31.32
ORD001386,1,PROD00007,1278.29,15.87
ORD001386,2,PROD00125,51.14,30.74
ORD001386,3,PROD00027,852.02,10.06
ORD001386,4,PROD00034,735.81,32.85
ORD001387,1,PROD00221,317.01,14.82
ORD001388,1,PROD00028,790.13,30.4
ORD001388,2,PROD00225,249.93,5.19
ORD001389,1,PROD00049,44.89,24.9
ORD001390,1,PROD00002,956.7,5.99
ORD001391,1,PROD00112,34.91,5.8
ORD001392,1,PROD00140,128.7,19.97
ORD001393,1,PROD00177,11.05,21.94
ORD001394,1,PROD00035,861.77,34.98
ORD001395,1,PROD00011,592.61,14.14
ORD001396,1,PROD00048,33.0,34.19
ORD001396,2,PROD00116,70.22,10.85
ORD001396,3,PROD00116,69.15,7.25
ORD001396,4,PROD00128,84.78,8.47
ORD001397,1,PROD00041,128.35,24.83
ORD001397,2,PROD00071,92.02,7.1
ORD001398,1,PROD00099,189.79,20.22
ORD001399,1,PROD00057,87.33,21.93
ORD001400,1,PROD00036,232.49,8.53
ORD001401,1,PROD00136,219.34,23.08
ORD001401,2,PROD00213,61.97,31.53
ORD001402,1,PROD00046,224.23,22.64
ORD001402,2,PROD00230,178.13,18.86
ORD001402,3,PROD00118,11.65,15.72
ORD001403,1,PROD00115,61.79,25.86
ORD001403,2,PROD00111,46.3,13.54
ORD001404,1,PROD00191,33.29,7.24
ORD001405,1,PROD00073,102.18,32.74
ORD001405,2,PROD00055,150.98,19.81
ORD001405,3,PROD00071,92.07,7.34
ORD001406,1,PROD00096,382.28,26.38
ORD001407,1,PROD00025,200.52,18.63
ORD001408,1,PROD00037,850.46,6.72
ORD001409,1,PROD00041,139.76,25.08
ORD001410,1,PROD00108,86.16,29.75
ORD001411,1,PROD00080,72.03,28.09
ORD001412,1,PROD00196,78.22,13.52
ORD001413,1,PROD00012,1144.13,17.8
ORD001414,1,PROD00143,1628.41,24.55
ORD001414,2,PROD00237,173.88,11.84
ORD001414,3,PROD00163,28.42,21.07
ORD001414,4,PROD00031,322.07,27.14
ORD001415,1,PROD00015,674.7,30.1
ORD001416,1,PROD00134,40.64,20.77
ORD001416,2,PROD00111,48.35,29.24
ORD001417,1,PROD00036,230.7,7.11
ORD001418,1,PROD00013,189.96,14.89
ORD001418,2,PROD00012,1209.33,7.59
ORD001418,3,PROD00022,787.98,27.99
ORD001419,1,PROD00175,47.82,8.28
ORD001420,1,PROD00233,318.93,27.85
ORD001421,1,PROD00067,157.75,28.13
ORD001422,1,PROD00214,60.97,21.18
ORD001423,1,PROD00158,1453.67,26.52
ORD001424,1,PROD00128,83.94,33.47
ORD001425,1,PROD00117,102.55,23.24
ORD001426,1,PROD00182,54.03,27.77
ORD001427,1,PROD00218,34.38,15.22
ORD001427,2,PROD00105,228.5,16.65
ORD001428,1,PROD00218,42.7,22.06
ORD001429,1,PROD00175,41.54,23.05
ORD001430,1,PROD00231,139.61,14.12
ORD001430,2,PROD00112,36.14,34.69
ORD001430,3,PROD00147,1175.27,27.82
ORD001431,1,PROD00222,230.64,28.7
ORD001432,1,PROD00106,384.63,33.44
ORD001433,1,PROD00180,34.97,30.41
ORD001434,1,PROD00043,194.07,29.73
ORD001435,1,PROD00224,198.21,28.51
ORD001436,1,PROD00087,58.38,26.71
ORD001437,1,PROD00028,935.93,14.64
ORD001437,2,PROD00049,45.57,29.25
ORD001438,1,PROD00225,248.85,7.08
ORD001439,1,PROD00105,206.17,14.25
ORD001439,2,PROD00198,63.79,20.17
ORD001440,1,PROD00060,119.01,31.54
ORD001441,1,PROD00228,51.58,9.41
ORD001441,2,PROD00037,769.84,16.58
ORD001442,1,PROD00100,313.07,23.14
ORD001442,2,PROD00178,61.13,5.61
ORD001443,1,PROD00105,230.05,13.57
ORD001443,2,PROD00093,431.74,14.44
ORD001444,1,PROD00033,474.26,28.4
ORD001445,1,PROD00169,36.27,26.68
ORD001446,1,PROD00024,455.76,6.22
ORD001446,2,PROD00175,49.09,7.41
ORD001446,3,PROD00010,105.46,24.5
ORD001447,1,PROD00166,12.52,14.21
ORD001448,1,PROD00009,744.05,28.1
ORD001448,2,PROD00185,13.74,27.97
ORD001448,3,PROD00016,930.12,8.75
ORD001449,1,PROD00007,1118.42,26.3
ORD001450,1,PROD00104,147.55,13.67
ORD001450,2,PROD00067,146.86,15.98
ORD001451,1,PROD00211,86.22,25.52
ORD001452,1,PROD00088,164.79,26.72
ORD001453,1,PROD00033,535.84,13.85
ORD001454,1,PROD00204,75.11,26.36
ORD001455,1,PROD00067,153.62,29.72
ORD001455,2,PROD00041,117.96,15.08
ORD001456,1,PROD00083,65.02,20.46
ORD001457,1,PROD00055,157.91,19.85
ORD001458,1,PROD00230,163.88,9.38
ORD001458,2,PROD00121,56.17,24.37
ORD001458,3,PROD00156,211.31,20.02
ORD001458,4,PROD00232,295.71,23.95
ORD001459,1,PROD00132,93.12,19.96
ORD001460,1,PROD00110,127.49,32.93
ORD001461,1,PROD00098,359.67,9.03
ORD001461,2,PROD00031,280.03,34.14
ORD001461,3,PROD00115,64.49,31.03
ORD001462,1,PROD00141,649.68,14.9
ORD001462,2,PROD00225,295.85,20.65
ORD001463,1,PROD00054,62.9,27.24
ORD001464,1,PROD00226,147.04,20.85
ORD001465,1,PROD00062,48.59,10.14
ORD001465,2,PROD00050,70.23,22.89
ORD001466,1,PROD00150,705.12,19.13
ORD001467,1,PROD00020,342.49,27.0
ORD001467,2,PROD00018,771.02,34.61
ORD001467,3,PROD00031,296.58,31.99
ORD001468,1,PROD00006,161.3,27.71
ORD001468,2,PROD00026,811.89,28.24
ORD001468,3,PROD00008,1205.73,20.93
ORD001469,1,PROD00164,31.65,14.35
ORD001470,1,PROD00235,284.5,5.14
ORD001471,1,PROD00015,685.81,20.15
ORD001472,1,PROD00147,1234.23,5.45
ORD001473,1,PROD00007,1151.2,31.86
ORD001473,2,PROD00023,637.66,13.77
ORD001473,3,PROD00032,383.5,20.17
ORD001473,4,PROD00221,268.02,22.3
ORD001474,1,PROD00231,123.96,27.56
ORD001475,1,PROD00089,309.49,17.13
ORD001475,2,PROD00075,157.71,10.47
ORD001476,1,PROD00139,161.2,27.64
ORD001477,1,PROD00070,163.15,12.94
ORD001478,1,PROD00026,759.55,23.08
ORD001479,1,PROD00032,360.73,15.5
ORD001480,1,PROD00001,908.65,25.69
ORD001481,1,PROD00100,335.72,34.0
ORD001481,2,PROD00237,167.74,22.67
ORD001481,3,PROD00151,337.26,31.43
ORD001482,1,PROD00160,349.34,21.02
ORD001483,1,PROD00132,94.51,11.73
ORD001483,2,PROD00019,94.45,23.33
ORD001483,3,PROD00032,321.52,34.08
ORD001483,4,PROD00185,16.63,16.42
ORD001484,1,PROD00186,13.66,33.78
ORD001485,1,PROD00023,652.95,21.9
ORD001486,1,PROD00018,762.34,17.73
ORD001487,1,PROD00172,39.55,5.45
ORD001487,2,PROD00111,46.29,10.16
ORD001487,3,PROD00209,57.64,15.08
ORD001487,4,PROD00118,11.55,25.77
ORD001488,1,PROD00033,477.29,13.79
ORD001489,1,PROD00173,29.15,20.23
ORD001490,1,PROD00077,159.04,12.11
ORD001490,2,PROD00045,105.97,32.66
ORD001491,1,PROD00127,75.42,26.52
ORD001491,2,PROD00047,67.21,8.15
ORD001492,1,PROD00039,225.58,34.79
ORD001492,2,PROD00180,31.13,11.43
ORD001492,3,PROD00024,478.4,34.26
ORD001493,1,PROD00096,406.77,25.87
ORD001494,1,PROD00054,68.49,32.79
ORD001494,2,PROD00068,83.7,26.48
ORD001494,3,PROD00130,121.37,23.8
ORD001495,1,PROD00085,99.58,32.0
ORD001495,2,PROD00079,45.74,12.77
ORD001495,3,PROD00069,72.43,29.17
ORD001496,1,PROD00194,63.22,12.17
ORD001496,2,PROD00201,28.7,24.42
ORD001497,1,PROD00201,26.73,18.62
ORD001497,2,PROD00067,143.31,28.18
ORD001497,3,PROD00228,49.85,28.67
ORD001498,1,PROD00150,634.76,24.23
ORD001499,1,PROD00086,373.23,15.23
ORD001499,2,PROD00064,17.19,20.73
ORD001500,1,PROD00035,953.26,14.27
ORD001501,1,PROD00031,265.99,20.25
ORD001502,1,PROD00014,566.59,31.13
ORD001502,2,PROD00035,804.41,6.67
ORD001502,3,PROD00026,800.72,8.69
ORD001502,4,PROD00024,519.24,23.59
ORD001503,1,PROD00007,1092.36,7.54
ORD001504,1,PROD00151,335.36,13.32
ORD001504,2,PROD00094,132.34,23.82
ORD001505,1,PROD00181,65.28,12.1
ORD001505,2,PROD00135,104.76,28.92
ORD001506,1,PROD00192,43.37,5.67
ORD001506,2,PROD00071,92.56,22.26
ORD001506,3,PROD00149,1173.21,22.39
ORD001507,1,PROD00018,676.99,27.17
ORD001507,2,PROD00026,710.29,20.32
ORD001508,1,PROD00044,79.88,27.11
ORD001508,2,PROD00199,36.05,11.41
ORD001508,3,PROD00099,159.61,34.97
ORD001508,4,PROD00067,148.75,10.43
ORD001509,1,PROD00120,118.21,28.92
ORD001510,1,PROD00036,237.43,33.45
ORD001510,2,PROD00008,1076.25,18.21
ORD001511,1,PROD00083,54.79,10.72
ORD001511,2,PROD00039,239.37,18.5
ORD001511,3,PROD00088,187.84,6.53
ORD001512,1,PROD00145,155.42,29.34
ORD001513,1,PROD00025,190.45,27.29
ORD001514,1,PROD00149,1199.75,15.43
ORD001514,2,PROD00016,844.5,32.96
ORD001514,3,PROD00239,208.04,31.03
ORD001515,1,PROD00039,227.6,9.83
ORD001516,1,PROD00187,59.05,9.87
ORD001516,2,PROD00151,274.53,21.91
ORD001517,1,PROD00182,53.57,25.99
ORD001518,1,PROD00235,267.27,33.0
ORD001519,1,PROD00035,966.8,30.53
ORD001520,1,PROD00156,227.04,14.36
ORD001521,1,PROD00025,214.07,12.27
ORD001522,1,PROD00233,276.83,18.93
ORD001522,2,PROD00111,47.67,31.52
ORD001522,3,PROD00144,1284.35,22.29
ORD001523,1,PROD00019,100.6,34.38
ORD001524,1,PROD00062,49.19,7.64
ORD001525,1,PROD00231,115.36,24.01
ORD001526,1,PROD00012,1114.52,13.29
ORD001527,1,PROD00002,1068.29,5.39
ORD001527,2,PROD00030,319.36,15.12
ORD001528,1,PROD00230,181.91,18.01
ORD001529,1,PROD00218,41.99,8.61
ORD001530,1,PROD00145,168.05,11.96
ORD001530,2,PROD00104,123.82,27.79
ORD001531,1,PROD00179,29.37,5.99
ORD001531,2,PROD00044,89.61,33.69
ORD001532,1,PROD00182,53.04,20.98
ORD001532,2,PROD00135,93.93,23.98
ORD001533,1,PROD00018,738.87,10.8
ORD001533,2,PROD00227,159.02,33.13
ORD001533,3,PROD00144,1243.21,12.68
ORD001534,1,PROD00220,118.94,13.71
ORD001535,1,PROD00102,234.83,17.5
ORD001536,1,PROD00221,322.25,10.07
ORD001536,2,PROD00062,49.79,7.51
ORD001537,1,PROD00093,362.44,17.87
ORD001538,1,PROD00232,264.64,31.19
ORD001538,2,PROD00149,1464.27,12.39
ORD001539,1,PROD00222,220.7,22.16
ORD001539,2,PROD00169,38.06,27.78
ORD001539,3,PROD00140,149.99,16.26
ORD001539,4,PROD00152,1362.49,11.32
ORD001540,1,PROD00045,118.3,13.98
ORD001541,1,PROD00103,395.05,26.38
ORD001541,2,PROD00101,320.78,32.42
ORD001541,3,PROD00106,440.12,10.0
ORD001542,1,PROD00176,13.42,20.22
ORD001543,1,PROD00024,458.21,26.4
ORD001544,1,PROD00189,16.3,30.5
ORD001544,2,PROD00115,62.79,10.26
ORD001544,3,PROD00073,108.22,11.39
ORD001545,1,PROD00226,149.83,5.63
ORD001545,2,PROD00221,275.92,18.47
ORD001545,3,PROD00038,635.83,7.62
ORD001545,4,PROD00160,384.29,31.84
ORD001546,1,PROD00222,250.09,14.68
ORD001546,2,PROD00136,231.86,11.99
ORD001547,1,PROD00170,20.65,5.07
ORD001548,1,PROD00005,261.73,10.76
ORD001549,1,PROD00048,27.27,30.89
ORD001550,1,PROD00007,1076.88,24.29
ORD001551,1,PROD00003,600.22,6.17
ORD001551,2,PROD00035,903.18,29.52
ORD001551,3,PROD00165,11.59,19.66
ORD001552,1,PROD00082,27.0,29.93
ORD001552,2,PROD00054,72.87,34.14
ORD001552,3,PROD00108,105.78,12.22
ORD001553,1,PROD00191,34.31,17.73
ORD001553,2,PROD00042,97.78,9.16
ORD001554,1,PROD00083,65.06,10.23
ORD001555,1,PROD00102,253.26,7.72
ORD001556,1,PROD00073,108.74,11.62
ORD001557,1,PROD00171,31.84,31.86
ORD001557,2,PROD00060,137.96,34.42
ORD001558,1,PROD00157,970.56,30.13
ORD001558,2,PROD00217,254.82,29.44
ORD001559,1,PROD00188,56.57,28.79
ORD001560,1,PROD00182,64.54,22.13
ORD001561,1,PROD00057,92.2,17.74
ORD001561,2,PROD00044,87.02,23.59
ORD001562,1,PROD00217,237.39,25.08
ORD001563,1,PROD00167,57.01,7.47
ORD001563,2,PROD00154,754.76,24.41
ORD001563,3,PROD00122,107.04,27.75
ORD001563,4,PROD00222,211.74,19.68
ORD001564,1,PROD00108,100.5,6.77
ORD001565,1,PROD00118,13.66,32.43
ORD001565,2,PROD00179,28.44,12.0
ORD001566,1,PROD00113,56.18,19.39
ORD001567,1,PROD00189,17.23,10.33
ORD001568,1,PROD00135,95.62,28.01
ORD001569,1,PROD00074,21.44,18.97
ORD001569,2,PROD00045,120.63,28.36
ORD001569,3,PROD00048,29.25,30.37
ORD001570,1,PROD00018,760.68,23.17
ORD001570,2,PROD00022,943.2,13.66
ORD001570,3,PROD00169,37.92,12.04
ORD001570,4,PROD00106,401.46,34.26
ORD001571,1,PROD00033,502.52,24.73
ORD001572,1,PROD00116,67.97,27.24
ORD001572,2,PROD00025,201.65,19.3
ORD001572,3,PROD00168,38.7,22.29
ORD001573,1,PROD00229,198.26,33.66
ORD001574,1,PROD00196,66.46,34.44
ORD001574,2,PROD00091,242.02,15.97
ORD001575,1,PROD00193,49.11,10.47
ORD001575,2,PROD00220,109.23,15.64
ORD001575,3,PROD00025,233.97,34.9
ORD001575,4,PROD00088,197.83,26.88
ORD001576,1,PROD00033,545.7,8.65
ORD001577,1,PROD00153,165.3,17.89
ORD001577,2,PROD00060,126.03,31.6
ORD001577,3,PROD00232,246.87,8.11
ORD001578,1,PROD00175,41.08,14.98
ORD001579,1,PROD00150,610.49,24.84
ORD001580,1,PROD00134,48.53,12.82
ORD001581,1,PROD00157,976.14,24.92
ORD001581,2,PROD00029,223.52,29.83
ORD001582,1,PROD00097,125.65,12.8
ORD001582,2,PROD00067,161.31,19.62
ORD001583,1,PROD00196,65.47,26.74
ORD001583,2,PROD00189,16.37,8.36
ORD001583,3,PROD00033,543.45,23.28
ORD001584,1,PROD00001,903.07,19.11
ORD001585,1,PROD00025,190.63,25.46
ORD001586,1,PROD00204,86.79,23.82
ORD001586,2,PROD00105,193.93,18.09
ORD001587,1,PROD00166,13.1,27.05
ORD001587,2,PROD00115,59.95,6.24
ORD001587,3,PROD00202,8.34,7.62
ORD001587,4,PROD00114,82.36,11.46
ORD001588,1,PROD00003,556.62,15.27
ORD001588,2,PROD00033,561.99,22.59
ORD001589,1,PROD00049,49.27,32.82
ORD001590,1,PROD00051,139.66,13.76
ORD001590,2,PROD00170,17.02,32.08
ORD001590,3,PROD00071,83.84,13.43
ORD001591,1,PROD00030,369.03,15.03
ORD001592,1,PROD00129,22.19,5.0
ORD001592,2,PROD00171,33.91,21.51
ORD001593,1,PROD00201,30.79,22.47
ORD001593,2,PROD00034,689.99,32.41
ORD001594,1,PROD00038,674.45,12.17
ORD001595,1,PROD00140,152.05,32.51
ORD001596,1,PROD00025,196.79,12.38
ORD001596,2,PROD00171,34.07,9.06
ORD001596,3,PROD00037,704.33,17.62
ORD001596,4,PROD00043,181.37,23.11
ORD001597,1,PROD00061,62.31,24.89
ORD001598,1,PROD00060,135.3,5.2
ORD001598,2,PROD00099,180.09,28.82
ORD001599,1,PROD00063,128.68,14.97
ORD001600,1,PROD00209,72.5,13.15
ORD001601,1,PROD00221,295.38,16.25
ORD001602,1,PROD00155,449.42,22.55
ORD001602,2,PROD00114,85.89,24.06
ORD001602,3,PROD00184,16.22,17.87
ORD001602,4,PROD00233,313.23,9.31
ORD001603,1,PROD00036,222.65,32.48
ORD001604,1,PROD00048,29.74,16.35
ORD001604,2,PROD00037,710.31,25.59
ORD001604,3,PROD00092,119.52,13.25
ORD001605,1,PROD00094,128.31,33.21
ORD001606,1,PROD00101,336.83,20.82
ORD001606,2,PROD00058,121.2,12.31
ORD001606,3,PROD00071,86.73,18.41
ORD001607,1,PROD00175,48.68,12.84
ORD001608,1,PROD00032,367.26,16.56
ORD001609,1,PROD00204,72.37,16.15
ORD001609,2,PROD00023,694.42,18.27
ORD001610,1,PROD00063,138.44,22.55
ORD001611,1,PROD00105,215.35,9.83
ORD001612,1,PROD00158,1372.91,15.5
ORD001613,1,PROD00016,784.33,16.15
ORD001614,1,PROD00194,63.31,26.5
ORD001615,1,PROD00158,1341.96,6.91
ORD001616,1,PROD00205,39.95,19.05
ORD001617,1,PROD00181,52.13,28.38
ORD001618,1,PROD00037,733.19,30.36
ORD001618,2,PROD00027,873.58,32.13
ORD001619,1,PROD00085,103.03,12.91
ORD001620,1,PROD00198,63.68,5.61
ORD001620,2,PROD00034,753.66,27.87
ORD001620,3,PROD00132,83.62,17.68
ORD001621,1,PROD00226,156.57,19.38
ORD001622,1,PROD00218,41.45,6.64
ORD001623,1,PROD00076,35.5,24.79
ORD001624,1,PROD00062,51.75,26.27
ORD001624,2,PROD00110,154.05,7.55
ORD001624,3,PROD00095,404.71,29.63
ORD001625,1,PROD00235,309.29,22.4
ORD001626,1,PROD00082,28.1,34.29
ORD001627,1,PROD00229,223.95,24.87
ORD001627,2,PROD00139,167.99,32.69
ORD001627,3,PROD00201,30.62,26.47
ORD001628,1,PROD00230,208.32,29.13
ORD001629,1,PROD00218,39.02,27.62
ORD001629,2,PROD00046,240.42,16.74
ORD001629,3,PROD00048,26.47,12.65
ORD001630,1,PROD00113,57.25,24.39
ORD001631,1,PROD00172,38.53,23.75
ORD001632,1,PROD00173,32.8,23.67
ORD001633,1,PROD00001,1113.11,10.86
ORD001634,1,PROD00094,110.98,14.87
ORD001634,2,PROD00072,53.77,32.33
ORD001635,1,PROD00208,20.83,16.84
ORD001635,2,PROD00097,131.52,24.69
ORD001635,3,PROD00136,206.78,5.69
ORD001636,1,PROD00022,762.64,18.14
ORD001636,2,PROD00229,186.59,34.63
ORD001636,3,PROD00123,114.38,22.56
ORD001637,1,PROD00235,282.79,7.82
ORD001637,2,PROD00188,56.86,21.31
ORD001638,1,PROD00025,228.54,10.93
ORD001638,2,PROD00049,41.36,34.24
ORD001639,1,PROD00038,704.23,27.24
ORD001640,1,PROD00222,257.87,5.28
ORD001641,1,PROD00120,112.09,12.35
ORD001642,1,PROD00230,204.04,22.29
ORD001642,2,PROD00054,67.48,24.98
ORD001643,1,PROD00189,18.26,22.22
ORD001644,1,PROD00090,310.61,20.49
ORD001645,1,PROD00144,1374.26,14.33
ORD001645,2,PROD00067,156.44,8.3
ORD001645,3,PROD00123,121.24,13.2
ORD001645,4,PROD00041,130.02,11.54
ORD001646,1,PROD00114,76.95,33.14
ORD001646,2,PROD00121,53.93,34.11
ORD001647,1,PROD00138,196.28,24.44
ORD001647,2,PROD00235,279.89,27.85
ORD001647,3,PROD00099,197.28,23.09
ORD001647,4,PROD00196,77.31,14.37
ORD001648,1,PROD00219,276.24,26.45
ORD001649,1,PROD00152,1435.5,32.51
ORD001650,1,PROD00149,1462.87,33.57
ORD001650,2,PROD00094,120.52,17.65
ORD001651,1,PROD00052,206.68,27.14
ORD001652,1,PROD00198,65.89,11.92
ORD001653,1,PROD00127,77.47,7.19
ORD001654,1,PROD00027,848.52,33.23
ORD001655,1,PROD00078,113.68,32.49
ORD001656,1,PROD00089,374.65,24.65
ORD001657,1,PROD00126,49.5,27.36
ORD001657,2,PROD00053,143.93,23.91
ORD001658,1,PROD00156,232.12,6.15
ORD001658,2,PROD00109,275.71,7.5
ORD001659,1,PROD00135,97.17,15.06
ORD001659,2,PROD00176,14.54,19.21
ORD001660,1,PROD00134,45.15,14.83
ORD001660,2,PROD00074,22.0,11.93
ORD001661,1,PROD00050,63.41,20.22
ORD001662,1,PROD00026,687.24,28.39
ORD001662,2,PROD00043,181.01,34.28
ORD001663,1,PROD00149,1378.29,28.23
ORD001664,1,PROD00200,45.05,12.98
ORD001665,1,PROD00183,21.23,6.83
ORD001666,1,PROD00052,179.94,27.38
ORD001667,1,PROD00162,924.75,26.58
ORD001668,1,PROD00156,219.44,30.64
ORD001669,1,PROD00009,735.8,24.19
ORD001670,1,PROD00118,13.74,27.12
ORD001670,2,PROD00197,23.44,6.38
ORD001670,3,PROD00166,12.85,27.97
ORD001671,1,PROD00007,1272.99,18.64
ORD001671,2,PROD00022,781.17,9.8
ORD001671,3,PROD00048,29.83,27.88
ORD001672,1,PROD00037,841.59,16.89
ORD001673,1,PROD00097,135.64,20.89
ORD001673,2,PROD00210,69.53,11.55
ORD001674,1,PROD00064,14.66,12.35
ORD001675,1,PROD00009,823.66,29.79
ORD001676,1,PROD00001,896.61,22.34
ORD001676,2,PROD00161,1055.66,20.5
ORD001677,1,PROD00157,1047.22,7.06
ORD001678,1,PROD00089,348.27,24.31
ORD001678,2,PROD00078,107.39,33.56
ORD001678,3,PROD00081,98.85,20.82
ORD001678,4,PROD00073,89.4,30.57
ORD001679,1,PROD00059,136.69,18.54
ORD001680,1,PROD00173,29.15,12.32
ORD001680,2,PROD00120,129.81,19.17
ORD001681,1,PROD00176,14.83,26.84
ORD001681,2,PROD00238,164.66,14.74
ORD001682,1,PROD00175,38.74,29.15
ORD001682,2,PROD00134,43.54,25.56
ORD001683,1,PROD00008,1089.47,15.77
ORD001684,1,PROD00181,59.89,5.96
ORD001685,1,PROD00087,66.25,28.43
ORD001685,2,PROD00105,206.98,16.52
ORD001685,3,PROD00135,105.5,7.8
ORD001685,4,PROD00074,23.79,6.29
ORD001686,1,PROD00151,326.69,10.84
ORD001686,2,PROD00170,18.72,21.75
ORD001686,3,PROD00236,321.37,5.9
ORD001687,1,PROD00187,50.73,12.88
ORD001687,2,PROD00121,48.01,14.47
ORD001688,1,PROD00235,299.02,23.66
ORD001688,2,PROD00215,74.12,11.65
ORD001689,1,PROD00052,188.96,33.04
ORD001690,1,PROD00043,176.86,8.28
ORD001691,1,PROD00168,38.6,5.1
ORD001691,2,PROD00047,69.08,21.41
ORD001691,3,PROD00035,1012.37,34.83
ORD001692,1,PROD00154,775.41,7.22
ORD001692,2,PROD00218,38.25,15.12
ORD001692,3,PROD00033,560.52,17.31
ORD001693,1,PROD00173,31.05,29.88
ORD001694,1,PROD00097,133.19,13.15
ORD001695,1,PROD00029,242.66,8.94
ORD001695,2,PROD00161,1092.3,8.57
ORD001695,3,PROD00012,1172.95,14.71
ORD001696,1,PROD00033,503.13,30.42
ORD001696,2,PROD00010,105.47,21.07
ORD001697,1,PROD00078,102.96,7.7
ORD001697,2,PROD00103,359.28,28.13
ORD001697,3,PROD00081,114.72,12.77
ORD001698,1,PROD00080,67.83,26.51
ORD001699,1,PROD00047,82.08,32.11
ORD001699,2,PROD00096,329.15,8.14
ORD001700,1,PROD00156,235.6,8.8
ORD001701,1,PROD00238,156.48,32.44
ORD001702,1,PROD00180,37.45,17.61
ORD001703,1,PROD00053,152.07,13.69
ORD001704,1,PROD00190,71.6,28.22
ORD001704,2,PROD00198,54.57,8.89
ORD001704,3,PROD00138,189.34,22.92
ORD001705,1,PROD00048,31.56,28.15
ORD001705,2,PROD00044,90.24,7.46
ORD001705,3,PROD00032,345.32,15.3
ORD001705,4,PROD00215,69.48,15.33
ORD001706,1,PROD00066,31.18,32.9
ORD001706,2,PROD00086,356.81,12.24
ORD001706,3,PROD00037,777.61,25.66
ORD001707,1,PROD00216,34.4,20.55
ORD001708,1,PROD00239,195.26,31.43
ORD001709,1,PROD00216,37.88,26.77
ORD001709,2,PROD00189,16.33,22.79
ORD001710,1,PROD00009,757.17,17.36
ORD001710,2,PROD00038,742.53,20.4
ORD001710,3,PROD00174,38.07,5.57
ORD001710,4,PROD00035,903.18,32.04
ORD001711,1,PROD00134,46.93,31.29
ORD001712,1,PROD00107,29.57,11.51
ORD001712,2,PROD00068,94.92,30.72
ORD001713,1,PROD00022,873.09,28.1
ORD001713,2,PROD00078,104.67,10.38
ORD001714,1,PROD00021,756.85,6.45
ORD001715,1,PROD00026,766.65,26.2
ORD001716,1,PROD00070,165.79,23.23
ORD001716,2,PROD00048,32.09,18.5
ORD001716,3,PROD00049,47.0,17.87
ORD001717,1,PROD00113,60.49,16.8
ORD001717,2,PROD00168,36.31,7.1
ORD001718,1,PROD00055,166.68,28.17
ORD001719,1,PROD00020,377.1,18.79
ORD001720,1,PROD00215,63.38,6.99
ORD001720,2,PROD00231,123.59,27.13
ORD001720,3,PROD00026,665.92,13.15
ORD001721,1,PROD00141,651.9,15.96
ORD001722,1,PROD00121,52.97,29.59
ORD001723,1,PROD00142,535.4,8.6
ORD001723,2,PROD00219,284.89,28.95
ORD001724,1,PROD00201,30.98,17.98
ORD001725,1,PROD00013,205.67,33.84
ORD001725,2,PROD00034,817.52,22.16
ORD001726,1,PROD00118,14.19,7.43
ORD001727,1,PROD00058,139.02,18.36
ORD001728,1,PROD00104,134.24,8.99
ORD001729,1,PROD00131,76.3,23.07
ORD001729,2,PROD00041,138.85,12.35
ORD001730,1,PROD00028,883.43,34.17
ORD001730,2,PROD00009,869.58,11.93
ORD001731,1,PROD00002,1046.23,7.39
ORD001731,2,PROD00034,662.34,28.09
ORD001732,1,PROD00124,100.71,14.63
ORD001733,1,PROD00119,26.94,26.51
ORD001733,2,PROD00167,48.81,9.21
ORD001733,3,PROD00174,33.05,32.87
ORD001733,4,PROD00019,104.81,24.66
ORD001734,1,PROD00163,32.09,10.07
ORD001735,1,PROD00097,120.78,7.99
ORD001735,2,PROD00037,820.6,28.9
ORD001736,1,PROD00170,18.85,22.06
ORD001737,1,PROD00045,99.19,18.55
ORD001738,1,PROD00145,141.43,10.47
ORD001739,1,PROD00034,812.86,10.5
ORD001739,2,PROD00014,565.29,22.34
ORD001740,1,PROD00045,120.01,8.65
ORD001741,1,PROD00159,427.71,24.47
ORD001741,2,PROD00238,188.37,24.4
ORD001741,3,PROD00223,36.0,30.29
ORD001741,4,PROD00195,27.11,26.38
ORD001742,1,PROD00215,74.47,10.39
ORD001742,2,PROD00001,1005.06,27.43
ORD001743,1,PROD00144,1330.1,31.96
ORD001744,1,PROD00053,169.26,34.18
ORD001745,1,PROD00050,71.38,34.81
ORD001745,2,PROD00076,35.16,27.13
ORD001745,3,PROD00024,448.85,18.88
ORD001746,1,PROD00073,104.65,27.15
ORD001747,1,PROD00011,564.03,9.0
ORD001748,1,PROD00211,79.37,8.09
ORD001749,1,PROD00051,147.06,5.11
ORD001750,1,PROD00213,63.99,12.36
ORD001750,2,PROD00119,32.21,29.13
ORD001751,1,PROD00166,13.79,12.57
ORD001751,2,PROD00128,87.71,24.17
ORD001752,1,PROD00059,122.99,22.58
ORD001752,2,PROD00094,128.78,32.86
ORD001752,3,PROD00054,64.81,13.37
ORD001753,1,PROD00236,314.56,6.56
ORD001754,1,PROD00133,90.1,21.1
ORD001755,1,PROD00058,126.32,7.01
ORD001755,2,PROD00152,1635.94,31.7
ORD001756,1,PROD00123,133.06,26.38
ORD001757,1,PROD00148,1666.61,26.28
ORD001757,2,PROD00221,322.57,30.75
ORD001758,1,PROD00085,114.91,15.88
ORD001758,2,PROD00076,39.38,31.81
ORD001758,3,PROD00009,771.54,22.2
ORD001758,4,PROD00017,108.32,34.48
ORD001759,1,PROD00032,342.03,11.05
ORD001759,2,PROD00015,587.31,8.3
ORD001760,1,PROD00003,580.92,14.53
ORD001760,2,PROD00032,369.31,33.14
ORD001761,1,PROD00097,125.7,31.55
ORD001762,1,PROD00009,759.25,12.72
ORD001763,1,PROD00173,26.92,14.1
ORD001763,2,PROD00062,44.02,29.04
ORD001764,1,PROD00030,364.08,33.34
ORD001765,1,PROD00230,164.07,11.42
ORD001766,1,PROD00144,1324.5,18.83
ORD001767,1,PROD00135,97.86,25.39
ORD001768,1,PROD00152,1366.49,18.84
ORD001768,2,PROD00230,187.82,33.52
ORD001769,1,PROD00011,493.75,18.59
ORD001770,1,PROD00026,782.78,25.92
ORD001770,2,PROD00018,804.39,26.36
ORD001770,3,PROD00023,614.72,5.33
ORD001770,4,PROD00007,1242.29,17.25
ORD001771,1,PROD00002,995.95,32.3
ORD001771,2,PROD00029,238.25,17.54
ORD001772,1,PROD00002,1031.6,24.32
ORD001773,1,PROD00030,312.09,13.29
ORD001774,1,PROD00015,572.54,21.35
ORD001775,1,PROD00193,48.97,21.81
ORD001776,1,PROD00023,619.5,13.03
ORD001776,2,PROD00033,467.83,26.99
ORD001777,1,PROD00099,173.08,20.27
ORD001777,2,PROD00037,691.57,14.05
ORD001777,3,PROD00061,56.59,5.12
ORD001777,4,PROD00081,99.38,8.48
ORD001778,1,PROD00004,591.28,28.49
ORD001779,1,PROD00219,315.22,29.69
ORD001779,2,PROD00048,29.11,32.5
ORD001779,3,PROD00006,140.47,20.93
ORD001779,4,PROD00110,160.24,33.15
ORD001780,1,PROD00154,661.21,14.27
ORD001781,1,PROD00117,98.45,16.72
ORD001782,1,PROD00111,48.33,11.66
ORD001783,1,PROD00108,98.99,15.42
ORD001783,2,PROD00076,35.04,21.73
ORD001784,1,PROD00014,581.43,24.94
ORD001784,2,PROD00024,498.51,9.73
ORD001785,1,PROD00054,73.73,14.78
ORD001785,2,PROD00079,47.6,28.17
ORD001786,1,PROD00173,26.75,29.26
ORD001787,1,PROD00067,154.9,10.68
ORD001788,1,PROD00175,40.07,10.53
ORD001788,2,PROD00122,122.38,22.97
ORD001789,1,PROD00114,76.19,12.92
ORD001789,2,PROD00221,272.53,25.64
ORD001789,3,PROD00060,122.42,17.15
ORD001790,1,PROD00037,805.37,10.84
ORD001791,1,PROD00030,309.12,10.53
ORD001792,1,PROD00132,98.91,24.32
ORD001793,1,PROD00068,84.73,13.87
ORD001793,2,PROD00040,208.38,10.88
ORD001793,3,PROD00104,131.33,10.92
ORD001794,1,PROD00125,47.38,15.74
ORD001795,1,PROD00235,279.5,30.24
ORD001795,2,PROD00007,1076.57,34.68
ORD001796,1,PROD00083,59.4,11.01
ORD001796,2,PROD00104,128.97,34.36
ORD001797,1,PROD00146,836.97,5.72
ORD001797,2,PROD00218,39.12,20.17
ORD001797,3,PROD00219,270.51,12.2
ORD001797,4,PROD00234,322.9,18.88
ORD001798,1,PROD00123,106.63,16.41
ORD001799,1,PROD00175,41.67,13.26
ORD001800,1,PROD00141,777.97,21.57
ORD001801,1,PROD00051,126.37,20.21
ORD001801,2,PROD00163,31.77,23.31
ORD001801,3,PROD00044,78.74,24.67
ORD001802,1,PROD00214,57.26,29.54
ORD001803,1,PROD00199,32.4,24.73
ORD001804,1,PROD00004,545.74,15.45
ORD001804,2,PROD00151,318.47,24.65
ORD001805,1,PROD00213,54.9,16.14
ORD001805,2,PROD00157,1186.13,19.23
ORD001805,3,PROD00115,59.74,8.32
ORD001806,1,PROD00238,157.2,34.22
ORD001806,2,PROD00189,16.59,32.21
ORD001807,1,PROD00233,261.42,25.63
ORD001807,2,PROD00054,65.35,11.73
ORD001808,1,PROD00034,818.62,23.55
ORD001809,1,PROD00030,372.45,33.72
ORD001810,1,PROD00130,108.74,19.56
ORD001810,2,PROD00176,15.42,17.8
ORD001811,1,PROD00187,57.49,17.87
ORD001811,2,PROD00215,74.86,29.54
ORD001812,1,PROD00236,323.24,27.5
ORD001812,2,PROD00141,758.67,26.97
ORD001813,1,PROD00210,80.83,17.0
ORD001814,1,PROD00192,48.69,6.97
ORD001815,1,PROD00074,19.76,31.73
ORD001815,2,PROD00049,49.8,24.59
ORD001815,3,PROD00098,319.29,16.35
ORD001816,1,PROD00043,170.81,16.14
ORD001816,2,PROD00038,717.47,14.61
ORD001816,3,PROD00086,341.63,13.38
ORD001817,1,PROD00150,709.26,12.9
ORD001818,1,PROD00192,43.76,6.45
ORD001818,2,PROD00031,307.43,21.26
ORD001818,3,PROD00005,246.23,13.17
ORD001819,1,PROD00162,1164.17,7.89
ORD001820,1,PROD00055,172.54,23.46
ORD001820,2,PROD00199,34.94,32.37
ORD001821,1,PROD00112,41.02,23.17
ORD001821,2,PROD00180,35.59,11.86
ORD001821,3,PROD00164,26.1,11.91
ORD001822,1,PROD00087,63.26,7.61
ORD001822,2,PROD00074,24.67,28.69
ORD001823,1,PROD00203,69.72,24.06
ORD001824,1,PROD00177,12.93,29.92
ORD001825,1,PROD00119,32.53,30.78
ORD001825,2,PROD00225,254.09,13.5
ORD001825,3,PROD00181,61.83,29.23
ORD001826,1,PROD00187,58.04,24.36
ORD001827,1,PROD00084,372.84,23.63
ORD001827,2,PROD00186,12.27,15.68
ORD001827,3,PROD00027,749.82,14.01
ORD001827,4,PROD00013,166.44,32.6
ORD001828,1,PROD00060,138.57,21.78
ORD001829,1,PROD00212,56.78,10.82
ORD001830,1,PROD00146,866.47,17.32
ORD001830,2,PROD00134,40.53,16.6
ORD001831,1,PROD00036,249.66,16.56
ORD001831,2,PROD00119,33.17,29.62
ORD001832,1,PROD00222,239.08,14.9
ORD001833,1,PROD00044,83.25,30.53
ORD001833,2,PROD00186,12.86,18.19
ORD001834,1,PROD00119,32.68,21.17
ORD001835,1,PROD00176,12.34,6.59
ORD001836,1,PROD00084,317.37,24.06
ORD001836,2,PROD00070,141.95,22.5
ORD001837,1,PROD00163,32.41,13.17
ORD001838,1,PROD00021,759.88,15.49
ORD001839,1,PROD00036,229.58,8.05
ORD001839,2,PROD00211,71.77,6.45
ORD001840,1,PROD00134,46.27,24.46
ORD001841,1,PROD00031,308.14,13.61
ORD001841,2,PROD00130,129.92,18.21
ORD001842,1,PROD00239,240.78,31.13
ORD001842,2,PROD00157,1070.88,11.95
ORD001843,1,PROD00215,72.37,30.33
ORD001843,2,PROD00138,215.73,29.95
ORD001844,1,PROD00005,270.78,13.94
ORD001844,2,PROD00022,854.85,29.83
ORD001845,1,PROD00042,117.35,18.99
ORD001846,1,PROD00080,58.28,9.12
ORD001846,2,PROD00039,235.34,9.4
ORD001846,3,PROD00054,75.07,29.17
ORD001846,4,PROD00104,120.68,12.47
ORD001847,1,PROD00021,743.98,29.19
ORD001847,2,PROD00052,186.0,28.82
ORD001847,3,PROD00028,807.72,20.24
ORD001847,4,PROD00172,43.46,33.29
ORD001848,1,PROD00026,681.23,10.68
ORD001848,2,PROD00035,992.48,26.75
ORD001849,1,PROD00061,61.5,32.11
ORD001849,2,PROD00005,270.67,7.76
ORD001849,3,PROD00053,157.61,28.8
ORD001849,4,PROD00054,71.76,5.79
ORD001850,1,PROD00022,861.42,17.02
ORD001850,2,PROD00029,241.66,6.5
ORD001851,1,PROD00048,31.46,29.28
ORD001852,1,PROD00123,130.17,30.29
ORD001853,1,PROD00068,82.0,15.85
ORD001853,2,PROD00084,386.72,33.16
ORD001853,3,PROD00087,58.32,30.92
ORD001854,1,PROD00203,64.21,10.63
ORD001855,1,PROD00031,270.06,25.68
ORD001855,2,PROD00002,1088.99,27.36
ORD001856,1,PROD00034,837.9,15.64
ORD001856,2,PROD00038,768.19,33.71
ORD001857,1,PROD00134,44.72,33.55
ORD001858,1,PROD00132,97.44,5.72
ORD001858,2,PROD00029,208.46,18.09
ORD001858,3,PROD00074,23.22,10.15
ORD001858,4,PROD00071,89.62,15.93
ORD001859,1,PROD00121,58.16,34.04
ORD001860,1,PROD00086,358.04,32.46
ORD001861,1,PROD00156,229.25,30.85
ORD001862,1,PROD00205,37.76,13.13
ORD001863,1,PROD00178,63.42,7.8
ORD001864,1,PROD00131,72.15,14.07
ORD001865,1,PROD00231,133.71,10.82
ORD001865,2,PROD00190,81.52,20.06
ORD001866,1,PROD00010,104.01,16.14
ORD001867,1,PROD00054,67.22,11.36
ORD001868,1,PROD00231,110.68,15.14
ORD001869,1,PROD00055,176.94,34.91
ORD001869,2,PROD00057,95.29,14.44
ORD001869,3,PROD00236,290.47,14.27
ORD001870,1,PROD00026,738.39,16.15
ORD001871,1,PROD00159,472.93,31.47
ORD001872,1,PROD00203,72.39,31.55
ORD001873,1,PROD00232,273.84,33.47
ORD001873,2,PROD00020,353.81,18.08
ORD001874,1,PROD00048,27.33,30.27
ORD001875,1,PROD00184,17.29,30.46
ORD001875,2,PROD00126,43.29,10.85
ORD001876,1,PROD00006,150.1,13.5
ORD001877,1,PROD00044,94.76,18.98
ORD001878,1,PROD00126,46.48,27.15
ORD001878,2,PROD00188,55.67,20.39
ORD001879,1,PROD00205,37.18,31.08
ORD001879,2,PROD00143,1336.42,18.75
ORD001879,3,PROD00056,204.01,34.06
ORD001880,1,PROD00058,134.69,11.7
ORD001881,1,PROD00225,296.36,34.3
ORD001882,1,PROD00238,179.74,18.81
ORD001883,1,PROD00006,135.16,26.69
ORD001883,2,PROD00085,115.87,11.02
ORD001883,3,PROD00024,462.35,7.31
ORD001883,4,PROD00032,398.45,11.99
ORD001884,1,PROD00193,45.83,26.32
ORD001885,1,PROD00118,11.54,25.95
ORD001886,1,PROD00180,34.8,22.9
ORD001887,1,PROD00054,67.47,28.23
ORD001888,1,PROD00146,917.65,17.49
ORD001888,2,PROD00218,42.85,34.51
ORD001889,1,PROD00092,121.21,21.29
ORD001889,2,PROD00017,91.52,15.64
ORD001889,3,PROD00132,102.78,6.68
ORD001889,4,PROD00185,15.42,16.17
ORD001890,1,PROD00072,57.08,18.78
ORD001891,1,PROD00025,208.74,6.57
ORD001892,1,PROD00188,47.42,24.73
ORD001892,2,PROD00130,129.8,22.17
ORD001892,3,PROD00189,17.87,13.31
ORD001893,1,PROD00085,119.91,5.82
ORD001894,1,PROD00087,58.68,29.46
ORD001894,2,PROD00063,116.22,19.62
ORD001895,1,PROD00169,39.5,6.55
ORD001896,1,PROD00222,227.28,5.07
ORD001897,1,PROD00158,1287.92,15.11
ORD001897,2,PROD00231,133.14,8.2
ORD001898,1,PROD00099,185.3,8.94
ORD001898,2,PROD00081,100.56,22.07
ORD001899,1,PROD00167,48.57,8.82
ORD001899,2,PROD00227,166.87,28.07
ORD001900,1,PROD00004,627.47,8.46
ORD001901,1,PROD00053,182.25,18.69
ORD001901,2,PROD00214,52.53,34.78
ORD001902,1,PROD00065,79.28,19.08
ORD001902,2,PROD00054,73.85,28.45
ORD001903,1,PROD00226,160.57,34.13
ORD001904,1,PROD00089,383.34,31.65
ORD001905,1,PROD00171,31.63,18.62
ORD001905,2,PROD00239,239.19,16.65
ORD001905,3,PROD00201,29.23,11.84
ORD001905,4,PROD00131,64.66,16.28
ORD001906,1,PROD00043,175.9,7.22
ORD001907,1,PROD00097,143.4,26.83
ORD001908,1,PROD00043,170.02,26.81
ORD001908,2,PROD00083,65.94,24.12
ORD001908,3,PROD00071,93.46,7.77
ORD001909,1,PROD00203,65.48,12.34
ORD001910,1,PROD00038,611.75,22.59
ORD001911,1,PROD00217,265.29,18.31
ORD001911,2,PROD00150,657.43,17.56
ORD001911,3,PROD00140,140.23,32.32
ORD001912,1,PROD00080,65.48,12.69
ORD001912,2,PROD00109,313.28,25.47
ORD001912,3,PROD00055,154.54,26.76
ORD001913,1,PROD00165,11.25,19.16
ORD001914,1,PROD00227,144.12,30.24
ORD001915,1,PROD00214,56.88,6.99
ORD001916,1,PROD00014,504.31,15.55
ORD001916,2,PROD00023,649.54,33.85
ORD001916,3,PROD00214,64.75,26.22
ORD001917,1,PROD00079,49.67,21.12
ORD001918,1,PROD00019,93.18,19.95
ORD001919,1,PROD00078,119.92,19.74
ORD001919,2,PROD00093,364.77,18.99
ORD001919,3,PROD00202,9.36,23.95
ORD001920,1,PROD00093,371.07,15.68
ORD001921,1,PROD00228,54.77,32.63
ORD001922,1,PROD00066,31.68,33.54
ORD001922,2,PROD00100,340.73,31.32
ORD001923,1,PROD00115,64.52,25.04
ORD001923,2,PROD00204,79.21,33.29
ORD001923,3,PROD00183,17.89,18.13
ORD001924,1,PROD00056,238.1,17.04
ORD001924,2,PROD00130,110.41,26.57
ORD001925,1,PROD00033,578.74,22.25
ORD001925,2,PROD00214,52.78,10.31
ORD001925,3,PROD00048,27.34,14.23
ORD001926,1,PROD00164,28.68,25.28
ORD001927,1,PROD00094,125.61,33.49
ORD001928,1,PROD00213,58.99,22.39
ORD001929,1,PROD00017,101.38,24.15
ORD001930,1,PROD00093,364.56,24.41
ORD001931,1,PROD00041,129.35,34.26
ORD001931,2,PROD00101,325.7,28.24
ORD001931,3,PROD00067,155.39,19.92
ORD001931,4,PROD00094,134.96,12.83
ORD001932,1,PROD00001,907.14,16.71
ORD001932,2,PROD00083,62.78,34.16
ORD001933,1,PROD00102,251.3,11.92
ORD001934,1,PROD00143,1669.21,25.19
ORD001934,2,PROD00226,171.04,6.48
ORD001935,1,PROD00206,11.76,26.19
ORD001936,1,PROD00186,13.42,24.45
ORD001937,1,PROD00069,68.28,34.04
ORD001938,1,PROD00156,202.9,11.83
ORD001939,1,PROD00095,412.61,21.83
ORD001939,2,PROD00061,58.81,31.99
ORD001939,3,PROD00059,129.39,27.24
ORD001940,1,PROD00177,10.58,26.17
ORD001940,2,PROD00154,798.8,22.29
ORD001941,1,PROD00072,49.04,11.7
ORD001942,1,PROD00224,160.25,6.83
ORD001943,1,PROD00129,20.93,28.42
ORD001944,1,PROD00103,397.07,25.48
ORD001945,1,PROD00050,70.96,29.83
ORD001945,2,PROD00145,159.91,7.07
ORD001946,1,PROD00132,97.57,16.55
ORD001947,1,PROD00013,189.63,28.69
ORD001947,2,PROD00038,672.08,22.71
ORD001947,3,PROD00042,96.23,34.57
ORD001947,4,PROD00233,318.47,31.06
ORD001948,1,PROD00117,93.09,17.63
ORD001948,2,PROD00189,16.91,19.51
ORD001948,3,PROD00187,56.12,30.6
ORD001949,1,PROD00231,121.26,24.6
ORD001950,1,PROD00167,56.67,26.22
ORD001950,2,PROD00133,86.38,11.59
ORD001951,1,PROD00216,37.09,29.52
ORD001952,1,PROD00192,48.02,32.06
ORD001952,2,PROD00164,31.29,33.32
ORD001952,3,PROD00194,67.28,5.1
ORD001953,1,PROD00028,873.27,26.19
ORD001953,2,PROD00024,547.92,33.38
ORD001953,3,PROD00238,185.24,17.18
ORD001953,4,PROD00017,106.63,5.02
ORD001954,1,PROD00208,24.01,21.98
ORD001955,1,PROD00100,312.74,30.08
ORD001956,1,PROD00198,61.8,23.85
ORD001957,1,PROD00126,42.56,25.25
ORD001957,2,PROD00183,19.33,31.67
ORD001958,1,PROD00204,80.89,11.72
ORD001959,1,PROD00035,940.52,15.03
ORD001960,1,PROD00005,224.68,14.73
ORD001961,1,PROD00088,189.1,6.43
ORD001962,1,PROD00036,208.03,10.56
ORD001962,2,PROD00017,108.1,22.69
ORD001963,1,PROD00087,68.09,6.84
ORD001964,1,PROD00053,168.58,15.15
ORD001964,2,PROD00073,88.62,22.59
ORD001964,3,PROD00059,135.27,15.92
ORD001965,1,PROD00018,684.59,8.33
ORD001965,2,PROD00220,135.67,31.78
ORD001965,3,PROD00124,96.32,28.92
ORD001966,1,PROD00166,11.61,30.44
ORD001966,2,PROD00235,300.72,24.26
ORD001967,1,PROD00137,1122.37,29.43
ORD001967,2,PROD00233,328.57,22.84
ORD001967,3,PROD00221,285.52,34.39
ORD001968,1,PROD00174,35.02,21.43
ORD001969,1,PROD00147,1141.99,9.57
ORD001969,2,PROD00226,165.25,6.58
ORD001970,1,PROD00151,307.27,28.38
ORD001970,2,PROD00083,63.46,12.73
ORD001971,1,PROD00005,261.51,10.9
ORD001972,1,PROD00124,97.25,28.76
ORD001973,1,PROD00067,161.74,20.08
ORD001974,1,PROD00142,565.27,24.26
ORD001975,1,PROD00016,853.17,28.55
ORD001976,1,PROD00061,53.49,10.0
ORD001977,1,PROD00095,394.39,19.01
ORD001977,2,PROD00060,126.87,21.07
ORD001978,1,PROD00071,83.09,12.79
ORD001978,2,PROD00099,165.94,13.62
ORD001978,3,PROD00120,112.86,17.72
ORD001979,1,PROD00125,59.75,20.11
ORD001980,1,PROD00229,216.32,6.3
ORD001980,2,PROD00026,780.2,20.98
ORD001981,1,PROD00017,93.33,15.51
ORD001982,1,PROD00036,237.78,13.27
ORD001982,2,PROD00026,790.17,5.07
ORD001983,1,PROD00219,325.6,19.87
ORD001984,1,PROD00132,100.23,29.49
ORD001984,2,PROD00182,52.92,26.27
ORD001984,3,PROD00176,14.61,11.42
ORD001984,4,PROD00197,21.25,27.49
ORD001985,1,PROD00200,38.65,31.5
ORD001985,2,PROD00085,114.96,16.11
ORD001986,1,PROD00030,301.19,32.34
ORD001987,1,PROD00168,35.99,19.92
ORD001987,2,PROD00076,36.06,16.19
ORD001987,3,PROD00131,72.28,25.22
ORD001988,1,PROD00153,179.48,7.16
ORD001989,1,PROD00183,18.99,26.2
ORD001989,2,PROD00086,322.62,15.32
ORD001989,3,PROD00056,235.68,12.19
ORD001990,1,PROD00135,100.96,27.38
ORD001990,2,PROD00076,31.22,14.17
ORD001991,1,PROD00090,310.45,5.13
ORD001991,2,PROD00038,734.88,14.27
ORD001991,3,PROD00058,134.79,33.34
ORD001992,1,PROD00184,13.57,16.75
ORD001992,2,PROD00089,382.1,31.95
ORD001993,1,PROD00066,35.61,28.97
ORD001994,1,PROD00046,240.24,7.54
ORD001994,2,PROD00080,64.79,29.62
ORD001994,3,PROD00076,38.13,9.16
ORD001995,1,PROD00024,494.85,12.86
ORD001995,2,PROD00018,817.12,31.19
ORD001995,3,PROD00020,362.76,21.85
ORD001995,4,PROD00229,180.36,34.43
ORD001996,1,PROD00112,37.64,7.47
ORD001996,2,PROD00022,890.9,16.91
ORD001996,3,PROD00230,188.97,13.8
ORD001996,4,PROD00014,488.3,14.73
ORD001997,1,PROD00074,19.93,31.72
ORD001998,1,PROD00229,192.94,5.95
ORD001998,2,PROD00138,221.35,13.77
ORD001998,3,PROD00139,189.83,19.36
ORD001998,4,PROD00180,31.12,29.06
ORD001999,1,PROD00010,121.66,21.42
ORD002000,1,PROD00006,158.8,14.75
ORD002001,1,PROD00160,394.41,24.93
ORD002001,2,PROD00219,330.35,34.28
ORD002001,3,PROD00010,118.3,17.11
ORD002001,4,PROD00230,200.04,26.35
ORD002002,1,PROD00002,1001.66,22.19
ORD002003,1,PROD00121,48.74,6.45
ORD002003,2,PROD00168,35.28,6.43
ORD002003,3,PROD00080,69.88,25.11
ORD002004,1,PROD00067,146.47,33.09
ORD002004,2,PROD00193,52.24,28.88
ORD002004,3,PROD00094,123.91,16.6
ORD002004,4,PROD00014,481.92,33.92
ORD002005,1,PROD00225,313.53,7.0
ORD002006,1,PROD00216,34.1,15.63
ORD002006,2,PROD00164,31.64,25.97
ORD002006,3,PROD00046,234.35,27.73
ORD002007,1,PROD00129,22.04,5.0
ORD002007,2,PROD00170,17.09,17.25
ORD002008,1,PROD00038,744.65,29.76
ORD002009,1,PROD00096,345.29,15.25
ORD002009,2,PROD00061,55.3,27.72
ORD002010,1,PROD00137,1082.98,28.38
ORD002010,2,PROD00227,156.94,12.66
ORD002011,1,PROD00035,844.42,23.82
ORD002012,1,PROD00178,56.01,29.12
ORD002013,1,PROD00071,81.46,9.41
ORD002013,2,PROD00104,142.66,6.65
ORD002013,3,PROD00046,210.86,21.87
ORD002013,4,PROD00039,233.19,12.77
ORD002014,1,PROD00153,153.84,30.67
ORD002015,1,PROD00132,91.84,15.14
ORD002016,1,PROD00170,18.79,24.37
ORD002016,2,PROD00135,96.24,14.95
ORD002017,1,PROD00104,140.61,14.45
ORD002017,2,PROD00083,60.77,23.38
ORD002018,1,PROD00010,114.84,7.24
ORD002018,2,PROD00124,94.94,8.74
ORD002018,3,PROD00024,498.03,11.34
ORD002019,1,PROD00090,314.43,32.59
ORD002019,2,PROD00012,1278.9,22.95
ORD002020,1,PROD00089,365.75,6.7
ORD002020,2,PROD00056,224.08,12.16
ORD002021,1,PROD00207,46.47,14.67
ORD002022,1,PROD00023,581.35,27.87
ORD002023,1,PROD00072,51.65,32.77
ORD002023,2,PROD00110,136.69,18.09
ORD002024,1,PROD00120,125.9,26.27
ORD002024,2,PROD00001,921.59,21.89
ORD002025,1,PROD00073,105.35,13.18
ORD002026,1,PROD00155,487.41,16.38
ORD002026,2,PROD00162,1025.97,13.82
ORD002027,1,PROD00201,30.13,33.06
ORD002028,1,PROD00057,96.52,18.41
ORD002028,2,PROD00074,21.53,5.41
ORD002028,3,PROD00137,1076.25,14.84
ORD002029,1,PROD00018,757.64,26.62
ORD002029,2,PROD00024,479.38,7.9
ORD002030,1,PROD00138,217.0,7.97
ORD002030,2,PROD00212,67.49,21.1
ORD002031,1,PROD00189,16.75,6.14
ORD002032,1,PROD00018,711.42,6.26
ORD002032,2,PROD00149,1366.27,34.07
ORD002032,3,PROD00028,886.79,11.73
ORD002033,1,PROD00127,76.16,16.3
ORD002034,1,PROD00238,180.12,9.37
ORD002034,2,PROD00237,187.48,24.97
ORD002034,3,PROD00160,377.91,19.42
ORD002035,1,PROD00030,348.19,27.76
ORD002035,2,PROD00049,41.66,28.03
ORD002035,3,PROD00011,571.91,22.68
ORD002036,1,PROD00053,159.47,12.31
ORD002037,1,PROD00121,45.89,11.8
ORD002038,1,PROD00080,68.97,10.8
ORD002038,2,PROD00043,166.5,20.21
ORD002039,1,PROD00077,155.21,27.2
ORD002040,1,PROD00022,864.79,11.58
ORD002040,2,PROD00079,45.08,20.61
ORD002040,3,PROD00006,143.51,13.85
ORD002041,1,PROD00207,55.9,17.26
ORD002041,2,PROD00034,829.23,32.09
ORD002042,1,PROD00086,361.53,26.94
ORD002042,2,PROD00180,33.18,29.57
ORD002043,1,PROD00079,46.35,17.92
ORD002044,1,PROD00025,202.71,29.75
ORD002044,2,PROD00229,183.99,14.78
ORD002044,3,PROD00020,354.18,10.61
ORD002045,1,PROD00229,216.81,16.45
ORD002046,1,PROD00001,893.49,22.8
ORD002046,2,PROD00025,187.72,6.96
ORD002047,1,PROD00033,580.35,16.66
ORD002047,2,PROD00053,155.09,6.15
ORD002048,1,PROD00065,82.05,6.01
ORD002048,2,PROD00107,31.74,8.15
ORD002049,1,PROD00082,26.3,7.81
ORD002050,1,PROD00157,983.61,13.05
ORD002051,1,PROD00223,35.81,14.93
ORD002051,2,PROD00189,17.14,33.75
ORD002052,1,PROD00131,70.3,15.87
ORD002053,1,PROD00161,1060.4,8.33
ORD002053,2,PROD00046,221.65,16.77
ORD002054,1,PROD00033,504.74,15.71
ORD002055,1,PROD00066,35.39,10.12
ORD002056,1,PROD00028,845.52,26.05
ORD002057,1,PROD00064,17.01,9.72
ORD002057,2,PROD00110,149.22,16.47
ORD002057,3,PROD00193,46.83,25.14
ORD002058,1,PROD00154,706.7,30.18
ORD002058,2,PROD00099,175.85,26.01
ORD002059,1,PROD00018,688.67,22.76
ORD002060,1,PROD00057,98.03,15.04
ORD002061,1,PROD00129,22.02,28.56
ORD002061,2,PROD00168,36.23,28.66
ORD002061,3,PROD00165,11.19,30.88
ORD002062,1,PROD00115,65.83,5.7
ORD002062,2,PROD00186,12.41,25.34
ORD002062,3,PROD00167,52.4,31.04
ORD002063,1,PROD00154,710.92,23.74
ORD002064,1,PROD00055,161.72,26.01
ORD002065,1,PROD00142,610.2,18.69
ORD002065,2,PROD00238,177.88,9.67
ORD002065,3,PROD00080,62.54,8.0
ORD002065,4,PROD00238,183.16,13.89
ORD002066,1,PROD00103,402.91,27.63
ORD002067,1,PROD00157,1058.12,13.74
ORD002068,1,PROD00098,368.22,7.26
ORD002069,1,PROD00071,79.21,15.67
ORD002069,2,PROD00040,235.57,28.72
ORD002069,3,PROD00230,170.67,8.26
ORD002069,4,PROD00052,168.88,11.55
ORD002070,1,PROD00139,169.33,20.39
ORD002071,1,PROD00098,379.58,29.73
ORD002072,1,PROD00033,514.52,17.41
ORD002072,2,PROD00108,89.86,31.31
ORD002073,1,PROD00081,112.87,24.36
ORD002074,1,PROD00040,218.35,31.61
ORD002075,1,PROD00149,1447.01,30.47
ORD002076,1,PROD00098,380.44,6.54
ORD002077,1,PROD00217,224.35,15.97
ORD002077,2,PROD00148,1639.69,22.34
ORD002078,1,PROD00049,47.83,23.52
ORD002078,2,PROD00181,56.54,30.23
ORD002078,3,PROD00081,106.0,11.71
ORD002079,1,PROD00052,189.43,10.53
ORD002080,1,PROD00170,18.1,6.71
ORD002081,1,PROD00044,89.25,24.78
ORD002082,1,PROD00226,178.06,13.79
ORD002082,2,PROD00183,18.27,17.9
ORD002083,1,PROD00163,33.93,26.0
ORD002084,1,PROD00035,820.35,10.03
ORD002085,1,PROD00076,34.76,22.96
ORD002085,2,PROD00109,313.52,26.57
ORD002085,3,PROD00225,248.74,21.91
ORD002085,4,PROD00091,212.17,14.46
ORD002086,1,PROD00178,59.28,24.28
ORD002087,1,PROD00049,52.26,17.86
ORD002087,2,PROD00068,95.12,33.73
ORD002088,1,PROD00109,334.94,5.8
ORD002088,2,PROD00065,75.93,7.36
ORD002089,1,PROD00187,48.87,15.5
ORD002090,1,PROD00130,118.69,9.85
ORD002090,2,PROD00177,11.43,28.16
ORD002090,3,PROD00183,21.67,11.92
ORD002090,4,PROD00025,195.48,32.62
ORD002091,1,PROD00164,28.36,13.95
ORD002092,1,PROD00070,134.94,19.81
ORD002093,1,PROD00239,223.17,29.63
ORD002093,2,PROD00188,50.59,10.94
ORD002093,3,PROD00140,145.16,29.79
ORD002094,1,PROD00083,54.88,17.77
ORD002095,1,PROD00023,591.79,18.89
ORD002096,1,PROD00155,503.86,8.93
ORD002097,1,PROD00192,45.31,22.56
ORD002098,1,PROD00184,15.48,28.56
ORD002098,2,PROD00075,135.07,29.45
ORD002098,3,PROD00067,142.35,21.76
ORD002099,1,PROD00202,8.26,15.12
ORD002100,1,PROD00182,53.49,26.15
ORD002100,2,PROD00135,107.43,29.42
ORD002101,1,PROD00197,25.41,25.44
ORD002102,1,PROD00132,99.85,29.46
ORD002102,2,PROD00111,45.8,5.29
ORD002102,3,PROD00177,11.21,9.57
ORD002102,4,PROD00204,84.53,20.99
ORD002103,1,PROD00209,62.84,27.87
ORD002104,1,PROD00114,77.21,6.46
ORD002104,2,PROD00173,30.53,8.02
ORD002104,3,PROD00072,59.41,24.4
ORD002104,4,PROD00179,26.68,26.44
ORD002105,1,PROD00235,263.62,23.69
ORD002106,1,PROD00042,118.74,14.17
ORD002107,1,PROD00163,35.2,7.7
ORD002108,1,PROD00133,87.29,13.66
ORD002109,1,PROD00181,65.11,28.85
ORD002109,2,PROD00057,88.17,19.5
ORD002110,1,PROD00021,814.65,8.19
ORD002111,1,PROD00092,126.1,18.61
ORD002111,2,PROD00230,177.98,14.46
ORD002111,3,PROD00036,198.97,13.39
ORD002111,4,PROD00008,1177.89,6.11
ORD002112,1,PROD00002,1024.05,13.7
ORD002112,2,PROD00023,562.6,20.14
ORD002113,1,PROD00010,114.95,5.6
ORD002113,2,PROD00124,117.45,29.9
ORD002114,1,PROD00104,146.72,5.75
ORD002115,1,PROD00226,161.54,28.11
ORD002116,1,PROD00128,81.13,33.67
ORD002117,1,PROD00005,219.63,13.25
ORD002118,1,PROD00031,291.48,33.15
ORD002118,2,PROD00121,58.03,34.86
ORD002119,1,PROD00147,1394.63,17.2
ORD002119,2,PROD00074,20.63,15.02
ORD002119,3,PROD00132,99.88,11.99
ORD002120,1,PROD00002,920.76,11.3
ORD002120,2,PROD00055,178.5,25.8
ORD002121,1,PROD00085,119.47,25.94
ORD002122,1,PROD00201,24.77,10.3
ORD002123,1,PROD00045,105.52,13.01
ORD002123,2,PROD00078,116.68,34.41
ORD002123,3,PROD00064,17.43,20.71
ORD002123,4,PROD00173,29.04,21.19
ORD002124,1,PROD00054,66.28,7.56
ORD002125,1,PROD00032,365.6,13.33
ORD002125,2,PROD00019,110.48,18.54
ORD002126,1,PROD00121,48.44,23.12
ORD002127,1,PROD00120,123.59,13.26
ORD002128,1,PROD00200,40.22,17.37
ORD002128,2,PROD00004,619.33,22.53
ORD002129,1,PROD00023,671.04,30.59
ORD002129,2,PROD00029,211.25,20.32
ORD002129,3,PROD00001,1083.32,30.94
ORD002129,4,PROD00046,195.11,25.13
ORD002130,1,PROD00028,901.17,30.19
ORD002130,2,PROD00008,1219.52,6.0
ORD002130,3,PROD00032,377.13,16.24
ORD002131,1,PROD00196,77.09,8.66
ORD002131,2,PROD00195,26.34,16.62
ORD002132,1,PROD00069,64.91,8.76
ORD002133,1,PROD00060,137.76,21.66
ORD002133,2,PROD00217,253.13,20.85
ORD002134,1,PROD00087,69.53,34.56
ORD002135,1,PROD00010,97.36,21.62
ORD002135,2,PROD00028,922.01,34.59
ORD002136,1,PROD00135,97.17,32.94
ORD002136,2,PROD00218,39.14,26.91
ORD002136,3,PROD00064,15.99,11.08
ORD002137,1,PROD00048,29.18,19.17
ORD002137,2,PROD00063,119.52,24.48
ORD002137,3,PROD00047,71.05,19.57
ORD002138,1,PROD00011,529.88,12.17
ORD002138,2,PROD00029,246.58,24.07
ORD002138,3,PROD00007,1186.93,34.92
ORD002138,4,PROD00022,866.62,24.38
ORD002139,1,PROD00009,758.56,14.31
ORD002140,1,PROD00163,30.03,12.65
ORD002141,1,PROD00013,189.78,30.82
ORD002141,2,PROD00173,30.34,31.24
ORD002142,1,PROD00048,30.07,31.85
ORD002142,2,PROD00072,59.86,27.48
ORD002143,1,PROD00050,61.76,17.66
ORD002144,1,PROD00238,175.93,23.64
ORD002145,1,PROD00017,94.55,5.56
ORD002145,2,PROD00124,117.92,14.88
ORD002145,3,PROD00024,492.57,32.23
ORD002146,1,PROD00167,47.9,15.09
ORD002146,2,PROD00007,1179.99,6.28
ORD002146,3,PROD00117,94.16,20.7
ORD002147,1,PROD00096,353.37,33.96
ORD002148,1,PROD00227,164.92,16.15
ORD002148,2,PROD00155,410.91,28.82
ORD002149,1,PROD00210,69.43,29.15
ORD002150,1,PROD00040,223.42,33.83
ORD002150,2,PROD00082,31.19,32.79
ORD002150,3,PROD00077,168.22,23.47
ORD002150,4,PROD00117,96.0,7.83
ORD002151,1,PROD00093,431.81,28.12
ORD002151,2,PROD00083,62.64,29.62
ORD002151,3,PROD00062,43.2,24.56
ORD002151,4,PROD00224,183.1,9.6
ORD002152,1,PROD00078,120.94,6.01
ORD002153,1,PROD00140,127.02,13.7
ORD002154,1,PROD00102,271.92,12.07
ORD002155,1,PROD00028,780.72,15.16
ORD002156,1,PROD00188,50.4,9.0
ORD002156,2,PROD00024,497.83,22.96
ORD002157,1,PROD00017,98.78,21.98
ORD002158,1,PROD00214,64.81,32.33
ORD002158,2,PROD00095,397.05,19.65
ORD002159,1,PROD00038,661.37,16.39
ORD002159,2,PROD00015,612.24,26.55
ORD002159,3,PROD00011,570.02,19.39
ORD002160,1,PROD00233,329.96,23.37
ORD002161,1,PROD00037,812.54,20.11
ORD002162,1,PROD00030,336.22,23.67
ORD002162,2,PROD00019,98.37,31.3
ORD002162,3,PROD00013,187.08,6.07
ORD002163,1,PROD00131,71.2,22.09
ORD002164,1,PROD00064,17.1,29.57
ORD002165,1,PROD00045,117.07,21.04
ORD002165,2,PROD00072,49.09,30.25
ORD002165,3,PROD00065,81.35,17.17
ORD002165,4,PROD00196,66.96,5.58
ORD002166,1,PROD00149,1447.72,31.15
ORD002167,1,PROD00208,23.13,14.29
ORD002167,2,PROD00012,1177.48,26.2
ORD002168,1,PROD00153,170.01,9.36
ORD002168,2,PROD00219,336.02,14.42
ORD002169,1,PROD00003,597.74,27.01
ORD002170,1,PROD00150,736.21,13.85
ORD002171,1,PROD00095,419.93,20.41
ORD002172,1,PROD00057,83.49,33.04
ORD002173,1,PROD00072,49.23,17.17
ORD002173,2,PROD00100,330.81,22.28
ORD002174,1,PROD00121,47.77,17.43
ORD002175,1,PROD00204,69.92,26.19
ORD002176,1,PROD00035,868.96,8.73
ORD002177,1,PROD00201,25.6,27.23
ORD002177,2,PROD00032,340.0,13.49
ORD002178,1,PROD00148,1602.79,25.75
ORD002178,2,PROD00063,139.18,16.56
ORD002178,3,PROD00029,231.99,10.72
ORD002178,4,PROD00156,244.56,22.67
ORD002179,1,PROD00174,32.67,15.7
ORD002179,2,PROD00172,43.26,15.02
ORD002180,1,PROD00100,347.92,8.85
ORD002181,1,PROD00104,125.14,9.36
ORD002182,1,PROD00188,48.47,5.15
ORD002183,1,PROD00143,1394.0,34.01
ORD002184,1,PROD00166,14.12,11.99
ORD002184,2,PROD00113,56.9,9.15
ORD002184,3,PROD00218,43.21,22.71
ORD002184,4,PROD00090,335.25,31.86
ORD002185,1,PROD00223,35.47,21.81
ORD002185,2,PROD00225,297.59,19.9
ORD002186,1,PROD00159,484.77,24.25
ORD002186,2,PROD00142,620.0,26.02
ORD002187,1,PROD00115,71.51,13.04
ORD002188,1,PROD00092,101.18,25.28
ORD002188,2,PROD00058,131.18,29.05
ORD002189,1,PROD00145,141.81,10.3
ORD002189,2,PROD00228,45.11,12.3
ORD002190,1,PROD00202,9.25,16.4
ORD002190,2,PROD00135,93.1,17.5
ORD002190,3,PROD00073,94.92,7.64
ORD002190,4,PROD00108,105.11,12.95
ORD002191,1,PROD00013,198.8,23.18
ORD002191,2,PROD00046,197.54,17.89
ORD002192,1,PROD00054,67.35,5.78
ORD002192,2,PROD00055,154.87,17.62
ORD002192,3,PROD00128,88.42,32.88
ORD002193,1,PROD00036,217.77,34.69
ORD002194,1,PROD00219,279.91,10.88
ORD002194,2,PROD00223,38.88,10.08
ORD002195,1,PROD00214,56.33,29.55
ORD002195,2,PROD00196,80.42,34.39
ORD002196,1,PROD00036,200.74,5.19
ORD002196,2,PROD00084,384.32,8.07
ORD002197,1,PROD00221,304.15,27.38
ORD002197,2,PROD00115,60.93,11.01
ORD002197,3,PROD00159,467.13,30.51
ORD002198,1,PROD00073,93.61,22.77
ORD002199,1,PROD00227,143.2,10.26
ORD002199,2,PROD00143,1548.72,26.17
ORD002199,3,PROD00203,68.45,6.18
ORD002200,1,PROD00214,52.69,8.61
ORD002201,1,PROD00093,445.51,20.84
ORD002201,2,PROD00068,91.84,31.72
ORD002202,1,PROD00111,52.19,19.53
ORD002202,2,PROD00112,37.03,26.71
ORD002203,1,PROD00005,262.3,17.17
ORD002203,2,PROD00235,306.11,25.13
ORD002203,3,PROD00130,116.24,17.13
ORD002204,1,PROD00123,121.43,11.25
ORD002205,1,PROD00196,76.09,12.86
ORD002206,1,PROD00192,52.02,16.43
ORD002207,1,PROD00096,333.34,28.97
ORD002207,2,PROD00064,16.06,34.6
ORD002208,1,PROD00025,225.01,19.32
ORD002208,2,PROD00011,496.45,23.5
ORD002208,3,PROD00125,58.87,32.94
ORD002209,1,PROD00138,214.96,25.26
ORD002209,2,PROD00222,207.33,13.56
ORD002209,3,PROD00184,14.25,10.01
ORD002209,4,PROD00089,366.99,12.19
ORD002210,1,PROD00080,70.34,19.32
ORD002211,1,PROD00126,47.98,20.53
ORD002212,1,PROD00063,115.07,14.78
ORD002212,2,PROD00041,113.73,34.67
ORD002212,3,PROD00199,31.91,24.08
ORD002213,1,PROD00046,204.95,30.78
ORD002213,2,PROD00157,989.95,9.68
ORD002213,3,PROD00074,22.74,13.23
ORD002214,1,PROD00177,11.96,5.24
ORD002215,1,PROD00069,71.77,9.52
ORD002215,2,PROD00055,178.97,21.73
ORD002216,1,PROD00063,127.85,15.38
ORD002217,1,PROD00230,178.37,15.26
ORD002218,1,PROD00195,23.29,16.37
ORD002219,1,PROD00167,60.38,34.86
ORD002220,1,PROD00097,140.22,19.57
ORD002221,1,PROD00024,541.61,13.36
ORD002222,1,PROD00196,77.76,6.85
ORD002222,2,PROD00007,1108.53,9.27
ORD002222,3,PROD00149,1454.43,34.58
ORD002222,4,PROD00027,777.16,25.09
ORD002223,1,PROD00129,20.75,31.98
ORD002224,1,PROD00154,774.2,23.36
ORD002225,1,PROD00055,142.83,12.67
ORD002225,2,PROD00080,64.12,33.38
ORD002225,3,PROD00079,48.16,21.69
ORD002226,1,PROD00030,306.52,34.57
ORD002227,1,PROD00039,239.55,11.41
ORD002228,1,PROD00015,681.0,19.15
ORD002229,1,PROD00189,16.15,14.91
ORD002230,1,PROD00209,63.13,20.55
ORD002231,1,PROD00055,148.05,10.03
ORD002231,2,PROD00235,308.6,18.58
ORD002232,1,PROD00036,221.92,9.99
ORD002233,1,PROD00023,679.2,14.52
ORD002234,1,PROD00172,39.64,17.05
ORD002234,2,PROD00033,539.95,14.48
ORD002235,1,PROD00148,1320.46,30.06
ORD002236,1,PROD00116,62.21,27.0
ORD002236,2,PROD00176,14.62,21.56
ORD002236,3,PROD00044,79.88,12.61
ORD002237,1,PROD00134,45.96,8.01
ORD002238,1,PROD00204,80.5,22.65
ORD002239,1,PROD00211,88.92,32.66
ORD002239,2,PROD00019,107.06,11.97
ORD002240,1,PROD00175,45.25,16.31
ORD002240,2,PROD00065,74.3,11.31
ORD002240,3,PROD00009,792.99,28.96
ORD002241,1,PROD00093,444.42,24.25
ORD002242,1,PROD00185,16.31,11.13
ORD002242,2,PROD00054,64.17,10.76
ORD002242,3,PROD00214,53.18,33.6
ORD002242,4,PROD00128,90.93,24.14
ORD002243,1,PROD00174,35.45,15.85
ORD002244,1,PROD00187,48.74,13.14
ORD002244,2,PROD00114,80.52,33.29
ORD002244,3,PROD00127,67.39,32.69
ORD002244,4,PROD00230,195.69,25.13
ORD002245,1,PROD00027,730.48,31.42
ORD002246,1,PROD00142,517.23,5.03
ORD002247,1,PROD00085,103.23,32.43
ORD002248,1,PROD00022,801.76,9.5
ORD002249,1,PROD00183,21.0,27.55
ORD002250,1,PROD00034,705.69,17.78
ORD002251,1,PROD00229,203.03,17.57
ORD002252,1,PROD00051,147.09,16.51
ORD002252,2,PROD00058,136.86,32.65
ORD002253,1,PROD00139,191.31,7.58
ORD002254,1,PROD00011,539.89,18.19
ORD002255,1,PROD00037,810.18,18.72
ORD002255,2,PROD00024,464.5,18.95
ORD002256,1,PROD00180,32.99,10.44
ORD002256,2,PROD00132,93.02,22.07
ORD002256,3,PROD00118,12.84,32.57
ORD002256,4,PROD00026,688.43,24.84
ORD002257,1,PROD00030,302.26,20.7
ORD002258,1,PROD00006,133.16,11.08
ORD002259,1,PROD00077,167.6,14.87
ORD002259,2,PROD00168,32.08,17.08
ORD002260,1,PROD00139,183.41,10.0
ORD002260,2,PROD00107,29.84,6.46
ORD002260,3,PROD00195,23.82,29.26
ORD002261,1,PROD00184,15.35,16.04
ORD002262,1,PROD00079,53.53,22.14
ORD002262,2,PROD00092,112.86,30.77
ORD002263,1,PROD00015,551.98,22.84
ORD002263,2,PROD00033,545.7,16.01
ORD002263,3,PROD00007,1267.14,29.02
ORD002264,1,PROD00079,51.99,11.48
ORD002265,1,PROD00090,273.69,11.97
ORD002265,2,PROD00072,59.99,29.54
ORD002266,1,PROD00078,112.57,12.47
ORD002266,2,PROD00104,139.54,7.62
ORD002266,3,PROD00105,235.26,28.59
ORD002267,1,PROD00175,40.09,21.97
ORD002268,1,PROD00150,612.88,8.5
ORD002269,1,PROD00077,163.12,17.7
ORD002270,1,PROD00059,142.93,33.5
ORD002270,2,PROD00214,64.06,24.63
ORD002271,1,PROD00046,238.87,16.18
ORD002271,2,PROD00224,189.18,17.82
ORD002272,1,PROD00041,112.71,26.73
ORD002273,1,PROD00071,91.36,28.96
ORD002273,2,PROD00084,355.88,14.27
ORD002274,1,PROD00068,84.03,25.77
ORD002275,1,PROD00041,123.24,17.47
ORD002276,1,PROD00042,99.13,14.4
ORD002276,2,PROD00006,136.46,8.77
ORD002277,1,PROD00071,78.14,21.33
ORD002277,2,PROD00087,57.69,30.01
ORD002277,3,PROD00110,153.77,27.67
ORD002277,4,PROD00094,135.59,11.59
ORD002278,1,PROD00234,333.17,33.06
ORD002278,2,PROD00045,97.52,7.4
ORD002279,1,PROD00096,321.34,31.14
ORD002279,2,PROD00193,49.25,34.26
ORD002279,3,PROD00065,76.96,7.41
ORD002280,1,PROD00042,108.07,23.62
ORD002281,1,PROD00227,147.79,22.41
ORD002282,1,PROD00001,896.94,15.41
ORD002283,1,PROD00210,84.18,17.47
ORD002283,2,PROD00217,278.81,6.92
ORD002283,3,PROD00196,78.53,14.32
ORD002284,1,PROD00029,219.13,23.63
ORD002285,1,PROD00184,14.93,16.46
ORD002285,2,PROD00119,33.58,17.28
ORD002286,1,PROD00122,118.66,17.92
ORD002286,2,PROD00164,27.24,33.38
ORD002287,1,PROD00169,35.17,17.75
ORD002288,1,PROD00199,37.43,34.82
ORD002288,2,PROD00126,51.24,26.54
ORD002289,1,PROD00185,15.6,14.49
ORD002289,2,PROD00128,87.66,16.47
ORD002290,1,PROD00116,68.4,21.94
ORD002291,1,PROD00139,161.06,20.1
ORD002291,2,PROD00236,316.77,6.34
ORD002292,1,PROD00237,191.32,25.3
ORD002292,2,PROD00158,1405.95,32.47
ORD002293,1,PROD00211,78.57,16.95
ORD002294,1,PROD00011,523.23,13.5
ORD002295,1,PROD00021,792.42,18.06
ORD002295,2,PROD00238,177.0,12.97
ORD002295,3,PROD00037,752.35,31.85
ORD002296,1,PROD00173,31.01,31.3
ORD002297,1,PROD00077,160.99,24.21
ORD002297,2,PROD00057,88.35,25.36
ORD002297,3,PROD00053,164.94,13.27
ORD002298,1,PROD00206,12.22,31.04
ORD002298,2,PROD00055,168.53,10.13
ORD002298,3,PROD00133,82.51,8.31
ORD002298,4,PROD00065,81.04,25.18
ORD002299,1,PROD00077,143.32,13.22
ORD002300,1,PROD00172,42.79,15.62
ORD002300,2,PROD00052,203.97,6.63
ORD002301,1,PROD00041,111.8,32.92
ORD002302,1,PROD00062,47.73,21.78
ORD002303,1,PROD00232,285.95,22.53
ORD002304,1,PROD00142,612.04,23.72
ORD002305,1,PROD00013,175.21,23.5
ORD002305,2,PROD00040,241.04,9.05
ORD002306,1,PROD00053,145.82,11.29
ORD002307,1,PROD00221,273.2,22.63
ORD002308,1,PROD00146,820.08,29.39
ORD002308,2,PROD00074,20.46,32.77
ORD002309,1,PROD00210,80.19,19.73
ORD002310,1,PROD00160,393.54,33.98
ORD002310,2,PROD00065,68.26,7.22
ORD002310,3,PROD00227,149.56,31.44
ORD002311,1,PROD00224,173.87,18.55
ORD002312,1,PROD00056,236.61,21.18
ORD002313,1,PROD00079,48.63,28.4
ORD002314,1,PROD00046,204.85,15.24
ORD002315,1,PROD00123,121.42,13.11
ORD002316,1,PROD00094,123.99,10.94
ORD002317,1,PROD00015,672.1,30.98
ORD002317,2,PROD00022,806.53,21.43
ORD002318,1,PROD00178,52.52,8.23
ORD002319,1,PROD00169,38.45,33.13
ORD002320,1,PROD00078,110.22,31.01
ORD002320,2,PROD00088,178.88,23.21
ORD002320,3,PROD00043,188.69,17.76
ORD002320,4,PROD00168,30.96,15.5
ORD002321,1,PROD00128,84.92,14.72
ORD002322,1,PROD00046,238.25,12.98
ORD002323,1,PROD00086,341.1,19.04
ORD002324,1,PROD00213,65.37,14.18
ORD002324,2,PROD00031,307.03,24.58
ORD002325,1,PROD00007,1280.19,20.67
ORD002326,1,PROD00052,162.83,19.9
ORD002327,1,PROD00020,327.7,19.16
ORD002328,1,PROD00048,28.47,21.21
ORD002329,1,PROD00154,642.24,30.28
ORD002330,1,PROD00028,775.73,18.26
ORD002331,1,PROD00161,1009.66,29.04
ORD002331,2,PROD00024,483.76,9.41
ORD002332,1,PROD00229,206.48,15.44
ORD002333,1,PROD00195,22.62,19.23
ORD002334,1,PROD00036,237.68,17.72
ORD002335,1,PROD00206,12.28,25.77
ORD002335,2,PROD00134,47.11,24.99
ORD002335,3,PROD00214,62.13,17.38
ORD002335,4,PROD00016,863.07,6.41
ORD002336,1,PROD00082,26.23,10.13
ORD002336,2,PROD00096,337.07,20.09
ORD002337,1,PROD00192,45.53,25.44
ORD002337,2,PROD00155,419.28,27.32
ORD002337,3,PROD00088,163.86,25.62
ORD002338,1,PROD00107,36.28,30.3
ORD002338,2,PROD00009,789.25,11.2
ORD002339,1,PROD00204,83.08,22.34
ORD002339,2,PROD00150,750.75,7.33
ORD002340,1,PROD00148,1496.68,25.54
ORD002340,2,PROD00103,371.73,33.1
ORD002341,1,PROD00024,490.98,28.46
ORD002342,1,PROD00221,275.85,10.01
ORD002343,1,PROD00028,852.91,15.78
ORD002344,1,PROD00007,1022.33,6.77
ORD002344,2,PROD00058,126.62,32.37
ORD002345,1,PROD00107,33.8,27.78
ORD002346,1,PROD00232,273.9,31.45
ORD002347,1,PROD00203,73.78,15.78
ORD002348,1,PROD00213,65.28,7.24
ORD002349,1,PROD00229,221.12,27.41
ORD002350,1,PROD00031,292.64,6.79
ORD002350,2,PROD00021,870.06,8.3
ORD002351,1,PROD00113,54.48,9.95
ORD002351,2,PROD00191,33.77,31.99
ORD002352,1,PROD00175,48.68,33.27
ORD002352,2,PROD00116,66.61,19.86
ORD002353,1,PROD00052,176.19,29.18
ORD002354,1,PROD00160,366.1,6.95
ORD002355,1,PROD00233,300.62,22.16
ORD002355,2,PROD00033,540.7,30.06
ORD002355,3,PROD00158,1488.77,12.83
ORD002355,4,PROD00137,977.84,30.19
ORD002356,1,PROD00203,70.96,21.14
ORD002357,1,PROD00046,202.78,29.36
ORD002357,2,PROD00023,552.93,20.9
ORD002358,1,PROD00237,173.83,24.92
ORD002359,1,PROD00080,70.65,7.47
ORD002360,1,PROD00009,763.18,25.86
ORD002360,2,PROD00125,51.81,9.87
ORD002360,3,PROD00026,729.86,26.71
ORD002361,1,PROD00143,1581.98,14.51
ORD002362,1,PROD00129,22.02,12.93
ORD002362,2,PROD00001,889.4,5.06
ORD002363,1,PROD00187,57.26,30.78
ORD002364,1,PROD00183,19.39,10.94
ORD002364,2,PROD00202,9.05,13.6
ORD002365,1,PROD00113,54.32,27.38
ORD002366,1,PROD00090,271.73,31.41
ORD002366,2,PROD00195,27.04,22.26
ORD002367,1,PROD00198,56.68,30.54
ORD002368,1,PROD00152,1422.49,24.3
ORD002368,2,PROD00105,208.8,28.96
ORD002368,3,PROD00208,22.84,14.36
ORD002368,4,PROD00226,167.16,19.84
ORD002369,1,PROD00214,53.98,21.34
ORD002370,1,PROD00166,11.98,16.5
ORD002371,1,PROD00135,111.54,8.45
ORD002371,2,PROD00221,282.8,15.93
ORD002372,1,PROD00159,495.36,32.46
ORD002373,1,PROD00051,135.61,8.2
ORD002374,1,PROD00136,225.61,9.79
ORD002374,2,PROD00016,853.81,5.23
ORD002375,1,PROD00061,55.1,15.67
ORD002376,1,PROD00187,59.13,21.27
ORD002377,1,PROD00206,11.24,25.24
ORD002378,1,PROD00210,85.79,23.44
ORD002378,2,PROD00159,491.12,15.78
ORD002378,3,PROD00195,25.53,6.67
ORD002379,1,PROD00012,1336.45,13.48
ORD002380,1,PROD00005,230.96,14.4
ORD002380,2,PROD00054,61.02,12.73
ORD002380,3,PROD00017,97.0,33.38
ORD002381,1,PROD00177,10.57,10.26
ORD002382,1,PROD00117,86.42,20.64
ORD002383,1,PROD00007,1035.71,17.11
ORD002384,1,PROD00081,104.21,11.76
ORD002385,1,PROD00007,1093.08,25.71
ORD002385,2,PROD00030,350.85,8.91
ORD002385,3,PROD00204,81.85,15.01
ORD002386,1,PROD00114,83.86,17.06
ORD002387,1,PROD00003,593.0,32.4
ORD002387,2,PROD00031,302.3,25.32
ORD002387,3,PROD00024,532.17,24.79
ORD002388,1,PROD00193,49.59,6.47
ORD002389,1,PROD00138,206.79,34.83
ORD002390,1,PROD00217,258.48,29.11
ORD002390,2,PROD00118,11.96,12.83
ORD002390,3,PROD00151,331.99,32.9
ORD002390,4,PROD00025,209.32,6.43
ORD002391,1,PROD00059,139.59,23.33
ORD002391,2,PROD00047,81.9,28.53
ORD002391,3,PROD00079,42.78,5.91
ORD002392,1,PROD00112,37.92,29.24
ORD002393,1,PROD00169,37.7,20.94
ORD002394,1,PROD00109,337.08,16.32
ORD002395,1,PROD00070,159.33,32.04
ORD002395,2,PROD00127,67.94,25.04
ORD002396,1,PROD00151,283.52,14.7
ORD002397,1,PROD00032,393.89,27.48
ORD002397,2,PROD00020,345.88,25.46
ORD002397,3,PROD00200,39.96,16.47
ORD002397,4,PROD00012,1163.91,12.14
ORD002398,1,PROD00227,158.57,29.67
ORD002399,1,PROD00050,66.37,16.47
ORD002400,1,PROD00202,8.41,11.01
ORD002400,2,PROD00112,41.47,8.28
ORD002401,1,PROD00227,138.09,11.77
ORD002402,1,PROD00163,30.37,17.03
ORD002403,1,PROD00034,673.92,30.26
ORD002403,2,PROD00005,230.98,9.37
ORD002404,1,PROD00077,169.73,9.25
ORD002404,2,PROD00179,28.65,10.12
ORD002405,1,PROD00158,1510.37,12.29
ORD002405,2,PROD00224,168.96,22.98
ORD002406,1,PROD00231,114.44,23.15
ORD002406,2,PROD00155,456.16,21.45
ORD002406,3,PROD00038,750.0,29.52
ORD002406,4,PROD00149,1434.84,23.49
ORD002407,1,PROD00039,218.01,15.71
ORD002408,1,PROD00217,248.76,33.55
ORD002408,2,PROD00218,43.2,24.82
ORD002408,3,PROD00238,148.03,17.01
ORD002409,1,PROD00029,239.69,32.22
ORD002409,2,PROD00126,41.69,9.36
ORD002409,3,PROD00213,53.35,33.06
ORD002410,1,PROD00113,54.64,15.64
ORD002411,1,PROD00230,188.78,23.88
ORD002412,1,PROD00025,230.03,12.65
ORD002413,1,PROD00199,37.02,25.41
ORD002414,1,PROD00117,94.12,23.86
ORD002415,1,PROD00017,87.41,16.27
ORD002415,2,PROD00038,697.89,26.1
ORD002416,1,PROD00062,45.02,7.32
ORD002416,2,PROD00054,61.13,27.78
ORD002417,1,PROD00172,39.16,12.57
ORD002418,1,PROD00098,366.11,12.84
ORD002418,2,PROD00015,620.4,15.85
ORD002419,1,PROD00178,65.15,23.97
ORD002420,1,PROD00091,250.85,28.03
ORD002420,2,PROD00045,110.77,29.62
ORD002420,3,PROD00003,581.16,29.81
ORD002421,1,PROD00176,13.74,34.71
ORD002422,1,PROD00063,119.51,28.99
ORD002422,2,PROD00094,120.04,14.37
ORD002422,3,PROD00096,387.64,17.37
ORD002423,1,PROD00143,1534.01,12.82
ORD002424,1,PROD00157,1089.34,33.14
ORD002424,2,PROD00232,295.51,34.64
ORD002424,3,PROD00184,16.78,21.41
ORD002425,1,PROD00018,673.07,8.49
ORD002425,2,PROD00024,449.03,27.62
ORD002425,3,PROD00032,338.74,5.73
ORD002426,1,PROD00057,94.14,7.47
ORD002427,1,PROD00113,52.56,14.89
ORD002428,1,PROD00229,182.27,33.18
ORD002428,2,PROD00158,1349.53,32.53
ORD002428,3,PROD00159,421.82,32.23
ORD002429,1,PROD00210,75.04,6.44
ORD002430,1,PROD00097,135.29,22.48
ORD002430,2,PROD00046,240.0,15.48
ORD002431,1,PROD00139,176.7,33.58
ORD002432,1,PROD00138,226.29,19.87
ORD002432,2,PROD00220,119.26,17.43
ORD002432,3,PROD00173,28.26,11.37
ORD002433,1,PROD00117,88.2,10.39
ORD002434,1,PROD00181,54.1,23.95
ORD002434,2,PROD00122,125.79,24.39
ORD002435,1,PROD00011,580.52,18.11
ORD002436,1,PROD00208,22.3,30.44
ORD002437,1,PROD00067,131.57,8.01
ORD002437,2,PROD00085,103.89,12.38
ORD002438,1,PROD00128,84.91,30.5
ORD002439,1,PROD00051,143.08,20.21
ORD002440,1,PROD00200,38.72,33.72
ORD002441,1,PROD00238,153.89,24.18
ORD002441,2,PROD00017,96.95,7.96
ORD002441,3,PROD00157,1137.72,21.89
ORD002442,1,PROD00129,23.56,9.15
ORD002443,1,PROD00042,100.91,15.32
ORD002444,1,PROD00190,69.72,32.12
ORD002445,1,PROD00098,360.15,14.35
ORD002446,1,PROD00221,283.24,26.9
ORD002446,2,PROD00162,963.74,20.95
ORD002447,1,PROD00162,989.9,30.49
ORD002448,1,PROD00054,62.65,21.48
ORD002449,1,PROD00026,662.83,25.92
ORD002450,1,PROD00120,122.55,28.35
ORD002450,2,PROD00167,53.65,32.48
ORD002450,3,PROD00077,162.49,14.28
ORD002450,4,PROD00226,176.71,33.83
ORD002451,1,PROD00106,413.49,18.66
ORD002451,2,PROD00171,33.6,21.76
ORD002452,1,PROD00126,46.23,20.9
ORD002453,1,PROD00054,68.06,34.75
ORD002453,2,PROD00158,1382.96,8.2
ORD002454,1,PROD00191,34.17,16.31
ORD002455,1,PROD00221,293.94,19.12
ORD002455,2,PROD00046,232.39,11.41
ORD002455,3,PROD00082,29.84,17.88
ORD002456,1,PROD00016,819.24,11.56
ORD002457,1,PROD00199,37.88,31.32
ORD002457,2,PROD00001,1084.28,25.15
ORD002457,3,PROD00096,320.53,17.89
ORD002458,1,PROD00230,179.87,11.86
ORD002458,2,PROD00157,1047.62,23.52
ORD002459,1,PROD00033,568.69,16.52
ORD002460,1,PROD00202,9.95,28.98
ORD002460,2,PROD00179,27.01,27.23
ORD002461,1,PROD00145,151.25,25.29
ORD002462,1,PROD00056,243.66,6.44
ORD002463,1,PROD00193,54.77,25.13
ORD002464,1,PROD00011,533.05,13.88
ORD002464,2,PROD00023,605.24,20.59
ORD002464,3,PROD00150,766.59,27.05
ORD002465,1,PROD00019,105.92,27.53
ORD002466,1,PROD00015,623.82,8.24
ORD002467,1,PROD00031,257.62,30.5
ORD002467,2,PROD00007,1252.59,19.18
ORD002468,1,PROD00045,124.04,33.07
ORD002469,1,PROD00069,70.19,12.85
ORD002469,2,PROD00114,77.16,15.57
ORD002470,1,PROD00013,176.28,11.25
ORD002470,2,PROD00035,929.1,25.26
ORD002470,3,PROD00027,858.05,15.72
ORD002471,1,PROD00061,59.38,31.77
ORD002471,2,PROD00050,73.36,12.59
ORD002471,3,PROD00099,199.22,19.39
ORD002472,1,PROD00002,997.11,24.91
ORD002472,2,PROD00179,29.32,25.38
ORD002472,3,PROD00235,307.86,24.43
ORD002473,1,PROD00194,60.85,18.31
ORD002473,2,PROD00197,24.88,9.44
ORD002473,3,PROD00061,58.89,6.08
ORD002474,1,PROD00051,135.57,20.58
ORD002475,1,PROD00031,290.06,28.49
ORD002475,2,PROD00020,323.18,5.36
ORD002476,1,PROD00021,826.58,31.78
ORD002476,2,PROD00214,56.81,29.09
ORD002477,1,PROD00187,54.91,31.11
ORD002477,2,PROD00034,737.64,19.6
ORD002477,3,PROD00156,196.27,6.27
ORD002477,4,PROD00131,68.17,30.3
ORD002478,1,PROD00033,524.75,18.74
ORD002478,2,PROD00061,54.44,30.31
ORD002479,1,PROD00165,12.02,10.64
ORD002480,1,PROD00178,61.29,24.08
ORD002481,1,PROD00091,222.03,34.6
ORD002481,2,PROD00058,111.82,25.19
ORD002481,3,PROD00076,36.36,24.4
ORD002482,1,PROD00129,21.54,15.9
ORD002483,1,PROD00030,309.1,7.26
ORD002484,1,PROD00188,48.85,12.34
ORD002485,1,PROD00116,67.5,34.56
ORD002486,1,PROD00205,38.59,25.77
ORD002486,2,PROD00199,34.17,26.23
ORD002486,3,PROD00115,71.25,29.11
ORD002487,1,PROD00173,32.6,10.84
ORD002487,2,PROD00113,48.8,24.33
ORD002488,1,PROD00089,352.33,18.28
ORD002488,2,PROD00216,42.36,6.79
ORD002488,3,PROD00080,68.32,11.16
ORD002488,4,PROD00070,149.54,28.39
ORD002489,1,PROD00110,141.41,28.22
ORD002490,1,PROD00109,275.42,21.46
ORD002491,1,PROD00099,170.65,23.03
ORD002491,2,PROD00060,117.8,29.46
ORD002492,1,PROD00110,156.11,8.29
ORD002493,1,PROD00128,97.67,28.06
ORD002494,1,PROD00187,56.96,33.14
ORD002494,2,PROD00135,98.84,12.23
ORD002494,3,PROD00042,100.72,19.75
ORD002494,4,PROD00116,60.5,25.19
ORD002495,1,PROD00133,92.73,25.8
ORD002496,1,PROD00001,916.67,34.45
ORD002496,2,PROD00036,212.99,32.1
ORD002497,1,PROD00220,110.62,28.56
ORD002498,1,PROD00062,51.88,15.26
ORD002499,1,PROD00117,82.57,33.72
ORD002500,1,PROD00003,553.94,22.93
ORD002500,2,PROD00030,319.54,34.68
ORD002500,3,PROD00023,581.73,29.17
ORD002501,1,PROD00166,13.56,14.34
ORD002502,1,PROD00093,443.9,13.29
ORD002502,2,PROD00069,66.9,8.51
ORD002503,1,PROD00089,370.82,19.12
ORD002504,1,PROD00211,73.33,18.49
ORD002505,1,PROD00065,74.48,15.26
ORD002506,1,PROD00137,934.42,15.3
ORD002507,1,PROD00109,339.06,31.0
ORD002508,1,PROD00157,1138.54,31.3
ORD002509,1,PROD00098,358.28,32.18
ORD002509,2,PROD00019,110.4,28.49
ORD002509,3,PROD00073,92.66,26.91
ORD002510,1,PROD00233,290.36,21.05
ORD002510,2,PROD00147,1246.34,10.28
ORD002511,1,PROD00128,99.5,18.79
ORD002511,2,PROD00090,323.73,28.93
ORD002512,1,PROD00184,13.54,31.97
ORD002513,1,PROD00065,78.16,7.66
ORD002513,2,PROD00064,14.66,14.2
ORD002514,1,PROD00010,111.79,22.44
ORD002514,2,PROD00043,184.11,28.59
ORD002515,1,PROD00128,92.94,30.11
ORD002515,2,PROD00169,36.17,10.59
ORD002515,3,PROD00122,127.94,7.84
ORD002516,1,PROD00140,158.37,11.97
ORD002516,2,PROD00124,95.88,12.89
ORD002517,1,PROD00180,37.12,9.93
ORD002518,1,PROD00144,1190.8,30.29
ORD002519,1,PROD00210,84.23,8.3
ORD002520,1,PROD00013,171.48,7.19
ORD002520,2,PROD00036,229.16,22.07
ORD002521,1,PROD00171,33.23,28.4
ORD002522,1,PROD00212,61.26,26.8
ORD002523,1,PROD00018,704.63,12.62
ORD002523,2,PROD00028,910.87,11.88
ORD002523,3,PROD00183,20.39,8.32
ORD002523,4,PROD00156,212.47,7.34
ORD002524,1,PROD00050,62.82,23.3
ORD002525,1,PROD00132,95.94,16.25
ORD002525,2,PROD00183,19.8,9.77
ORD002525,3,PROD00103,393.86,21.4
ORD002525,4,PROD00168,31.93,21.25
ORD002526,1,PROD00216,38.44,34.62
ORD002526,2,PROD00011,524.34,25.57
ORD002526,3,PROD00202,9.51,24.13
ORD002527,1,PROD00077,164.3,10.61
ORD002528,1,PROD00041,128.68,14.06
ORD002528,2,PROD00066,34.64,15.5
ORD002529,1,PROD00180,36.49,19.81
ORD002530,1,PROD00184,14.91,24.48
ORD002530,2,PROD00097,136.43,25.63
ORD002531,1,PROD00173,31.43,16.91
ORD002531,2,PROD00131,75.51,21.36
ORD002531,3,PROD00174,37.63,7.84
ORD002531,4,PROD00225,289.14,31.37
ORD002532,1,PROD00008,1330.82,30.11
ORD002533,1,PROD00136,195.57,5.48
ORD002534,1,PROD00175,41.61,29.96
ORD002534,2,PROD00051,137.83,6.01
ORD002535,1,PROD00188,46.88,10.44
ORD002535,2,PROD00114,81.17,19.84
ORD002536,1,PROD00017,94.83,27.92
ORD002536,2,PROD00031,280.62,30.07
ORD002537,1,PROD00126,41.55,22.91
ORD002538,1,PROD00179,30.96,16.17
ORD002539,1,PROD00239,200.52,18.47
ORD002539,2,PROD00120,124.79,5.61
ORD002540,1,PROD00092,114.93,27.72
ORD002541,1,PROD00114,73.43,9.59
ORD002541,2,PROD00063,139.58,34.96
ORD002542,1,PROD00229,194.24,26.04
ORD002543,1,PROD00012,1315.66,29.59
ORD002544,1,PROD00101,361.37,29.27
ORD002545,1,PROD00123,118.4,33.6
ORD002545,2,PROD00026,681.35,7.09
ORD002546,1,PROD00136,225.72,11.36
ORD002546,2,PROD00238,168.51,17.21
ORD002546,3,PROD00233,277.36,13.76
ORD002547,1,PROD00005,236.57,27.68
ORD002547,2,PROD00013,173.71,23.74
ORD002547,3,PROD00134,45.52,27.23
ORD002548,1,PROD00137,887.68,32.12
ORD002549,1,PROD00239,239.0,23.46
ORD002550,1,PROD00052,199.67,32.0
ORD002550,2,PROD00027,824.72,12.19
ORD002551,1,PROD00033,466.36,7.98
ORD002552,1,PROD00038,614.35,22.73
ORD002553,1,PROD00144,1430.74,14.23
ORD002554,1,PROD00206,12.09,10.72
ORD002555,1,PROD00048,26.56,25.94
ORD002556,1,PROD00172,46.87,30.42
ORD002557,1,PROD00214,56.29,24.07
ORD002558,1,PROD00219,309.58,16.69
ORD002559,1,PROD00165,10.61,27.7
ORD002559,2,PROD00041,120.45,8.18
ORD002559,3,PROD00019,108.48,27.88
ORD002560,1,PROD00060,111.95,30.99
ORD002561,1,PROD00153,153.66,29.76
ORD002561,2,PROD00022,911.14,17.51
ORD002562,1,PROD00211,76.41,16.82
ORD002562,2,PROD00107,31.56,31.96
ORD002562,3,PROD00016,863.93,18.42
ORD002563,1,PROD00038,723.05,17.35
ORD002564,1,PROD00106,374.81,19.8
ORD002565,1,PROD00175,43.76,16.83
ORD002566,1,PROD00077,138.35,19.98
ORD002567,1,PROD00039,264.74,27.29
ORD002568,1,PROD00212,60.23,6.2
ORD002568,2,PROD00107,30.41,32.05
ORD002569,1,PROD00224,182.93,25.25
ORD002569,2,PROD00105,212.2,29.67
ORD002569,3,PROD00155,426.76,15.03
ORD002570,1,PROD00077,152.49,12.58
ORD002570,2,PROD00027,931.92,13.01
ORD002570,3,PROD00091,218.39,23.72
ORD002570,4,PROD00089,348.55,5.64
ORD002571,1,PROD00174,37.38,19.25
ORD002571,2,PROD00017,94.33,17.58
ORD002572,1,PROD00218,37.95,30.55
ORD002573,1,PROD00205,38.22,23.71
ORD002574,1,PROD00195,23.86,11.53
ORD002574,2,PROD00220,117.97,22.63
ORD002574,3,PROD00238,182.79,26.05
ORD002575,1,PROD00056,218.72,5.59
ORD002575,2,PROD00172,38.03,5.91
ORD002576,1,PROD00151,330.4,9.55
ORD002576,2,PROD00144,1205.24,24.59
ORD002576,3,PROD00223,38.66,20.92
ORD002577,1,PROD00081,114.0,26.9
ORD002578,1,PROD00123,129.94,7.7
ORD002578,2,PROD00169,33.16,7.74
ORD002579,1,PROD00156,221.6,32.83
ORD002580,1,PROD00110,157.91,27.53
ORD002580,2,PROD00072,57.69,33.94
ORD002580,3,PROD00126,50.06,29.46
ORD002581,1,PROD00069,59.18,14.33
ORD002582,1,PROD00077,148.31,16.27
ORD002583,1,PROD00032,369.46,10.99
ORD002584,1,PROD00147,1325.38,15.14
ORD002585,1,PROD00163,29.25,28.98
ORD002586,1,PROD00222,245.76,29.51
ORD002587,1,PROD00201,29.01,25.08
ORD002587,2,PROD00061,64.88,8.63
ORD002588,1,PROD00205,38.3,15.3
ORD002589,1,PROD00041,117.17,12.48
ORD002589,2,PROD00074,20.99,6.55
ORD002589,3,PROD00088,165.13,16.21
ORD002590,1,PROD00193,52.49,32.93
ORD002590,2,PROD00022,855.31,25.35
ORD002590,3,PROD00009,720.42,27.58
ORD002590,4,PROD00054,63.96,9.37
ORD002591,1,PROD00201,30.51,14.49
ORD002592,1,PROD00147,1196.8,8.08
ORD002592,2,PROD00230,186.74,34.65
ORD002592,3,PROD00222,208.71,18.83
ORD002593,1,PROD00109,302.79,17.6
ORD002594,1,PROD00139,186.99,15.75
ORD002594,2,PROD00231,134.21,33.66
ORD002595,1,PROD00027,822.17,7.92
ORD002595,2,PROD00012,1277.56,16.42
ORD002595,3,PROD00190,71.31,19.5
ORD002596,1,PROD00239,199.26,30.45
ORD002597,1,PROD00042,100.66,26.18
ORD002598,1,PROD00048,33.05,27.11
ORD002599,1,PROD00062,48.38,10.37
ORD002600,1,PROD00203,73.05,19.3
ORD002601,1,PROD00218,34.91,25.92
ORD002602,1,PROD00007,1068.2,10.33
ORD002603,1,PROD00030,316.16,20.87
ORD002604,1,PROD00176,13.42,19.8
ORD002604,2,PROD00126,47.92,22.47
ORD002605,1,PROD00099,198.36,26.64
ORD002606,1,PROD00011,541.19,28.5
ORD002606,2,PROD00206,11.02,20.48
ORD002607,1,PROD00194,60.22,5.52
ORD002608,1,PROD00166,11.54,5.75
ORD002608,2,PROD00111,51.64,8.9
ORD002608,3,PROD00115,74.8,5.31
ORD002608,4,PROD00012,1068.53,30.0
ORD002609,1,PROD00084,340.49,13.47
ORD002609,2,PROD00040,238.59,19.51
ORD002609,3,PROD00079,48.04,7.64
ORD002609,4,PROD00230,199.49,19.44
ORD002610,1,PROD00134,45.49,5.6
ORD002610,2,PROD00071,74.49,20.77
ORD002610,3,PROD00178,52.68,33.93
ORD002611,1,PROD00145,147.59,5.18
ORD002612,1,PROD00024,459.81,11.7
ORD002612,2,PROD00197,25.76,25.97
ORD002613,1,PROD00115,74.14,18.84
ORD002614,1,PROD00089,311.67,23.11
ORD002614,2,PROD00047,75.76,17.83
ORD002614,3,PROD00082,29.64,34.09
ORD002615,1,PROD00171,32.41,11.46
ORD002615,2,PROD00052,182.1,34.3
ORD002615,3,PROD00117,98.86,30.4
ORD002615,4,PROD00126,50.03,23.59
ORD002616,1,PROD00185,15.42,13.46
ORD002617,1,PROD00103,351.43,18.21
ORD002617,2,PROD00007,1247.69,14.45
ORD002618,1,PROD00131,73.31,11.97
ORD002618,2,PROD00183,19.47,11.85
ORD002619,1,PROD00008,1368.8,8.02
ORD002620,1,PROD00167,58.57,18.37
ORD002620,2,PROD00191,38.97,19.55
ORD002620,3,PROD00142,552.84,23.79
ORD002621,1,PROD00014,505.02,14.38
ORD002622,1,PROD00077,155.95,15.58
ORD002623,1,PROD00041,128.4,26.18
ORD002624,1,PROD00070,132.22,23.5
ORD002625,1,PROD00206,12.46,32.1
ORD002625,2,PROD00158,1378.72,30.32
ORD002626,1,PROD00046,242.59,7.66
ORD002627,1,PROD00230,198.06,20.54
ORD002628,1,PROD00023,668.68,30.51
ORD002628,2,PROD00017,89.84,26.11
ORD002628,3,PROD00210,67.96,8.47
ORD002629,1,PROD00067,132.15,30.17
ORD002629,2,PROD00171,29.49,9.01
ORD002630,1,PROD00225,246.88,14.7
ORD002631,1,PROD00239,214.49,24.24
ORD002632,1,PROD00197,24.83,29.58
ORD002632,2,PROD00218,38.34,26.5
ORD002633,1,PROD00002,901.58,8.71
ORD002633,2,PROD00059,138.4,9.78
ORD002634,1,PROD00223,36.02,9.61
ORD002635,1,PROD00151,310.97,24.57
ORD002636,1,PROD00155,434.84,11.04
ORD002637,1,PROD00176,14.35,20.22
ORD002637,2,PROD00009,730.44,13.39
ORD002638,1,PROD00033,531.32,19.03
ORD002639,1,PROD00226,168.95,29.97
ORD002640,1,PROD00166,12.32,10.75
ORD002640,2,PROD00132,90.07,5.8
ORD002641,1,PROD00079,51.64,13.03
ORD002642,1,PROD00108,85.03,7.56
ORD002642,2,PROD00062,48.73,16.56
ORD002642,3,PROD00068,95.06,20.49
ORD002643,1,PROD00228,52.16,16.75
ORD002643,2,PROD00159,442.58,32.65
ORD002644,1,PROD00127,74.9,5.29
ORD002645,1,PROD00122,119.6,34.44
ORD002646,1,PROD00047,71.71,27.84
ORD002647,1,PROD00057,101.16,24.05
ORD002648,1,PROD00192,45.27,8.39
ORD002649,1,PROD00167,50.2,11.01
ORD002649,2,PROD00131,62.13,11.23
ORD002650,1,PROD00114,73.68,26.12
ORD002651,1,PROD00076,36.4,23.39
ORD002652,1,PROD00045,107.99,8.12
ORD002652,2,PROD00025,217.83,29.06
ORD002653,1,PROD00180,32.57,7.29
ORD002654,1,PROD00121,47.06,15.94
ORD002654,2,PROD00159,411.59,14.94
ORD002655,1,PROD00028,957.38,27.01
ORD002655,2,PROD00107,32.72,29.14
ORD002656,1,PROD00002,1028.08,23.57
ORD002657,1,PROD00007,1201.97,21.72
ORD002658,1,PROD00207,52.99,10.27
ORD002659,1,PROD00160,364.51,12.68
ORD002660,1,PROD00095,368.79,30.09
ORD002660,2,PROD00231,113.65,11.86
ORD002661,1,PROD00176,15.24,10.23
ORD002662,1,PROD00178,56.17,25.58
ORD002662,2,PROD00206,11.47,7.44
ORD002662,3,PROD00127,66.64,27.37
ORD002663,1,PROD00063,123.77,28.56
ORD002663,2,PROD00103,402.86,5.16
ORD002663,3,PROD00158,1541.92,16.91
ORD002664,1,PROD00010,121.37,23.84
ORD002664,2,PROD00076,39.13,13.59
ORD002665,1,PROD00083,64.67,26.99
ORD002665,2,PROD00106,377.9,33.16
ORD002665,3,PROD00090,322.02,33.46
ORD002666,1,PROD00205,39.31,19.38
ORD002667,1,PROD00100,375.81,14.91
ORD002668,1,PROD00168,34.83,17.28
ORD002668,2,PROD00125,55.7,13.1
ORD002668,3,PROD00096,351.46,34.77
ORD002668,4,PROD00108,97.5,31.19
ORD002669,1,PROD00202,9.26,25.43
ORD002670,1,PROD00119,28.37,15.86
ORD002670,2,PROD00044,79.7,29.56
ORD002671,1,PROD00063,126.86,10.03
ORD002672,1,PROD00117,81.22,22.35
ORD002673,1,PROD00133,88.13,26.42
ORD002673,2,PROD00163,31.1,8.54
ORD002674,1,PROD00098,322.71,22.4
ORD002674,2,PROD00106,446.68,5.69
ORD002674,3,PROD00092,118.26,21.54
ORD002674,4,PROD00143,1677.63,12.76
ORD002675,1,PROD00158,1478.74,13.35
ORD002676,1,PROD00153,175.84,14.34
ORD002677,1,PROD00168,30.82,19.85
ORD002678,1,PROD00040,214.29,28.38
ORD002679,1,PROD00091,253.84,16.36
ORD002680,1,PROD00137,1103.0,28.11
ORD002680,2,PROD00237,187.71,30.3
ORD002680,3,PROD00009,815.89,17.69
ORD002681,1,PROD00009,852.43,5.44
ORD002682,1,PROD00078,120.29,27.06
ORD002682,2,PROD00045,123.5,8.17
ORD002682,3,PROD00056,215.83,12.6
ORD002682,4,PROD00042,96.66,34.17
ORD002683,1,PROD00078,95.33,11.12
ORD002684,1,PROD00237,162.49,29.0
ORD002685,1,PROD00122,115.01,7.79
ORD002686,1,PROD00219,275.53,19.58
ORD002686,2,PROD00092,122.24,22.17
ORD002686,3,PROD00014,474.38,10.16
ORD002687,1,PROD00120,118.51,21.1
ORD002688,1,PROD00218,37.66,31.83
ORD002689,1,PROD00069,67.22,14.72
ORD002690,1,PROD00047,78.57,24.94
ORD002691,1,PROD00009,834.21,30.98
ORD002691,2,PROD00022,799.34,31.34
ORD002692,1,PROD00105,220.81,12.36
ORD002693,1,PROD00114,90.62,6.66
ORD002693,2,PROD00186,12.34,20.5
ORD002693,3,PROD00210,72.79,22.46
ORD002694,1,PROD00156,212.23,15.11
ORD002695,1,PROD00128,91.88,24.45
ORD002695,2,PROD00053,180.5,13.95
ORD002695,3,PROD00170,17.68,23.49
ORD002695,4,PROD00173,29.91,26.53
ORD002696,1,PROD00142,566.79,33.78
ORD002696,2,PROD00235,279.4,9.49
ORD002697,1,PROD00194,61.33,17.7
ORD002697,2,PROD00029,212.38,7.64
ORD002698,1,PROD00201,28.37,13.88
ORD002698,2,PROD00016,773.92,23.54
ORD002699,1,PROD00178,59.95,20.21
ORD002699,2,PROD00116,65.68,7.02
ORD002700,1,PROD00027,732.59,8.76
ORD002700,2,PROD00007,1084.95,25.34
ORD002701,1,PROD00126,49.69,12.13
ORD002701,2,PROD00186,13.77,10.83
ORD002701,3,PROD00168,38.04,17.23
ORD002702,1,PROD00136,206.92,7.62
ORD002703,1,PROD00141,722.54,19.22
ORD002704,1,PROD00013,194.73,24.65
ORD002704,2,PROD00117,82.9,32.02
ORD002704,3,PROD00167,59.12,27.44
ORD002704,4,PROD00176,15.31,21.59
ORD002705,1,PROD00053,148.21,16.61
ORD002706,1,PROD00193,44.3,32.7
ORD002707,1,PROD00088,173.28,18.99
ORD002707,2,PROD00081,97.98,16.14
ORD002708,1,PROD00077,154.83,17.65
ORD002709,1,PROD00175,38.64,32.76
ORD002709,2,PROD00123,106.25,10.13
ORD002709,3,PROD00061,52.56,20.59
ORD002709,4,PROD00082,30.88,30.17
ORD002710,1,PROD00062,42.06,24.63
ORD002710,2,PROD00041,114.44,32.16
ORD002710,3,PROD00047,73.35,20.35
ORD002711,1,PROD00021,737.91,19.44
ORD002712,1,PROD00111,53.66,10.83
ORD002713,1,PROD00083,65.41,6.78
ORD002714,1,PROD00180,32.9,18.86
ORD002714,2,PROD00239,217.0,13.1
ORD002715,1,PROD00169,36.08,16.81
ORD002715,2,PROD00016,830.02,14.56
ORD002715,3,PROD00135,112.23,27.28
ORD002716,1,PROD00125,52.99,5.38
ORD002717,1,PROD00010,108.71,26.14
ORD002717,2,PROD00232,266.55,8.48
ORD002718,1,PROD00008,1077.79,28.95
ORD002719,1,PROD00075,138.99,26.49
ORD002719,2,PROD00156,235.85,22.72
ORD002720,1,PROD00087,65.68,32.13
ORD002721,1,PROD00059,136.92,29.55
ORD002721,2,PROD00087,69.22,11.88
ORD002722,1,PROD00093,425.16,28.2
ORD002723,1,PROD00179,33.15,29.44
ORD002723,2,PROD00194,62.32,20.81
ORD002723,3,PROD00065,70.08,12.53
ORD002723,4,PROD00065,73.35,22.33
ORD002724,1,PROD00202,8.77,30.87
ORD002725,1,PROD00012,1284.55,17.96
ORD002726,1,PROD00143,1561.73,20.57
ORD002727,1,PROD00211,75.75,12.31
ORD002727,2,PROD00178,62.48,18.27
ORD002727,3,PROD00004,595.73,31.61
ORD002728,1,PROD00042,107.4,26.97
ORD002728,2,PROD00147,1311.5,11.15
ORD002729,1,PROD00182,66.23,20.13
ORD002729,2,PROD00121,55.48,27.48
ORD002729,3,PROD00114,82.74,8.92
ORD002729,4,PROD00219,282.77,12.2
ORD002730,1,PROD00077,160.85,15.3
ORD002730,2,PROD00088,195.97,9.9
ORD002731,1,PROD00014,542.6,9.46
ORD002732,1,PROD00094,129.79,23.34
ORD002733,1,PROD00116,63.97,10.35
ORD002734,1,PROD00194,64.46,33.24
ORD002734,2,PROD00155,415.89,8.54
ORD002735,1,PROD00147,1176.52,6.75
ORD002735,2,PROD00171,28.99,5.57
ORD002736,1,PROD00033,582.26,23.23
ORD002736,2,PROD00009,860.43,25.19
ORD002737,1,PROD00188,51.38,34.85
ORD002738,1,PROD00062,47.04,26.75
ORD002738,2,PROD00108,88.23,20.11
ORD002738,3,PROD00043,164.98,29.48
ORD002738,4,PROD00049,49.77,9.45
ORD002739,1,PROD00013,194.46,21.47
ORD002739,2,PROD00036,229.71,5.02
ORD002740,1,PROD00024,515.9,21.69
ORD002740,2,PROD00181,62.79,21.87
ORD002741,1,PROD00213,63.47,21.92
ORD002742,1,PROD00140,125.22,28.43
ORD002742,2,PROD00173,27.28,26.84
ORD002742,3,PROD00006,129.43,28.89
ORD002743,1,PROD00201,28.55,21.99
ORD002743,2,PROD00232,250.79,17.26
ORD002743,3,PROD00205,38.35,27.88
ORD002743,4,PROD00209,62.51,27.56
ORD002744,1,PROD00221,266.64,18.78
ORD002745,1,PROD00051,119.32,21.37
ORD002745,2,PROD00207,53.76,26.08
ORD002745,3,PROD00037,816.24,32.53
ORD002746,1,PROD00101,304.38,5.1
ORD002747,1,PROD00051,145.92,21.21
ORD002748,1,PROD00181,54.23,13.72
ORD002748,2,PROD00206,10.4,13.86
ORD002749,1,PROD00135,99.16,15.08
ORD002750,1,PROD00041,141.27,6.12
ORD002750,2,PROD00065,68.07,13.54
ORD002751,1,PROD00217,252.68,30.94
ORD002752,1,PROD00039,259.54,27.32
ORD002752,2,PROD00234,329.04,27.45
ORD002753,1,PROD00026,728.69,9.19
ORD002753,2,PROD00164,27.75,23.72
ORD002754,1,PROD00228,56.11,15.02
ORD002754,2,PROD00010,99.48,5.25
ORD002754,3,PROD00150,656.56,31.67
ORD002754,4,PROD00140,143.31,23.97
ORD002755,1,PROD00097,117.84,8.05
ORD002756,1,PROD00045,121.79,31.13
ORD002757,1,PROD00040,239.24,25.56
ORD002758,1,PROD00004,562.98,13.27
ORD002758,2,PROD00026,692.54,23.78
ORD002759,1,PROD00213,58.04,22.63
ORD002759,2,PROD00080,61.51,23.29
ORD002760,1,PROD00201,26.03,20.88
ORD002760,2,PROD00080,70.07,31.1
ORD002760,3,PROD00184,14.12,34.56
ORD002760,4,PROD00113,59.98,33.89
ORD002761,1,PROD00027,838.61,21.88
ORD002762,1,PROD00062,45.33,7.42
ORD002763,1,PROD00221,287.27,17.04
ORD002763,2,PROD00138,192.25,34.73
ORD002763,3,PROD00143,1625.93,13.04
ORD002764,1,PROD00163,29.88,26.61
ORD002765,1,PROD00124,114.93,21.22
ORD002766,1,PROD00006,159.64,21.3
ORD002766,2,PROD00037,695.03,13.1
ORD002766,3,PROD00017,92.97,31.58
ORD002766,4,PROD00031,306.38,29.89
ORD002767,1,PROD00035,950.81,27.36
ORD002768,1,PROD00231,139.16,7.79
ORD002768,2,PROD00067,153.21,7.47
ORD002769,1,PROD00167,55.86,7.57
ORD002770,1,PROD00078,117.84,8.25
ORD002771,1,PROD00077,136.9,13.58
ORD002771,2,PROD00017,88.7,9.12
ORD002771,3,PROD00044,76.42,14.54
ORD002771,4,PROD00039,234.43,18.93
ORD002772,1,PROD00216,36.49,33.47
ORD002773,1,PROD00211,81.49,32.96
ORD002774,1,PROD00030,338.09,27.1
ORD002774,2,PROD00019,105.61,21.02
ORD002774,3,PROD00017,97.06,34.09
ORD002775,1,PROD00158,1289.1,26.46
ORD002775,2,PROD00052,206.02,18.88
ORD002776,1,PROD00009,841.18,14.61
ORD002776,2,PROD00179,31.68,34.73
ORD002777,1,PROD00194,57.36,30.94
ORD002778,1,PROD00051,124.99,26.16
ORD002779,1,PROD00112,33.65,20.11
ORD002780,1,PROD00051,121.15,15.72
ORD002780,2,PROD00018,738.49,9.59
ORD002780,3,PROD00113,49.62,24.84
ORD002781,1,PROD00037,840.35,33.31
ORD002781,2,PROD00011,589.99,11.32
ORD002782,1,PROD00216,35.52,27.04
ORD002783,1,PROD00195,22.78,8.35
ORD002784,1,PROD00083,58.71,28.04
ORD002785,1,PROD00237,174.46,15.8
ORD002786,1,PROD00196,68.13,27.99
ORD002787,1,PROD00139,163.2,22.77
ORD002788,1,PROD00165,10.6,11.89
ORD002788,2,PROD00236,326.97,9.2
ORD002788,3,PROD00135,95.83,13.86
ORD002789,1,PROD00217,231.54,29.31
ORD002789,2,PROD00048,27.03,27.17
ORD002790,1,PROD00018,753.1,29.13
ORD002790,2,PROD00165,11.49,13.23
ORD002791,1,PROD00039,210.45,20.95
ORD002792,1,PROD00142,531.66,25.01
ORD002792,2,PROD00234,325.44,15.21
ORD002793,1,PROD00040,239.35,5.86
ORD002793,2,PROD00065,72.45,12.28
ORD002794,1,PROD00138,184.66,10.94
ORD002794,2,PROD00129,22.93,26.63
ORD002795,1,PROD00076,36.03,24.16
ORD002796,1,PROD00023,596.45,33.35
ORD002797,1,PROD00068,96.1,29.03
ORD002798,1,PROD00172,38.91,19.48
ORD002799,1,PROD00069,67.0,31.88
ORD002799,2,PROD00108,95.64,23.11
ORD002799,3,PROD00093,388.0,5.56
ORD002799,4,PROD00096,322.31,31.65
ORD002800,1,PROD00090,310.97,29.37
ORD002800,2,PROD00229,203.24,6.2
ORD002801,1,PROD00221,278.7,12.01
ORD002801,2,PROD00158,1389.32,26.02
ORD002801,3,PROD00157,969.01,16.22
ORD002801,4,PROD00173,28.34,12.34
ORD002802,1,PROD00213,59.94,21.54
ORD002803,1,PROD00087,57.12,16.53
ORD002804,1,PROD00109,334.87,28.01
ORD002804,2,PROD00001,937.78,5.1
ORD002805,1,PROD00123,115.2,10.46
ORD002806,1,PROD00023,616.73,25.19
ORD002807,1,PROD00141,743.48,15.66
ORD002807,2,PROD00015,623.88,24.41
ORD002807,3,PROD00219,314.32,25.21
ORD002808,1,PROD00185,13.95,21.75
ORD002808,2,PROD00118,12.99,12.99
ORD002809,1,PROD00043,183.41,9.77
ORD002809,2,PROD00017,92.71,14.91
ORD002809,3,PROD00107,29.35,25.77
ORD002810,1,PROD00131,72.09,16.14
ORD002810,2,PROD00179,28.8,25.14
ORD002810,3,PROD00187,51.37,22.18
ORD002811,1,PROD00231,113.85,27.87
ORD002811,2,PROD00011,534.84,11.96
ORD002811,3,PROD00145,174.42,16.7
ORD002811,4,PROD00147,1304.19,30.73
ORD002812,1,PROD00124,103.76,12.22
ORD002813,1,PROD00080,63.03,29.69
ORD002813,2,PROD00197,24.85,26.13
ORD002814,1,PROD00041,127.56,12.19
ORD002815,1,PROD00019,109.46,14.3
ORD002815,2,PROD00037,823.1,14.96
ORD002815,3,PROD00188,55.72,7.09
ORD002816,1,PROD00062,47.12,26.98
ORD002816,2,PROD00048,31.71,21.96
ORD002817,1,PROD00109,292.76,7.84
ORD002817,2,PROD00083,55.78,31.65
ORD002817,3,PROD00060,120.29,25.85
ORD002817,4,PROD00025,206.88,12.86
ORD002818,1,PROD00032,365.97,10.45
ORD002819,1,PROD00010,99.85,26.84
ORD002820,1,PROD00003,546.46,8.64
ORD002821,1,PROD00154,689.89,15.88
ORD002821,2,PROD00228,50.11,25.47
ORD002821,3,PROD00219,303.92,33.53
ORD002822,1,PROD00168,36.37,28.28
ORD002822,2,PROD00030,355.16,14.63
ORD002823,1,PROD00030,355.89,29.51
ORD002824,1,PROD00026,654.46,22.24
ORD002825,1,PROD00181,63.65,30.3
ORD002826,1,PROD00023,589.0,27.27
ORD002827,1,PROD00226,156.05,26.85
ORD002828,1,PROD00203,64.92,27.5
ORD002828,2,PROD00132,100.69,16.23
ORD002828,3,PROD00015,566.04,9.98
ORD002828,4,PROD00233,331.89,26.76
ORD002829,1,PROD00121,55.69,16.12
ORD002829,2,PROD00174,37.9,32.79
ORD002829,3,PROD00184,15.87,32.62
ORD002829,4,PROD00176,12.97,34.34
ORD002830,1,PROD00098,370.59,33.41
ORD002830,2,PROD00066,31.96,15.13
ORD002831,1,PROD00077,157.32,27.5
ORD002832,1,PROD00081,94.61,20.09
ORD002832,2,PROD00109,300.78,12.99
ORD002833,1,PROD00056,221.94,19.57
ORD002833,2,PROD00062,47.98,28.69
ORD002834,1,PROD00172,37.72,17.21
ORD002835,1,PROD00195,23.14,11.18
ORD002835,2,PROD00123,130.79,9.46
ORD002835,3,PROD00170,20.0,14.0
ORD002835,4,PROD00204,79.98,23.49
ORD002836,1,PROD00174,40.26,28.85
ORD002836,2,PROD00036,197.34,8.37
ORD002837,1,PROD00110,141.22,23.72
ORD002838,1,PROD00025,211.96,11.66
ORD002838,2,PROD00003,610.39,9.42
ORD002839,1,PROD00004,622.87,28.21
ORD002840,1,PROD00214,58.04,9.03
ORD002841,1,PROD00196,71.47,25.8
ORD002842,1,PROD00200,45.97,14.88
ORD002842,2,PROD00173,29.36,32.86
ORD002843,1,PROD00236,333.93,7.46
ORD002844,1,PROD00028,760.13,26.87
ORD002845,1,PROD00025,205.11,22.66
ORD002846,1,PROD00150,610.58,28.41
ORD002847,1,PROD00075,140.84,5.77
ORD002847,2,PROD00043,168.05,29.36
ORD002847,3,PROD00099,202.1,32.4
ORD002848,1,PROD00021,690.89,5.71
ORD002848,2,PROD00049,48.26,15.12
ORD002848,3,PROD00023,627.84,8.94
ORD002849,1,PROD00135,95.39,9.2
ORD002849,2,PROD00191,35.59,15.25
ORD002849,3,PROD00230,181.14,16.19
ORD002850,1,PROD00028,843.65,6.8
ORD002851,1,PROD00064,14.43,18.43
ORD002852,1,PROD00082,27.77,11.19
ORD002853,1,PROD00198,65.86,22.56
ORD002854,1,PROD00156,207.45,24.7
ORD002855,1,PROD00003,614.48,29.31
ORD002856,1,PROD00003,521.99,21.51
ORD002856,2,PROD00030,336.66,7.14
ORD002857,1,PROD00192,48.74,25.2
ORD002858,1,PROD00158,1338.22,26.08
ORD002859,1,PROD00035,1001.47,7.62
ORD002860,1,PROD00090,335.78,21.55
ORD002861,1,PROD00141,732.62,27.31
ORD002862,1,PROD00060,125.85,25.74
ORD002863,1,PROD00200,41.19,22.93
ORD002864,1,PROD00141,663.54,30.54
ORD002865,1,PROD00050,65.92,26.67
ORD002866,1,PROD00205,40.04,14.94
ORD002866,2,PROD00027,773.71,12.61
ORD002866,3,PROD00201,25.09,13.84
ORD002867,1,PROD00123,110.06,33.88
ORD002868,1,PROD00075,133.37,14.13
ORD002869,1,PROD00117,83.97,30.57
ORD002869,2,PROD00186,13.32,16.01
ORD002870,1,PROD00130,133.91,14.25
ORD002871,1,PROD00011,483.0,32.67
ORD002871,2,PROD00032,396.41,20.18
ORD002872,1,PROD00062,42.17,22.39
ORD002872,2,PROD00053,156.87,30.56
ORD002872,3,PROD00088,164.59,13.4
ORD002873,1,PROD00032,369.62,34.93
ORD002873,2,PROD00004,560.76,12.83
ORD002874,1,PROD00198,67.38,27.36
ORD002875,1,PROD00107,33.81,6.26
ORD002875,2,PROD00058,120.53,25.22
ORD002876,1,PROD00026,698.48,22.23
ORD002877,1,PROD00025,191.93,33.92
ORD002878,1,PROD00064,14.53,23.59
ORD002878,2,PROD00045,115.01,7.98
ORD002879,1,PROD00212,61.83,6.61
ORD002879,2,PROD00108,99.77,20.35
ORD002880,1,PROD00020,330.76,24.73
ORD002881,1,PROD00196,66.25,13.55
ORD002881,2,PROD00223,43.81,10.5
ORD002882,1,PROD00057,96.89,22.69
ORD002883,1,PROD00069,72.96,29.53
ORD002883,2,PROD00050,59.96,13.06
ORD002883,3,PROD00084,329.98,9.41
ORD002884,1,PROD00145,152.68,28.56
ORD002885,1,PROD00110,128.02,11.58
ORD002886,1,PROD00185,15.29,32.19
ORD002886,2,PROD00036,200.98,23.13
ORD002886,3,PROD00124,113.43,8.46
ORD002886,4,PROD00124,96.48,15.98
ORD002887,1,PROD00228,52.56,20.97
ORD002887,2,PROD00097,147.49,31.42
ORD002888,1,PROD00108,98.56,9.09
ORD002889,1,PROD00220,129.29,18.13
ORD002889,2,PROD00141,795.41,16.77
ORD002890,1,PROD00035,905.52,26.18
ORD002891,1,PROD00222,238.34,17.53
ORD002892,1,PROD00103,363.93,23.67
ORD002892,2,PROD00018,650.56,26.22
ORD002892,3,PROD00202,10.29,30.82
ORD002893,1,PROD00157,1190.76,7.95
ORD002894,1,PROD00210,82.96,13.05
ORD002894,2,PROD00158,1533.64,29.24
ORD002895,1,PROD00114,76.72,9.5
ORD002896,1,PROD00188,46.41,21.04
ORD002897,1,PROD00165,10.8,5.48
ORD002898,1,PROD00077,136.88,12.06
ORD002899,1,PROD00193,52.41,30.3
ORD002900,1,PROD00025,232.89,20.22
ORD002901,1,PROD00038,669.22,13.46
ORD002902,1,PROD00112,40.01,20.86
ORD002903,1,PROD00149,1257.18,34.39
ORD002903,2,PROD00223,40.2,13.59
ORD002904,1,PROD00053,163.12,33.22
ORD002905,1,PROD00096,389.18,8.7
ORD002905,2,PROD00169,37.26,32.19
ORD002905,3,PROD00073,91.9,30.16
ORD002905,4,PROD00174,32.66,22.05
ORD002906,1,PROD00035,887.12,29.34
ORD002906,2,PROD00190,72.59,24.81
ORD002907,1,PROD00224,188.79,6.38
ORD002908,1,PROD00093,440.3,16.63
ORD002908,2,PROD00066,35.08,15.26
ORD002908,3,PROD00145,139.27,20.51
ORD002908,4,PROD00083,60.13,8.6
ORD002909,1,PROD00211,85.44,6.12
ORD002910,1,PROD00039,262.84,8.8
ORD002911,1,PROD00191,32.74,7.16
ORD002912,1,PROD00058,118.05,12.42
ORD002912,2,PROD00088,180.12,13.74
ORD002912,3,PROD00233,271.22,34.84
ORD002912,4,PROD00110,158.1,24.05
ORD002913,1,PROD00121,55.42,31.54
ORD002913,2,PROD00222,207.29,10.62
ORD002914,1,PROD00124,114.45,11.35
ORD002914,2,PROD00056,207.85,30.77
ORD002914,3,PROD00196,64.98,7.65
ORD002915,1,PROD00131,68.88,33.32
ORD002916,1,PROD00216,34.15,14.09
ORD002916,2,PROD00083,55.84,11.7
ORD002917,1,PROD00124,103.59,6.71
ORD002917,2,PROD00021,707.25,13.28
ORD002917,3,PROD00213,55.33,31.22
ORD002918,1,PROD00013,206.3,23.04
ORD002918,2,PROD00233,271.76,9.92
ORD002919,1,PROD00014,458.26,19.97
ORD002919,2,PROD00042,106.11,26.18
ORD002920,1,PROD00017,104.6,9.87
ORD002920,2,PROD00183,20.07,8.01
ORD002920,3,PROD00034,772.74,19.06
ORD002921,1,PROD00162,1169.66,13.51
ORD002921,2,PROD00089,350.0,25.47
ORD002921,3,PROD00223,36.13,15.63
ORD002922,1,PROD00165,11.82,34.79
ORD002923,1,PROD00071,80.37,14.9
ORD002923,2,PROD00084,348.12,23.81
ORD002924,1,PROD00115,63.78,19.19
ORD002925,1,PROD00077,165.98,13.99
ORD002926,1,PROD00086,355.94,25.84
ORD002927,1,PROD00123,130.01,18.69
ORD002927,2,PROD00081,99.61,34.5
ORD002928,1,PROD00015,567.92,22.39
ORD002929,1,PROD00222,226.42,12.56
ORD002930,1,PROD00046,196.66,31.91
ORD002931,1,PROD00142,531.04,32.82
ORD002931,2,PROD00110,141.68,10.0
ORD002931,3,PROD00051,141.07,11.57
ORD002931,4,PROD00157,995.69,21.89
ORD002932,1,PROD00066,32.21,12.9
ORD002933,1,PROD00167,60.64,16.28
ORD002933,2,PROD00078,118.52,10.08
ORD002934,1,PROD00114,81.21,6.84
ORD002934,2,PROD00166,11.36,16.92
ORD002934,3,PROD00177,12.87,32.25
ORD002935,1,PROD00114,73.13,25.21
ORD002936,1,PROD00167,48.77,32.55
ORD002936,2,PROD00144,1392.19,12.41
ORD002937,1,PROD00003,603.41,7.9
ORD002937,2,PROD00024,550.59,9.1
ORD002937,3,PROD00033,535.24,6.0
ORD002937,4,PROD00028,815.04,9.49
ORD002938,1,PROD00193,50.09,22.73
ORD002938,2,PROD00022,751.31,27.45
ORD002938,3,PROD00192,47.0,26.64
ORD002939,1,PROD00024,549.5,8.71
ORD002940,1,PROD00052,182.69,34.77
ORD002941,1,PROD00200,41.28,31.11
ORD002942,1,PROD00027,803.93,6.81
ORD002942,2,PROD00010,97.24,17.61
ORD002942,3,PROD00063,118.45,8.13
ORD002943,1,PROD00131,65.51,5.46
ORD002943,2,PROD00112,39.92,5.21
ORD002944,1,PROD00173,31.42,14.2
ORD002944,2,PROD00232,270.92,32.07
ORD002945,1,PROD00130,134.52,8.72
ORD002946,1,PROD00084,355.45,15.03
ORD002947,1,PROD00017,93.05,19.41
ORD002948,1,PROD00139,196.51,7.7
ORD002948,2,PROD00039,257.02,33.02
ORD002949,1,PROD00084,347.94,18.37
ORD002950,1,PROD00100,362.77,22.96
ORD002951,1,PROD00007,1184.28,7.35
ORD002952,1,PROD00220,116.92,34.86
ORD002952,2,PROD00142,561.77,20.05
ORD002952,3,PROD00136,234.03,24.09
ORD002953,1,PROD00221,315.33,34.77
ORD002954,1,PROD00041,128.24,5.55
ORD002955,1,PROD00009,784.2,22.07
ORD002956,1,PROD00151,331.85,21.93
ORD002957,1,PROD00041,112.45,19.08
ORD002958,1,PROD00239,204.95,9.48
ORD002959,1,PROD00104,125.76,21.49
ORD002960,1,PROD00150,717.13,32.08
ORD002960,2,PROD00035,830.42,19.47
ORD002960,3,PROD00233,283.81,12.24
ORD002961,1,PROD00196,80.35,13.88
ORD002962,1,PROD00141,751.67,28.11
ORD002963,1,PROD00047,70.85,5.3
ORD002963,2,PROD00193,46.64,12.78
ORD002964,1,PROD00135,89.57,5.88
ORD002965,1,PROD00120,109.04,31.94
ORD002966,1,PROD00007,1260.47,11.3
ORD002967,1,PROD00035,1020.73,5.8
ORD002967,2,PROD00015,550.05,14.74
ORD002968,1,PROD00209,68.95,10.61
ORD002968,2,PROD00162,944.0,8.06
ORD002969,1,PROD00236,271.6,26.27
ORD002969,2,PROD00139,190.15,26.03
ORD002970,1,PROD00123,118.56,8.51
ORD002970,2,PROD00176,13.97,22.21
ORD002971,1,PROD00057,83.43,20.9
ORD002971,2,PROD00228,44.07,5.94
ORD002972,1,PROD00177,12.3,21.48
ORD002972,2,PROD00116,70.26,17.33
ORD002973,1,PROD00074,22.37,16.87
ORD002973,2,PROD00047,75.88,33.2
ORD002973,3,PROD00102,258.38,13.71
ORD002974,1,PROD00199,36.39,7.95
ORD002975,1,PROD00131,68.66,32.29
ORD002975,2,PROD00095,415.47,16.46
ORD002975,3,PROD00190,72.21,7.13
ORD002976,1,PROD00168,33.92,33.82
ORD002977,1,PROD00230,173.12,26.92
ORD002977,2,PROD00012,1339.88,20.78
ORD002977,3,PROD00041,119.07,22.2
ORD002978,1,PROD00050,64.84,9.66
ORD002978,2,PROD00221,300.89,22.59
ORD002979,1,PROD00220,124.43,11.13
ORD002979,2,PROD00068,91.87,17.65
ORD002979,3,PROD00080,70.18,17.27
ORD002979,4,PROD00223,35.97,10.19
ORD002980,1,PROD00032,330.6,13.17
ORD002980,2,PROD00056,233.3,27.58
ORD002980,3,PROD00003,561.15,31.12
ORD002981,1,PROD00199,30.61,19.51
ORD002981,2,PROD00117,92.13,32.96
ORD002982,1,PROD00090,275.65,15.52
ORD002982,2,PROD00061,64.25,8.18
ORD002983,1,PROD00092,122.27,21.4
ORD002983,2,PROD00132,103.34,19.57
ORD002984,1,PROD00181,59.65,19.06
ORD002985,1,PROD00211,84.22,20.2
ORD002985,2,PROD00200,45.75,33.84
ORD002985,3,PROD00223,38.97,16.02
ORD002986,1,PROD00040,239.12,24.56
ORD002987,1,PROD00037,848.77,24.74
ORD002987,2,PROD00002,874.03,20.89
ORD002988,1,PROD00149,1417.46,12.55
ORD002989,1,PROD00166,13.49,5.84
ORD002989,2,PROD00027,742.8,20.77
ORD002990,1,PROD00121,53.63,10.82
ORD002991,1,PROD00123,125.89,16.62
ORD002992,1,PROD00057,92.38,15.85
ORD002993,1,PROD00067,141.28,14.16
ORD002993,2,PROD00078,99.72,12.96
ORD002994,1,PROD00111,49.5,7.47
ORD002995,1,PROD00031,267.94,32.67
ORD002996,1,PROD00013,190.54,12.91
ORD002997,1,PROD00075,145.41,24.97
ORD002997,2,PROD00085,104.13,16.47
ORD002998,1,PROD00237,162.59,7.71
ORD002999,1,PROD00060,138.46,15.01
ORD003000,1,PROD00025,233.06,22.88
ORD003001,1,PROD00213,62.0,7.05
ORD003002,1,PROD00144,1372.52,27.2
ORD003003,1,PROD00228,49.27,17.68
ORD003004,1,PROD00192,48.65,31.39
ORD003005,1,PROD00108,88.28,6.04
ORD003006,1,PROD00232,240.96,10.26
ORD003006,2,PROD00112,37.1,34.29
ORD003007,1,PROD00199,37.15,14.58
ORD003008,1,PROD00037,674.55,29.8
ORD003009,1,PROD00189,17.55,18.95
ORD003010,1,PROD00236,289.4,20.05
ORD003010,2,PROD00163,29.47,13.91
ORD003010,3,PROD00143,1580.25,17.89
ORD003010,4,PROD00058,130.51,29.71
ORD003011,1,PROD00004,595.47,17.99
ORD003012,1,PROD00239,196.2,26.48
ORD003013,1,PROD00197,23.69,28.12
ORD003013,2,PROD00003,590.22,14.33
ORD003014,1,PROD00050,61.94,19.67
ORD003014,2,PROD00084,346.77,14.47
ORD003014,3,PROD00066,34.08,6.84
ORD003015,1,PROD00061,60.83,9.24
ORD003016,1,PROD00067,154.5,11.26
ORD003017,1,PROD00171,28.93,31.58
ORD003017,2,PROD00239,212.07,30.57
ORD003018,1,PROD00123,131.75,13.14
ORD003019,1,PROD00158,1563.86,14.93
ORD003020,1,PROD00005,250.25,16.71
ORD003021,1,PROD00125,51.59,26.95
ORD003022,1,PROD00167,49.72,6.36
ORD003022,2,PROD00121,48.37,28.36
ORD003022,3,PROD00019,103.55,11.73
ORD003022,4,PROD00210,81.22,9.24
ORD003023,1,PROD00025,233.36,15.23
ORD003024,1,PROD00100,331.63,16.95
ORD003024,2,PROD00057,90.3,14.69
ORD003025,1,PROD00037,672.03,21.3
ORD003025,2,PROD00146,899.88,34.44
ORD003026,1,PROD00029,200.04,12.82
ORD003027,1,PROD00171,31.35,30.82
ORD003027,2,PROD00158,1438.36,15.73
ORD003027,3,PROD00174,34.92,21.96
ORD003028,1,PROD00110,134.71,18.32
ORD003029,1,PROD00045,98.43,24.32
ORD003029,2,PROD00080,67.11,11.88
ORD003029,3,PROD00060,137.38,27.07
ORD003030,1,PROD00178,51.6,7.28
ORD003031,1,PROD00064,17.78,5.18
ORD003031,2,PROD00079,43.76,21.77
ORD003032,1,PROD00053,157.54,26.41
ORD003033,1,PROD00196,80.15,15.99
ORD003034,1,PROD00025,188.49,33.3
ORD003035,1,PROD00223,42.31,19.55
ORD003035,2,PROD00162,1080.63,33.94
ORD003036,1,PROD00135,90.04,26.8
ORD003036,2,PROD00100,329.77,23.2
ORD003036,3,PROD00173,32.44,33.51
ORD003036,4,PROD00187,47.07,14.51
ORD003037,1,PROD00158,1400.44,24.58
ORD003037,2,PROD00026,703.04,28.25
ORD003037,3,PROD00233,326.0,13.47
ORD003038,1,PROD00167,50.81,14.63
ORD003039,1,PROD00050,76.25,21.96
ORD003039,2,PROD00204,69.12,32.99
ORD003039,3,PROD00077,141.95,25.66
ORD003039,4,PROD00090,309.36,14.76
ORD003040,1,PROD00196,65.77,20.67
ORD003041,1,PROD00171,30.65,26.89
ORD003041,2,PROD00124,112.34,17.74
ORD003042,1,PROD00010,109.08,33.78
ORD003043,1,PROD00131,67.33,16.48
ORD003043,2,PROD00167,50.73,14.93
ORD003044,1,PROD00025,191.46,5.01
ORD003045,1,PROD00170,19.6,24.88
ORD003045,2,PROD00111,49.21,7.36
ORD003045,3,PROD00125,51.91,17.06
ORD003045,4,PROD00009,740.24,11.46
ORD003046,1,PROD00073,90.11,13.75
ORD003047,1,PROD00098,378.49,17.35
ORD003048,1,PROD00225,252.43,8.37
ORD003049,1,PROD00180,31.2,34.43
ORD003050,1,PROD00174,39.87,30.66
ORD003051,1,PROD00196,77.57,18.33
ORD003052,1,PROD00013,207.74,9.44
ORD003053,1,PROD00097,121.8,22.04
ORD003053,2,PROD00094,135.75,6.16
ORD003053,3,PROD00072,54.73,16.88
ORD003054,1,PROD00147,1325.38,31.89
ORD003054,2,PROD00220,125.36,27.0
ORD003055,1,PROD00078,107.39,30.42
ORD003055,2,PROD00213,52.54,11.28
ORD003055,3,PROD00097,145.18,6.77
ORD003055,4,PROD00048,28.03,15.54
ORD003056,1,PROD00051,142.75,22.04
ORD003056,2,PROD00063,137.36,32.57
ORD003057,1,PROD00119,28.99,9.58
ORD003057,2,PROD00103,342.33,25.34
ORD003058,1,PROD00038,764.75,32.54
ORD003058,2,PROD00014,473.61,8.38
ORD003059,1,PROD00184,17.21,34.85
ORD003059,2,PROD00112,40.25,29.07
ORD003060,1,PROD00042,118.09,32.83
ORD003060,2,PROD00042,100.6,26.53
ORD003060,3,PROD00059,142.59,27.01
ORD003061,1,PROD00119,30.07,33.33
ORD003062,1,PROD00041,137.95,13.62
ORD003062,2,PROD00087,56.55,11.98
ORD003063,1,PROD00143,1539.29,8.31
ORD003063,2,PROD00133,86.22,29.37
ORD003064,1,PROD00202,9.52,23.72
ORD003065,1,PROD00193,51.88,28.44
ORD003065,2,PROD00047,78.98,19.35
ORD003066,1,PROD00028,818.39,24.47
ORD003066,2,PROD00007,1212.57,20.45
ORD003066,3,PROD00237,187.91,5.89
ORD003067,1,PROD00158,1370.5,6.51
ORD003068,1,PROD00120,104.12,20.37
ORD003069,1,PROD00061,57.88,22.73
ORD003069,2,PROD00089,307.0,31.6
ORD003070,1,PROD00106,403.32,28.63
ORD003071,1,PROD00126,41.04,26.38
ORD003071,2,PROD00158,1309.41,17.77
ORD003071,3,PROD00044,78.7,10.31
ORD003071,4,PROD00173,26.64,22.83
ORD003072,1,PROD00168,33.86,29.77
ORD003073,1,PROD00011,515.48,18.98
ORD003073,2,PROD00026,679.83,10.04
ORD003073,3,PROD00079,48.18,27.1
ORD003074,1,PROD00035,833.35,32.19
ORD003075,1,PROD00217,250.41,15.94
ORD003076,1,PROD00009,722.24,28.8
ORD003077,1,PROD00168,36.98,24.83
ORD003077,2,PROD00077,168.65,30.93
ORD003078,1,PROD00232,298.63,7.17
ORD003079,1,PROD00111,48.63,19.25
ORD003080,1,PROD00029,206.54,21.18
ORD003080,2,PROD00025,212.45,19.27
ORD003081,1,PROD00058,120.94,14.03
ORD003082,1,PROD00132,88.31,22.52
ORD003083,1,PROD00162,1117.66,6.83
ORD003084,1,PROD00055,168.77,31.86
ORD003085,1,PROD00089,360.8,34.54
ORD003086,1,PROD00004,639.31,24.79
ORD003086,2,PROD00025,205.83,13.53
ORD003087,1,PROD00161,1109.69,33.45
ORD003087,2,PROD00231,121.23,21.27
ORD003087,3,PROD00033,500.48,16.04
ORD003087,4,PROD00092,100.42,28.58
ORD003088,1,PROD00030,296.34,5.3
ORD003088,2,PROD00231,112.14,6.74
ORD003088,3,PROD00069,64.48,33.21
ORD003089,1,PROD00158,1503.58,11.08
ORD003089,2,PROD00233,302.82,27.72
ORD003090,1,PROD00126,43.64,22.89
ORD003091,1,PROD00171,33.61,32.62
ORD003091,2,PROD00132,99.1,19.0
ORD003092,1,PROD00107,31.44,17.17
ORD003093,1,PROD00062,43.2,18.33
ORD003093,2,PROD00197,22.37,18.0
ORD003093,3,PROD00043,166.69,33.96
ORD003093,4,PROD00050,64.84,24.6
ORD003094,1,PROD00022,780.84,15.38
ORD003095,1,PROD00057,91.97,32.97
ORD003096,1,PROD00201,31.32,31.67
ORD003097,1,PROD00041,121.15,21.84
ORD003097,2,PROD00051,139.89,13.89
ORD003097,3,PROD00171,32.09,22.06
ORD003098,1,PROD00098,393.0,27.46
ORD003098,2,PROD00089,308.11,11.16
ORD003098,3,PROD00157,966.87,10.7
ORD003099,1,PROD00227,134.91,24.53
ORD003099,2,PROD00208,20.9,5.58
ORD003100,1,PROD00198,60.57,7.88
ORD003101,1,PROD00142,584.74,11.97
ORD003102,1,PROD00076,38.01,17.72
ORD003103,1,PROD00106,381.52,9.13
ORD003103,2,PROD00236,311.44,26.77
ORD003104,1,PROD00176,13.09,8.66
ORD003104,2,PROD00033,465.59,30.14
ORD003105,1,PROD00139,164.41,22.5
ORD003106,1,PROD00073,94.39,20.16
ORD003106,2,PROD00105,231.41,34.05
ORD003107,1,PROD00015,582.73,7.26
ORD003108,1,PROD00017,97.07,20.64
ORD003109,1,PROD00155,417.04,28.45
ORD003109,2,PROD00234,294.33,17.17
ORD003110,1,PROD00010,100.33,34.42
ORD003111,1,PROD00031,262.61,28.26
ORD003112,1,PROD00188,47.34,31.9
ORD003113,1,PROD00136,236.51,31.76
ORD003114,1,PROD00023,599.57,17.85
ORD003115,1,PROD00048,30.41,15.58
ORD003115,2,PROD00076,39.15,33.82
ORD003115,3,PROD00061,56.93,31.05
ORD003115,4,PROD00073,104.06,13.23
ORD003116,1,PROD00136,229.8,6.15
ORD003117,1,PROD00201,28.96,28.01
ORD003118,1,PROD00059,121.99,24.51
ORD003118,2,PROD00092,100.82,11.31
ORD003118,3,PROD00088,188.12,24.97
ORD003119,1,PROD00226,148.66,9.89
ORD003119,2,PROD00105,227.01,33.69
ORD003120,1,PROD00088,164.77,9.52
ORD003121,1,PROD00185,14.95,8.77
ORD003122,1,PROD00140,142.65,23.18
ORD003123,1,PROD00052,198.39,17.05
ORD003124,1,PROD00113,54.99,32.49
ORD003125,1,PROD00143,1659.79,16.63
ORD003125,2,PROD00073,100.62,31.79
ORD003126,1,PROD00224,176.97,11.36
ORD003127,1,PROD00203,76.68,11.34
ORD003127,2,PROD00193,46.57,17.17
ORD003128,1,PROD00145,152.15,25.28
ORD003128,2,PROD00120,119.09,32.88
ORD003128,3,PROD00222,242.22,11.42
ORD003128,4,PROD00124,112.27,14.03
ORD003129,1,PROD00235,272.16,14.34
ORD003130,1,PROD00007,1269.38,27.77
ORD003131,1,PROD00140,128.59,13.96
ORD003131,2,PROD00207,54.16,14.03
ORD003131,3,PROD00223,36.35,5.22
ORD003131,4,PROD00145,161.03,34.06
ORD003132,1,PROD00172,39.54,31.99
ORD003133,1,PROD00131,71.6,19.55
ORD003133,2,PROD00027,775.52,31.47
ORD003133,3,PROD00215,72.34,22.83
ORD003134,1,PROD00193,54.04,13.65
ORD003135,1,PROD00017,88.35,21.69
ORD003135,2,PROD00032,321.7,17.34
ORD003135,3,PROD00038,765.98,10.18
ORD003136,1,PROD00231,129.73,22.62
ORD003137,1,PROD00230,180.32,28.92
ORD003138,1,PROD00035,852.82,34.39
ORD003139,1,PROD00204,85.9,30.98
ORD003139,2,PROD00075,156.36,8.77
ORD003140,1,PROD00082,25.01,29.0
ORD003141,1,PROD00192,45.12,8.28
ORD003142,1,PROD00020,374.06,29.18
ORD003143,1,PROD00161,924.39,34.36
ORD003143,2,PROD00224,173.31,29.77
ORD003143,3,PROD00235,253.96,9.16
ORD003143,4,PROD00095,411.15,32.28
ORD003144,1,PROD00020,319.8,7.19
ORD003144,2,PROD00102,229.39,13.21
ORD003144,3,PROD00137,1067.13,18.06
ORD003145,1,PROD00194,55.06,16.49
ORD003146,1,PROD00211,80.03,10.75
ORD003147,1,PROD00072,48.17,29.49
ORD003148,1,PROD00098,318.34,7.92
ORD003148,2,PROD00059,132.91,24.06
ORD003148,3,PROD00060,133.63,31.44
ORD003148,4,PROD00066,32.28,16.8
ORD003149,1,PROD00173,31.55,13.03
ORD003150,1,PROD00114,80.12,23.07
ORD003150,2,PROD00154,704.54,13.41
ORD003151,1,PROD00032,351.11,28.18
ORD003151,2,PROD00061,60.55,17.05
ORD003151,3,PROD00019,103.66,27.0
ORD003152,1,PROD00107,34.99,15.53
ORD003153,1,PROD00080,60.98,26.72
ORD003154,1,PROD00055,158.93,6.56
ORD003154,2,PROD00018,741.84,33.77
ORD003155,1,PROD00026,800.95,10.34
ORD003156,1,PROD00043,190.39,17.42
ORD003157,1,PROD00156,236.67,8.99
ORD003157,2,PROD00159,472.29,21.07
ORD003157,3,PROD00217,280.43,26.94
ORD003157,4,PROD00232,279.65,31.61
ORD003158,1,PROD00133,95.18,15.1
ORD003159,1,PROD00042,119.48,14.97
ORD003160,1,PROD00163,33.92,34.7
ORD003160,2,PROD00115,63.31,32.48
ORD003160,3,PROD00130,110.75,33.57
ORD003161,1,PROD00179,30.06,30.86
ORD003161,2,PROD00114,84.46,9.75
ORD003161,3,PROD00045,101.12,21.72
ORD003162,1,PROD00178,57.9,11.02
ORD003163,1,PROD00074,24.49,30.38
ORD003164,1,PROD00034,832.82,15.67
ORD003164,2,PROD00061,58.48,25.14
ORD003165,1,PROD00148,1443.05,5.39
ORD003166,1,PROD00027,864.27,18.63
ORD003166,2,PROD00008,1266.16,14.79
ORD003167,1,PROD00092,100.08,19.21
ORD003168,1,PROD00132,85.99,29.66
ORD003168,2,PROD00025,204.82,29.63
ORD003168,3,PROD00176,12.41,12.32
ORD003169,1,PROD00021,707.75,26.33
ORD003169,2,PROD00063,134.54,14.37
ORD003170,1,PROD00008,1106.93,11.51
ORD003171,1,PROD00017,99.6,28.97
ORD003171,2,PROD00028,953.7,30.81
ORD003171,3,PROD00037,772.48,15.91
ORD003171,4,PROD00145,157.55,30.25
ORD003172,1,PROD00181,56.31,9.33
ORD003173,1,PROD00033,580.21,18.64
ORD003174,1,PROD00148,1603.9,13.86
ORD003175,1,PROD00212,60.96,23.97
ORD003176,1,PROD00177,12.32,5.37
ORD003176,2,PROD00124,100.62,29.75
ORD003176,3,PROD00124,106.61,17.25
ORD003176,4,PROD00001,1101.16,7.69
ORD003177,1,PROD00150,714.42,5.85
ORD003178,1,PROD00181,53.33,18.95
ORD003179,1,PROD00190,82.65,20.34
ORD003179,2,PROD00120,113.93,18.44
ORD003179,3,PROD00078,119.01,10.54
ORD003180,1,PROD00125,54.45,12.33
ORD003181,1,PROD00069,72.8,18.36
ORD003182,1,PROD00015,674.8,32.16
ORD003183,1,PROD00030,362.85,18.98
ORD003184,1,PROD00063,142.5,32.44
ORD003185,1,PROD00233,288.01,29.23
ORD003185,2,PROD00152,1419.17,32.94
ORD003186,1,PROD00050,69.21,30.09
ORD003187,1,PROD00096,386.76,25.24
ORD003187,2,PROD00086,335.17,9.05
ORD003188,1,PROD00021,739.77,16.08
ORD003188,2,PROD00012,1188.05,28.24
ORD003188,3,PROD00032,362.33,19.24
ORD003188,4,PROD00026,691.49,21.2
ORD003189,1,PROD00161,1052.84,29.42
ORD003190,1,PROD00148,1353.25,23.83
ORD003191,1,PROD00189,17.49,10.14
ORD003192,1,PROD00034,704.09,12.15
ORD003193,1,PROD00027,851.7,28.28
ORD003193,2,PROD00019,96.6,20.76
ORD003194,1,PROD00108,99.19,27.9
ORD003194,2,PROD00092,101.5,17.38
ORD003194,3,PROD00011,514.0,7.12
ORD003194,4,PROD00129,20.76,23.49
ORD003195,1,PROD00235,282.24,25.95
ORD003195,2,PROD00123,129.72,30.2
ORD003196,1,PROD00164,26.0,14.44
ORD003196,2,PROD00081,101.16,30.15
ORD003197,1,PROD00008,1349.2,31.94
ORD003198,1,PROD00184,13.8,24.21
ORD003198,2,PROD00178,51.91,28.73
ORD003198,3,PROD00132,99.96,14.69
ORD003199,1,PROD00032,364.41,8.47
ORD003200,1,PROD00046,208.5,10.99
ORD003200,2,PROD00168,31.6,20.35
ORD003200,3,PROD00081,112.41,22.7
ORD003200,4,PROD00070,162.06,33.78
ORD003201,1,PROD00192,43.85,18.15
ORD003202,1,PROD00077,143.41,13.84
ORD003202,2,PROD00047,68.61,24.08
ORD003203,1,PROD00164,25.6,5.83
ORD003203,2,PROD00177,11.69,15.11
ORD003203,3,PROD00135,113.08,10.14
ORD003203,4,PROD00122,123.16,14.48
ORD003204,1,PROD00131,71.13,34.68
ORD003205,1,PROD00063,143.02,21.88
ORD003205,2,PROD00094,127.83,33.31
ORD003206,1,PROD00185,16.32,29.16
ORD003206,2,PROD00034,659.61,19.37
ORD003207,1,PROD00021,713.14,34.36
ORD003207,2,PROD00128,78.44,20.67
ORD003208,1,PROD00045,110.62,22.87
ORD003208,2,PROD00151,326.46,14.39
ORD003209,1,PROD00031,267.33,5.71
ORD003210,1,PROD00045,101.91,19.17
ORD003210,2,PROD00081,115.33,24.31
ORD003210,3,PROD00014,473.71,18.73
ORD003210,4,PROD00109,309.24,29.07
ORD003211,1,PROD00041,112.21,17.96
ORD003212,1,PROD00111,54.15,17.15
ORD003213,1,PROD00169,34.08,18.22
ORD003214,1,PROD00083,55.77,6.7
ORD003214,2,PROD00088,180.62,12.86
ORD003214,3,PROD00039,265.53,22.24
ORD003215,1,PROD00230,180.92,11.57
ORD003215,2,PROD00154,712.99,19.12
ORD003216,1,PROD00086,366.81,31.21
ORD003216,2,PROD00222,256.17,9.6
ORD003217,1,PROD00099,177.53,5.19
ORD003218,1,PROD00045,108.27,26.56
ORD003218,2,PROD00126,42.69,25.91
ORD003219,1,PROD00095,416.79,26.63
ORD003220,1,PROD00236,296.98,7.19
ORD003220,2,PROD00153,155.03,17.19
ORD003220,3,PROD00140,141.96,12.62
ORD003221,1,PROD00177,11.74,33.82
ORD003222,1,PROD00210,76.41,10.64
ORD003223,1,PROD00192,51.26,17.09
ORD003223,2,PROD00113,50.93,7.14
ORD003223,3,PROD00017,90.93,31.54
ORD003223,4,PROD00139,166.46,9.14
ORD003224,1,PROD00178,59.55,7.48
ORD003224,2,PROD00118,11.5,8.24
ORD003224,3,PROD00112,38.6,6.86
ORD003224,4,PROD00128,90.2,24.58
ORD003225,1,PROD00217,283.44,23.67
ORD003226,1,PROD00048,27.81,16.23
ORD003227,1,PROD00148,1362.46,16.8
ORD003228,1,PROD00219,306.63,8.42
ORD003228,2,PROD00141,720.29,28.73
ORD003229,1,PROD00138,224.94,19.14
ORD003229,2,PROD00234,320.42,18.35
ORD003229,3,PROD00118,13.19,14.6
ORD003230,1,PROD00103,377.89,23.01
ORD003230,2,PROD00093,403.22,10.02
ORD003230,3,PROD00209,58.0,25.51
ORD003231,1,PROD00075,140.56,28.98
ORD003232,1,PROD00181,57.55,20.92
ORD003233,1,PROD00030,353.65,30.79
ORD003233,2,PROD00059,145.75,24.08
ORD003234,1,PROD00230,180.45,33.89
ORD003234,2,PROD00144,1258.24,21.27
ORD003235,1,PROD00049,51.62,28.25
ORD003236,1,PROD00062,41.92,32.39
ORD003237,1,PROD00056,226.75,26.77
ORD003238,1,PROD00238,167.71,24.82
ORD003239,1,PROD00065,81.59,25.02
ORD003240,1,PROD00024,494.44,32.28
ORD003240,2,PROD00130,121.8,11.47
ORD003241,1,PROD00069,72.84,28.18
ORD003242,1,PROD00176,14.14,12.29
ORD003243,1,PROD00134,44.93,11.1
ORD003244,1,PROD00113,48.96,21.56
ORD003245,1,PROD00099,168.84,20.53
ORD003246,1,PROD00009,781.27,26.45
ORD003246,2,PROD00023,617.73,31.24
ORD003247,1,PROD00164,28.85,30.87
ORD003247,2,PROD00038,693.38,22.98
ORD003247,3,PROD00050,67.15,9.37
ORD003247,4,PROD00205,42.77,34.32
ORD003248,1,PROD00161,950.0,5.19
ORD003249,1,PROD00039,229.31,13.76
ORD003250,1,PROD00058,121.96,10.29
ORD003251,1,PROD00056,222.82,9.37
ORD003252,1,PROD00123,117.79,31.13
ORD003252,2,PROD00075,135.49,26.8
ORD003252,3,PROD00023,652.64,9.57
ORD003252,4,PROD00175,46.95,8.38
ORD003253,1,PROD00212,62.31,25.24
ORD003253,2,PROD00014,550.06,5.25
ORD003253,3,PROD00207,46.45,22.91
ORD003254,1,PROD00004,620.84,22.57
ORD003254,2,PROD00036,239.68,11.69
ORD003254,3,PROD00182,59.96,14.58
ORD003255,1,PROD00228,50.21,33.07
ORD003255,2,PROD00049,48.13,27.43
ORD003256,1,PROD00191,36.6,16.39
ORD003257,1,PROD00046,246.69,11.11
ORD003258,1,PROD00181,60.68,14.19
ORD003259,1,PROD00065,75.79,15.92
ORD003259,2,PROD00213,53.25,29.23
ORD003259,3,PROD00056,216.38,30.47
ORD003259,4,PROD00112,38.76,15.61
ORD003260,1,PROD00081,100.06,11.83
ORD003261,1,PROD00040,226.71,23.19
ORD003261,2,PROD00164,27.62,11.09
ORD003262,1,PROD00015,563.52,29.38
ORD003263,1,PROD00010,119.48,23.34
ORD003263,2,PROD00068,82.79,21.93
ORD003263,3,PROD00236,342.1,30.48
ORD003264,1,PROD00048,28.61,25.24
ORD003264,2,PROD00062,51.65,19.96
ORD003264,3,PROD00123,116.75,32.65
ORD003265,1,PROD00025,199.16,9.33
ORD003266,1,PROD00165,9.86,30.07
ORD003267,1,PROD00153,163.56,12.84
ORD003267,2,PROD00054,73.91,15.38
ORD003267,3,PROD00239,230.07,21.19
ORD003268,1,PROD00224,176.57,19.95
ORD003269,1,PROD00031,316.21,18.32
ORD003269,2,PROD00234,328.05,28.31
ORD003269,3,PROD00156,203.71,32.89
ORD003270,1,PROD00055,150.49,30.41
ORD003271,1,PROD00146,969.69,31.3
ORD003271,2,PROD00100,330.4,19.67
ORD003271,3,PROD00164,25.51,33.6
ORD003271,4,PROD00228,50.97,12.36
ORD003272,1,PROD00212,55.74,7.25
ORD003273,1,PROD00126,42.65,15.54
ORD003273,2,PROD00171,33.56,28.57
ORD003273,3,PROD00169,34.35,8.97
ORD003274,1,PROD00017,96.19,12.02
ORD003275,1,PROD00048,31.67,29.81
ORD003275,2,PROD00090,294.91,19.53
ORD003276,1,PROD00174,36.68,23.42
ORD003277,1,PROD00002,878.07,5.28
ORD003278,1,PROD00053,165.44,12.95
ORD003278,2,PROD00025,219.73,18.19
ORD003279,1,PROD00073,111.63,12.3
ORD003279,2,PROD00066,28.76,34.32
ORD003279,3,PROD00092,103.87,20.65
ORD003280,1,PROD00123,124.81,27.4
ORD003281,1,PROD00162,1008.48,32.85
ORD003282,1,PROD00164,31.95,19.97
ORD003282,2,PROD00119,28.89,20.1
ORD003283,1,PROD00123,119.72,14.6
ORD003283,2,PROD00022,930.18,7.07
ORD003283,3,PROD00202,8.59,15.24
ORD003283,4,PROD00023,671.71,32.12
ORD003284,1,PROD00045,113.16,26.24
ORD003285,1,PROD00195,22.07,5.3
ORD003286,1,PROD00207,55.51,26.81
ORD003286,2,PROD00079,46.93,26.53
ORD003286,3,PROD00137,1077.22,27.6
ORD003287,1,PROD00108,94.66,34.87
ORD003287,2,PROD00217,267.05,7.04
ORD003287,3,PROD00135,99.16,26.91
ORD003287,4,PROD00225,303.54,29.4
ORD003288,1,PROD00117,87.25,23.49
ORD003288,2,PROD00187,51.4,20.4
ORD003289,1,PROD00068,80.38,33.46
ORD003290,1,PROD00124,117.48,18.22
ORD003291,1,PROD00215,71.58,8.84
ORD003291,2,PROD00083,53.37,14.55
ORD003291,3,PROD00180,30.33,21.07
ORD003292,1,PROD00213,54.11,16.28
ORD003292,2,PROD00153,178.64,19.12
ORD003292,3,PROD00035,918.94,27.43
ORD003292,4,PROD00134,40.3,34.37
ORD003293,1,PROD00135,104.71,20.66
ORD003293,2,PROD00179,30.7,18.08
ORD003293,3,PROD00171,30.43,28.36
ORD003294,1,PROD00013,164.26,13.09
ORD003295,1,PROD00029,217.21,34.54
ORD003295,2,PROD00001,1039.93,27.31
ORD003296,1,PROD00161,1012.21,7.93
ORD003296,2,PROD00238,154.77,6.85
ORD003297,1,PROD00138,192.37,6.78
ORD003298,1,PROD00056,224.71,19.93
ORD003299,1,PROD00146,876.13,20.11
ORD003299,2,PROD00235,306.34,9.61
ORD003300,1,PROD00191,37.32,21.11
ORD003301,1,PROD00119,30.73,15.8
ORD003302,1,PROD00225,285.7,29.74
ORD003303,1,PROD00161,1058.26,22.19
ORD003304,1,PROD00111,48.28,12.08
ORD003304,2,PROD00172,45.59,5.56
ORD003305,1,PROD00132,93.2,11.13
ORD003305,2,PROD00225,252.76,22.36
ORD003306,1,PROD00015,563.38,12.11
ORD003306,2,PROD00022,929.6,6.19
ORD003307,1,PROD00022,916.51,9.95
ORD003308,1,PROD00023,598.14,9.86
ORD003308,2,PROD00232,297.19,16.94
ORD003308,3,PROD00021,772.68,29.08
ORD003309,1,PROD00090,279.6,14.13
ORD003309,2,PROD00191,39.38,31.41
ORD003310,1,PROD00113,55.21,34.23
ORD003311,1,PROD00155,465.61,20.14
ORD003312,1,PROD00094,126.83,34.28
ORD003312,2,PROD00060,128.19,18.43
ORD003312,3,PROD00072,55.9,34.12
ORD003313,1,PROD00009,813.82,16.44
ORD003314,1,PROD00144,1308.79,5.96
ORD003314,2,PROD00026,802.18,26.65
ORD003314,3,PROD00044,85.49,33.35
ORD003315,1,PROD00020,382.89,14.02
ORD003316,1,PROD00065,76.82,7.23
ORD003317,1,PROD00183,21.0,19.88
ORD003318,1,PROD00063,141.98,28.49
ORD003318,2,PROD00098,359.23,32.18
ORD003319,1,PROD00121,52.46,21.64
ORD003319,2,PROD00164,29.55,20.17
ORD003319,3,PROD00106,383.68,30.71
ORD003320,1,PROD00040,229.48,29.37
ORD003320,2,PROD00144,1174.93,22.85
ORD003321,1,PROD00079,42.5,18.52
ORD003321,2,PROD00095,384.82,33.42
ORD003322,1,PROD00106,378.93,9.21
ORD003322,2,PROD00059,133.89,6.45
ORD003323,1,PROD00118,13.61,8.9
ORD003324,1,PROD00220,116.42,20.96
ORD003325,1,PROD00179,30.31,21.87
ORD003326,1,PROD00025,229.48,7.94
ORD003327,1,PROD00086,373.78,34.4
ORD003328,1,PROD00045,107.74,27.03
ORD003329,1,PROD00235,308.69,6.76
ORD003329,2,PROD00238,155.58,6.57
ORD003329,3,PROD00149,1350.75,22.5
ORD003330,1,PROD00183,19.82,27.78
ORD003331,1,PROD00199,32.78,16.74
ORD003332,1,PROD00001,942.28,7.38
ORD003333,1,PROD00236,323.85,19.75
ORD003333,2,PROD00227,142.67,13.37
ORD003334,1,PROD00210,84.81,30.34
ORD003335,1,PROD00232,298.87,29.9
ORD003336,1,PROD00155,443.15,24.44
ORD003337,1,PROD00063,116.63,20.66
ORD003338,1,PROD00218,37.78,15.63
ORD003339,1,PROD00140,142.76,32.57
ORD003340,1,PROD00111,50.56,24.97
ORD003340,2,PROD00166,14.01,20.51
ORD003340,3,PROD00117,101.55,24.29
ORD003340,4,PROD00233,295.52,24.33
ORD003341,1,PROD00109,306.0,21.17
ORD003341,2,PROD00133,83.48,13.94
ORD003341,3,PROD00223,35.9,18.39
ORD003342,1,PROD00216,41.47,33.41
ORD003343,1,PROD00112,42.3,13.74
ORD003343,2,PROD00184,14.35,19.52
ORD003344,1,PROD00013,188.31,13.86
ORD003344,2,PROD00165,10.16,14.35
ORD003344,3,PROD00029,239.11,6.74
ORD003345,1,PROD00127,73.37,26.85
ORD003346,1,PROD00131,68.82,7.81
ORD003346,2,PROD00180,34.47,14.54
ORD003347,1,PROD00207,50.72,7.5
ORD003348,1,PROD00179,28.3,22.68
ORD003349,1,PROD00077,167.61,30.34
ORD003349,2,PROD00038,614.24,30.36
ORD003350,1,PROD00098,340.8,31.21
ORD003350,2,PROD00068,88.14,7.02
ORD003351,1,PROD00142,632.74,24.75
ORD003352,1,PROD00120,107.44,11.08
ORD003353,1,PROD00049,51.83,5.99
ORD003354,1,PROD00050,75.22,17.63
ORD003354,2,PROD00065,70.78,13.52
ORD003355,1,PROD00032,400.2,14.41
ORD003356,1,PROD00185,14.31,5.97
ORD003356,2,PROD00118,11.45,20.41
ORD003357,1,PROD00035,886.16,15.83
ORD003357,2,PROD00012,1137.99,12.27
ORD003357,3,PROD00003,560.31,9.0
ORD003358,1,PROD00234,321.98,33.69
ORD003359,1,PROD00086,319.65,14.7
ORD003359,2,PROD00069,59.94,24.39
ORD003359,3,PROD00029,237.98,33.51
ORD003360,1,PROD00035,929.24,30.47
ORD003361,1,PROD00057,87.9,26.49
ORD003361,2,PROD00062,47.84,26.67
ORD003361,3,PROD00091,214.02,16.0
ORD003361,4,PROD00211,72.97,23.4
ORD003362,1,PROD00132,95.2,11.01
ORD003363,1,PROD00020,374.42,34.47
ORD003364,1,PROD00161,1028.42,34.75
ORD003365,1,PROD00146,926.74,9.83
ORD003365,2,PROD00227,168.74,18.05
ORD003366,1,PROD00165,11.6,18.85
ORD003367,1,PROD00203,67.45,33.53
ORD003368,1,PROD00088,180.98,7.93
ORD003369,1,PROD00126,50.7,31.65
ORD003369,2,PROD00183,18.32,5.82
ORD003370,1,PROD00044,87.74,13.8
ORD003371,1,PROD00022,748.37,20.25
ORD003371,2,PROD00006,146.35,27.89
ORD003372,1,PROD00176,13.18,26.17
ORD003372,2,PROD00160,355.08,28.34
ORD003372,3,PROD00106,359.74,20.89
ORD003372,4,PROD00025,203.89,12.47
ORD003373,1,PROD00002,948.97,19.94
ORD003374,1,PROD00190,84.41,27.12
ORD003374,2,PROD00003,532.83,33.84
ORD003374,3,PROD00017,107.84,26.35
ORD003375,1,PROD00096,337.57,15.73
ORD003375,2,PROD00201,29.53,5.51
ORD003376,1,PROD00013,195.42,29.51
ORD003376,2,PROD00029,241.63,20.91
ORD003376,3,PROD00031,285.97,30.45
ORD003377,1,PROD00173,28.48,15.31
ORD003378,1,PROD00235,265.23,24.02
ORD003379,1,PROD00130,129.11,30.78
ORD003379,2,PROD00186,13.42,24.82
ORD003380,1,PROD00060,118.73,21.72
ORD003380,2,PROD00231,117.39,33.2
ORD003380,3,PROD00052,190.27,13.76
ORD003380,4,PROD00035,847.9,26.5
ORD003381,1,PROD00160,347.61,21.58
ORD003382,1,PROD00026,674.44,12.75
ORD003382,2,PROD00019,91.68,16.58
ORD003382,3,PROD00017,100.88,21.11
ORD003383,1,PROD00167,52.73,11.38
ORD003383,2,PROD00111,53.76,23.46
ORD003384,1,PROD00129,19.76,26.24
ORD003385,1,PROD00238,166.08,16.14
ORD003385,2,PROD00034,809.29,30.96
ORD003386,1,PROD00231,129.32,10.35
ORD003387,1,PROD00017,86.43,23.66
ORD003387,2,PROD00119,29.63,34.53
ORD003387,3,PROD00025,226.79,29.25
ORD003388,1,PROD00048,28.83,17.63
ORD003389,1,PROD00032,388.26,22.39
ORD003389,2,PROD00076,35.37,7.16
ORD003389,3,PROD00017,87.89,12.36
ORD003389,4,PROD00102,249.64,34.62
ORD003390,1,PROD00097,135.56,20.57
ORD003391,1,PROD00146,926.43,24.55
ORD003391,2,PROD00229,225.94,22.64
ORD003391,3,PROD00227,157.42,26.15
ORD003392,1,PROD00005,266.63,33.6
ORD003393,1,PROD00081,96.63,15.37
ORD003394,1,PROD00052,194.22,26.95
ORD003395,1,PROD00092,102.08,6.81
ORD003396,1,PROD00130,115.54,21.89
ORD003397,1,PROD00220,117.33,18.58
ORD003398,1,PROD00226,149.19,31.87
ORD003398,2,PROD00141,710.85,13.48
ORD003399,1,PROD00172,45.1,22.76
ORD003399,2,PROD00119,32.13,10.81
ORD003400,1,PROD00036,227.48,29.35
ORD003400,2,PROD00044,92.44,11.98
ORD003400,3,PROD00144,1324.06,24.05
ORD003400,4,PROD00135,113.44,25.48
ORD003401,1,PROD00170,18.56,28.43
ORD003402,1,PROD00140,149.91,18.72
ORD003402,2,PROD00169,32.77,27.41
ORD003402,3,PROD00110,152.39,12.35
ORD003402,4,PROD00108,102.02,23.41
ORD003403,1,PROD00001,1100.46,12.16
ORD003404,1,PROD00112,35.57,20.18
ORD003405,1,PROD00101,310.9,15.69
ORD003406,1,PROD00039,264.16,33.68
ORD003407,1,PROD00022,897.61,32.36
ORD003408,1,PROD00223,43.31,6.99
ORD003409,1,PROD00154,659.65,31.7
ORD003410,1,PROD00213,56.95,34.06
ORD003410,2,PROD00038,611.04,6.89
ORD003411,1,PROD00015,544.52,20.28
ORD003412,1,PROD00139,165.77,20.0
ORD003413,1,PROD00177,12.66,15.57
ORD003414,1,PROD00205,41.03,10.08
ORD003414,2,PROD00138,226.83,14.48
ORD003415,1,PROD00009,770.86,8.02
ORD003415,2,PROD00174,39.59,7.08
ORD003415,3,PROD00024,445.1,19.89
ORD003416,1,PROD00041,115.49,10.07
ORD003416,2,PROD00222,234.55,18.89
ORD003416,3,PROD00094,126.57,20.24
ORD003417,1,PROD00150,712.81,19.33
ORD003418,1,PROD00105,229.95,24.9
ORD003419,1,PROD00185,16.58,18.99
ORD003419,2,PROD00218,38.87,12.5
ORD003420,1,PROD00193,43.48,9.6
ORD003420,2,PROD00094,120.37,18.87
ORD003421,1,PROD00056,243.22,20.15
ORD003421,2,PROD00079,43.39,23.81
ORD003422,1,PROD00078,105.89,11.0
ORD003423,1,PROD00065,68.64,28.14
ORD003424,1,PROD00019,106.28,16.46
ORD003425,1,PROD00197,22.38,18.99
ORD003426,1,PROD00047,81.38,17.94
ORD003427,1,PROD00026,813.64,12.32
ORD003427,2,PROD00016,941.46,32.34
ORD003428,1,PROD00016,923.3,19.72
ORD003428,2,PROD00140,134.06,22.25
ORD003429,1,PROD00041,112.31,23.34
ORD003430,1,PROD00107,30.22,29.95
ORD003431,1,PROD00039,254.27,10.41
ORD003432,1,PROD00192,51.69,17.14
ORD003432,2,PROD00028,924.79,13.5
ORD003432,3,PROD00002,918.64,21.39
ORD003432,4,PROD00212,67.22,7.92
ORD003433,1,PROD00155,507.04,22.24
ORD003434,1,PROD00210,68.71,7.35
ORD003435,1,PROD00118,12.85,16.48
ORD003435,2,PROD00232,298.08,34.16
ORD003436,1,PROD00105,205.89,6.78
ORD003437,1,PROD00010,96.19,32.31
ORD003438,1,PROD00048,28.55,11.7
ORD003439,1,PROD00037,846.88,33.0
ORD003440,1,PROD00209,72.65,15.47
ORD003441,1,PROD00234,290.07,32.98
ORD003442,1,PROD00031,267.43,6.88
ORD003443,1,PROD00170,20.32,34.17
ORD003443,2,PROD00114,82.02,9.98
ORD003443,3,PROD00135,112.44,34.41
ORD003443,4,PROD00149,1446.2,31.15
ORD003444,1,PROD00032,369.8,31.68
ORD003444,2,PROD00008,1219.99,22.7
ORD003445,1,PROD00193,53.54,33.5
ORD003446,1,PROD00015,583.12,18.03
ORD003446,2,PROD00238,167.67,13.97
ORD003446,3,PROD00174,32.48,8.79
ORD003447,1,PROD00212,62.41,8.13
ORD003447,2,PROD00016,954.15,8.99
ORD003447,3,PROD00035,1021.99,18.06
ORD003448,1,PROD00039,239.77,12.83
ORD003448,2,PROD00144,1256.41,29.89
ORD003448,3,PROD00090,299.25,18.52
ORD003448,4,PROD00083,64.77,7.63
ORD003449,1,PROD00191,36.94,18.68
ORD003449,2,PROD00108,94.41,26.69
ORD003449,3,PROD00225,291.63,11.69
ORD003449,4,PROD00230,166.03,33.48
ORD003450,1,PROD00215,80.0,6.74
ORD003451,1,PROD00035,866.56,14.36
ORD003452,1,PROD00198,59.8,21.51
ORD003453,1,PROD00066,29.02,16.92
ORD003453,2,PROD00029,244.5,24.03
ORD003454,1,PROD00237,186.92,11.54
ORD003455,1,PROD00067,146.92,13.43
ORD003456,1,PROD00035,853.89,7.05
ORD003457,1,PROD00057,87.55,31.58
ORD003457,2,PROD00018,718.12,17.67
ORD003457,3,PROD00064,14.39,6.57
ORD003457,4,PROD00182,62.0,33.13
ORD003458,1,PROD00121,46.85,12.07
ORD003459,1,PROD00020,378.11,24.32
ORD003460,1,PROD00084,396.39,6.19
ORD003461,1,PROD00083,53.74,28.18
ORD003462,1,PROD00192,49.36,8.36
ORD003462,2,PROD00228,45.14,17.26
ORD003462,3,PROD00086,319.75,8.99
ORD003463,1,PROD00074,23.05,22.01
ORD003464,1,PROD00050,74.95,7.89
ORD003465,1,PROD00090,289.87,14.12
ORD003466,1,PROD00018,803.17,28.82
ORD003467,1,PROD00212,69.26,28.43
ORD003467,2,PROD00048,27.43,14.68
ORD003468,1,PROD00012,1097.26,30.49
ORD003468,2,PROD00230,208.03,17.46
ORD003468,3,PROD00056,245.32,23.83
ORD003468,4,PROD00029,246.86,12.14
ORD003469,1,PROD00059,145.88,31.41
ORD003469,2,PROD00039,234.56,6.85
ORD003470,1,PROD00087,55.01,33.82
ORD003471,1,PROD00096,348.17,32.62
ORD003471,2,PROD00023,672.41,22.61
ORD003471,3,PROD00010,117.33,18.76
ORD003472,1,PROD00136,200.08,13.16
ORD003473,1,PROD00046,239.05,21.09
ORD003474,1,PROD00066,29.31,7.1
ORD003475,1,PROD00189,16.0,8.36
ORD003475,2,PROD00123,126.07,7.11
ORD003475,3,PROD00131,67.29,16.77
ORD003476,1,PROD00194,53.9,5.76
ORD003477,1,PROD00138,211.94,23.94
ORD003478,1,PROD00165,9.88,27.12
ORD003479,1,PROD00107,31.04,14.45
ORD003479,2,PROD00190,78.24,23.15
ORD003479,3,PROD00081,101.53,31.51
ORD003479,4,PROD00103,380.07,13.2
ORD003480,1,PROD00004,592.29,21.65
ORD003480,2,PROD00123,107.57,33.96
ORD003480,3,PROD00048,33.59,28.67
ORD003481,1,PROD00230,176.27,11.66
ORD003481,2,PROD00107,36.51,28.16
ORD003481,3,PROD00067,136.94,7.02
ORD003481,4,PROD00150,726.07,14.09
ORD003482,1,PROD00042,109.95,34.58
ORD003483,1,PROD00156,233.52,21.6
ORD003484,1,PROD00126,47.65,5.56
ORD003484,2,PROD00199,31.27,30.69
ORD003485,1,PROD00192,47.3,11.24
ORD003485,2,PROD00052,189.55,13.56
ORD003485,3,PROD00092,103.71,7.6
ORD003486,1,PROD00031,296.28,31.62
ORD003486,2,PROD00018,647.06,34.56
ORD003487,1,PROD00091,249.14,15.55
ORD003487,2,PROD00190,79.27,15.11
ORD003488,1,PROD00034,703.25,22.38
ORD003488,2,PROD00234,297.37,28.15
ORD003489,1,PROD00177,12.64,10.3
ORD003490,1,PROD00057,85.74,25.4
ORD003491,1,PROD00070,164.71,20.6
ORD003491,2,PROD00046,214.76,28.54
ORD003492,1,PROD00033,465.18,25.55
ORD003493,1,PROD00025,224.72,11.82
ORD003494,1,PROD00146,953.07,31.66
ORD003494,2,PROD00021,864.51,29.32
ORD003495,1,PROD00166,13.08,5.29
ORD003496,1,PROD00089,386.24,29.05
ORD003497,1,PROD00054,60.56,8.53
ORD003497,2,PROD00118,12.4,14.69
ORD003498,1,PROD00167,60.56,28.45
ORD003499,1,PROD00209,62.55,28.09
ORD003500,1,PROD00038,752.64,9.17
ORD003501,1,PROD00135,100.95,25.65
ORD003501,2,PROD00040,253.18,22.33
ORD003501,3,PROD00187,53.73,25.75
ORD003502,1,PROD00030,306.51,30.95
ORD003503,1,PROD00199,32.46,34.2
ORD003504,1,PROD00221,294.19,11.97
ORD003505,1,PROD00068,82.79,30.59
ORD003506,1,PROD00130,109.6,22.87
ORD003506,2,PROD00190,67.91,11.26
ORD003507,1,PROD00158,1398.71,23.61
ORD003507,2,PROD00223,38.84,9.46
ORD003507,3,PROD00109,280.42,27.33
ORD003507,4,PROD00037,713.16,30.42
ORD003508,1,PROD00237,181.25,29.29
ORD003509,1,PROD00049,49.57,34.94
ORD003510,1,PROD00037,757.19,7.35
ORD003510,2,PROD00017,86.07,31.79
ORD003511,1,PROD00107,32.74,9.04
ORD003512,1,PROD00166,12.88,32.35
ORD003512,2,PROD00212,59.53,33.6
ORD003512,3,PROD00113,49.22,26.84
ORD003513,1,PROD00194,64.0,7.91
ORD003514,1,PROD00063,140.4,33.73
ORD003514,2,PROD00107,33.02,14.21
ORD003515,1,PROD00168,31.1,27.86
ORD003515,2,PROD00053,162.32,15.83
ORD003515,3,PROD00164,29.27,8.06
ORD003516,1,PROD00205,46.24,24.79
ORD003516,2,PROD00021,862.76,21.94
ORD003516,3,PROD00099,195.55,17.28
ORD003516,4,PROD00018,655.21,34.82
ORD003517,1,PROD00202,8.51,8.8
ORD003518,1,PROD00067,129.06,5.31
ORD003519,1,PROD00176,12.54,21.31
ORD003519,2,PROD00159,403.25,29.75
ORD003519,3,PROD00132,88.13,10.65
ORD003520,1,PROD00152,1585.34,6.72
ORD003521,1,PROD00236,315.34,20.05
ORD003522,1,PROD00235,250.88,6.62
ORD003522,2,PROD00005,232.72,32.84
ORD003522,3,PROD00152,1507.24,22.38
ORD003523,1,PROD00050,66.01,19.48
ORD003524,1,PROD00103,370.44,29.68
ORD003525,1,PROD00151,326.7,29.98
ORD003525,2,PROD00231,130.78,32.49
ORD003526,1,PROD00049,44.26,27.88
ORD003526,2,PROD00006,133.27,8.2
ORD003526,3,PROD00106,416.23,6.46
ORD003527,1,PROD00022,852.79,22.83
ORD003528,1,PROD00230,199.76,25.43
ORD003529,1,PROD00005,237.37,9.52
ORD003529,2,PROD00037,732.15,5.88
ORD003530,1,PROD00163,29.36,27.57
ORD003531,1,PROD00158,1349.37,9.05
ORD003532,1,PROD00045,107.17,22.27
ORD003533,1,PROD00180,31.76,24.74
ORD003534,1,PROD00032,400.36,25.12
ORD003535,1,PROD00164,27.12,20.22
ORD003535,2,PROD00130,116.08,11.22
ORD003536,1,PROD00027,730.31,16.41
ORD003536,2,PROD00174,34.2,11.54
ORD003537,1,PROD00091,247.6,11.41
ORD003538,1,PROD00237,191.0,32.92
ORD003539,1,PROD00064,14.72,20.56
ORD003540,1,PROD00145,163.79,20.22
ORD003540,2,PROD00208,22.18,31.6
ORD003540,3,PROD00226,146.3,8.61
ORD003540,4,PROD00236,305.33,34.45
ORD003541,1,PROD00198,54.56,18.62
ORD003541,2,PROD00101,319.67,32.08
ORD003541,3,PROD00041,125.6,17.54
ORD003542,1,PROD00115,72.51,7.76
ORD003542,2,PROD00166,11.36,31.49
ORD003542,3,PROD00047,74.45,25.62
ORD003542,4,PROD00168,37.57,16.23
ORD003543,1,PROD00154,697.7,12.47
ORD003544,1,PROD00167,48.9,33.29
ORD003545,1,PROD00102,218.6,30.13
ORD003545,2,PROD00200,38.61,12.41
ORD003546,1,PROD00135,105.91,31.42
ORD003547,1,PROD00130,120.99,10.78
ORD003548,1,PROD00161,895.79,30.66
ORD003549,1,PROD00132,85.91,12.05
ORD003549,2,PROD00028,797.61,34.02
ORD003549,3,PROD00168,35.76,10.01
ORD003549,4,PROD00163,31.66,10.54
ORD003550,1,PROD00045,115.5,17.24
ORD003551,1,PROD00188,49.31,32.34
ORD003552,1,PROD00115,67.46,7.87
ORD003553,1,PROD00006,135.33,19.93
ORD003554,1,PROD00022,817.74,25.87
ORD003554,2,PROD00219,298.95,34.57
ORD003555,1,PROD00062,47.42,27.21
ORD003556,1,PROD00109,293.54,13.84
ORD003556,2,PROD00035,809.63,28.73
ORD003556,3,PROD00032,369.27,19.42
ORD003556,4,PROD00152,1622.14,18.35
ORD003557,1,PROD00170,20.83,19.45
ORD003557,2,PROD00128,79.01,32.11
ORD003557,3,PROD00202,9.27,21.35
ORD003558,1,PROD00212,68.56,13.38
ORD003558,2,PROD00033,482.68,16.3
ORD003559,1,PROD00162,924.68,11.54
ORD003560,1,PROD00094,134.87,32.68
ORD003561,1,PROD00086,318.59,10.38
ORD003562,1,PROD00117,90.34,22.85
ORD003562,2,PROD00168,33.1,19.89
ORD003562,3,PROD00183,18.79,22.23
ORD003563,1,PROD00158,1374.01,5.38
ORD003564,1,PROD00014,513.79,31.83
ORD003565,1,PROD00098,358.76,27.39
ORD003565,2,PROD00030,329.11,17.95
ORD003565,3,PROD00180,30.18,27.02
ORD003565,4,PROD00210,69.19,27.93
ORD003566,1,PROD00222,229.18,22.68
ORD003566,2,PROD00069,63.49,32.73
ORD003566,3,PROD00150,653.88,10.27
ORD003567,1,PROD00230,174.84,30.12
ORD003568,1,PROD00056,215.69,9.99
ORD003569,1,PROD00051,140.41,5.04
ORD003569,2,PROD00222,211.74,29.06
ORD003570,1,PROD00064,17.89,17.65
ORD003571,1,PROD00033,480.66,21.47
ORD003572,1,PROD00090,323.28,20.84
ORD003573,1,PROD00076,32.13,30.96
ORD003573,2,PROD00093,415.92,18.81
ORD003573,3,PROD00094,111.64,32.66
ORD003573,4,PROD00087,60.7,17.5
ORD003574,1,PROD00225,287.93,30.44
ORD003575,1,PROD00084,331.21,18.43
ORD003576,1,PROD00119,32.75,29.64
ORD003576,2,PROD00164,30.83,25.03
ORD003576,3,PROD00156,213.42,25.02
ORD003576,4,PROD00034,811.78,15.52
ORD003577,1,PROD00080,61.38,22.31
ORD003578,1,PROD00144,1428.04,33.6
ORD003578,2,PROD00076,31.66,5.86
ORD003578,3,PROD00080,61.01,32.87
ORD003579,1,PROD00036,238.6,14.61
ORD003579,2,PROD00027,824.18,31.56
ORD003579,3,PROD00025,227.11,25.53
ORD003580,1,PROD00069,61.84,31.11
ORD003580,2,PROD00084,367.49,23.63
ORD003580,3,PROD00133,96.84,19.83
ORD003580,4,PROD00043,192.79,21.51
ORD003581,1,PROD00005,276.0,20.56
ORD003582,1,PROD00176,14.78,24.17
ORD003582,2,PROD00114,73.8,21.2
ORD003583,1,PROD00072,49.97,34.07
ORD003583,2,PROD00068,86.7,16.09
ORD003584,1,PROD00180,36.13,14.66
ORD003584,2,PROD00119,33.87,16.3
ORD003585,1,PROD00039,224.08,17.57
ORD003585,2,PROD00068,84.39,13.19
ORD003585,3,PROD00079,42.85,14.02
ORD003585,4,PROD00068,93.08,18.16
ORD003586,1,PROD00019,107.46,21.61
ORD003587,1,PROD00233,297.63,26.32
ORD003588,1,PROD00079,43.59,10.27
ORD003588,2,PROD00051,144.04,26.17
ORD003588,3,PROD00097,123.04,26.48
ORD003589,1,PROD00060,139.43,7.75
ORD003590,1,PROD00055,149.16,21.78
ORD003591,1,PROD00009,825.44,7.49
ORD003591,2,PROD00024,537.85,19.71
ORD003592,1,PROD00015,555.95,18.37
ORD003593,1,PROD00066,34.69,34.89
ORD003593,2,PROD00103,398.29,16.4
ORD003593,3,PROD00055,148.53,34.45
ORD003593,4,PROD00052,203.56,29.14
ORD003594,1,PROD00021,736.24,30.51
ORD003595,1,PROD00067,161.64,24.55
ORD003596,1,PROD00153,167.18,9.87
ORD003596,2,PROD00228,51.95,34.76
ORD003596,3,PROD00173,27.8,18.84
ORD003596,4,PROD00231,110.56,18.02
ORD003597,1,PROD00133,83.63,15.01
ORD003598,1,PROD00181,63.56,6.23
ORD003599,1,PROD00024,525.31,23.6
ORD003600,1,PROD00165,12.03,20.25
ORD003600,2,PROD00116,69.32,29.03
ORD003600,3,PROD00168,37.69,20.46
ORD003601,1,PROD00235,267.1,29.27
ORD003601,2,PROD00156,243.78,31.1
ORD003602,1,PROD00082,29.91,31.14
ORD003603,1,PROD00001,941.19,16.26
ORD003604,1,PROD00050,70.48,6.63
ORD003605,1,PROD00024,552.03,7.6
ORD003606,1,PROD00048,27.29,27.21
ORD003606,2,PROD00043,195.32,15.93
ORD003607,1,PROD00137,929.88,19.17
ORD003607,2,PROD00212,61.25,30.18
ORD003608,1,PROD00141,715.86,29.77
ORD003609,1,PROD00140,138.57,21.24
ORD003609,2,PROD00121,52.49,11.61
ORD003609,3,PROD00197,21.27,21.31
ORD003609,4,PROD00047,69.08,15.38
ORD003610,1,PROD00044,82.28,11.92
ORD003610,2,PROD00067,137.46,12.73
ORD003610,3,PROD00066,32.0,16.73
ORD003610,4,PROD00080,68.52,20.43
ORD003611,1,PROD00030,321.82,34.58
ORD003612,1,PROD00178,64.36,13.04
ORD003613,1,PROD00235,293.53,9.54
ORD003614,1,PROD00228,46.63,9.34
ORD003614,2,PROD00098,376.05,8.84
ORD003614,3,PROD00002,951.82,17.28
ORD003615,1,PROD00123,126.16,23.8
ORD003616,1,PROD00018,689.97,33.12
ORD003617,1,PROD00117,93.62,11.3
ORD003617,2,PROD00185,13.48,31.59
ORD003617,3,PROD00176,15.12,34.28
ORD003618,1,PROD00237,196.69,26.89
ORD003619,1,PROD00142,570.64,23.08
ORD003620,1,PROD00239,215.63,11.0
ORD003621,1,PROD00101,312.47,5.02
ORD003622,1,PROD00138,214.04,12.11
ORD003622,2,PROD00108,83.44,28.35
ORD003622,3,PROD00047,69.26,22.95
ORD003622,4,PROD00053,180.59,21.48
ORD003623,1,PROD00137,928.57,12.1
ORD003623,2,PROD00179,33.52,5.61
ORD003624,1,PROD00016,884.2,15.41
ORD003625,1,PROD00015,573.26,18.17
ORD003626,1,PROD00121,51.61,21.42
ORD003626,2,PROD00174,35.23,28.23
ORD003626,3,PROD00123,131.76,7.59
ORD003626,4,PROD00184,16.54,8.86
ORD003627,1,PROD00112,38.91,31.08
ORD003628,1,PROD00239,219.25,26.64
ORD003628,2,PROD00139,159.18,25.35
ORD003629,1,PROD00217,282.45,6.36
ORD003629,2,PROD00014,556.02,8.98
ORD003630,1,PROD00032,395.15,20.57
ORD003631,1,PROD00237,174.57,27.6
ORD003631,2,PROD00168,35.24,16.24
ORD003631,3,PROD00226,172.6,34.96
ORD003632,1,PROD00015,616.8,10.45
ORD003632,2,PROD00089,370.35,32.59
ORD003633,1,PROD00072,56.18,26.86
ORD003634,1,PROD00125,52.14,27.83
ORD003634,2,PROD00181,52.04,11.38
ORD003634,3,PROD00181,64.12,9.64
ORD003634,4,PROD00185,16.04,15.84
ORD003635,1,PROD00213,63.02,7.55
ORD003636,1,PROD00205,42.86,19.92
ORD003637,1,PROD00047,69.53,32.98
ORD003637,2,PROD00236,289.4,24.69
ORD003638,1,PROD00232,241.29,17.42
ORD003638,2,PROD00199,36.98,14.46
ORD003639,1,PROD00065,73.22,17.73
ORD003640,1,PROD00087,66.0,29.97
ORD003640,2,PROD00071,79.14,10.76
ORD003641,1,PROD00214,54.53,29.13
ORD003642,1,PROD00154,774.25,28.14
ORD003643,1,PROD00208,19.88,11.17
ORD003644,1,PROD00063,132.46,24.5
ORD003645,1,PROD00089,383.19,23.6
ORD003645,2,PROD00155,447.37,26.39
ORD003646,1,PROD00090,315.61,14.62
ORD003646,2,PROD00135,93.58,8.92
ORD003647,1,PROD00005,244.3,8.91
ORD003647,2,PROD00032,322.67,25.68
ORD003648,1,PROD00060,115.6,20.76
ORD003649,1,PROD00161,1111.7,28.09
ORD003650,1,PROD00012,1116.27,33.51
ORD003650,2,PROD00036,231.33,6.73
ORD003651,1,PROD00195,26.06,13.21
ORD003652,1,PROD00022,912.54,29.11
ORD003653,1,PROD00007,1225.16,26.16
ORD003653,2,PROD00027,925.22,10.73
ORD003653,3,PROD00145,139.57,14.67
ORD003654,1,PROD00168,38.02,19.63
ORD003655,1,PROD00045,109.99,11.99
ORD003655,2,PROD00192,44.27,16.92
ORD003655,3,PROD00043,160.67,10.33
ORD003656,1,PROD00108,98.01,30.45
ORD003657,1,PROD00217,269.78,25.54
ORD003658,1,PROD00027,892.33,6.18
ORD003659,1,PROD00220,138.56,30.54
ORD003660,1,PROD00034,802.01,11.39
ORD003661,1,PROD00054,69.11,5.32
ORD003662,1,PROD00216,36.44,26.49
ORD003663,1,PROD00029,221.14,7.65
ORD003663,2,PROD00175,39.41,32.49
ORD003664,1,PROD00011,578.68,25.25
ORD003665,1,PROD00013,184.91,6.51
ORD003666,1,PROD00226,175.39,14.88
ORD003667,1,PROD00209,58.22,5.05
ORD003668,1,PROD00207,48.19,16.09
ORD003669,1,PROD00174,38.34,18.58
ORD003669,2,PROD00126,40.61,24.53
ORD003670,1,PROD00111,56.54,21.8
ORD003671,1,PROD00044,92.75,12.04
ORD003672,1,PROD00050,67.57,28.65
ORD003672,2,PROD00227,157.73,5.86
ORD003672,3,PROD00110,159.8,30.83
ORD003673,1,PROD00077,139.92,9.35
ORD003674,1,PROD00135,104.71,10.88
ORD003675,1,PROD00192,52.45,6.64
ORD003676,1,PROD00043,178.47,34.88
ORD003677,1,PROD00028,893.92,32.43
ORD003677,2,PROD00064,15.15,29.64
ORD003678,1,PROD00149,1192.18,27.7
ORD003678,2,PROD00173,30.18,14.25
ORD003679,1,PROD00210,79.73,30.17
ORD003679,2,PROD00014,555.2,24.16
ORD003680,1,PROD00010,97.61,31.38
ORD003680,2,PROD00148,1522.61,19.11
ORD003680,3,PROD00023,691.8,24.98
ORD003681,1,PROD00149,1446.55,24.07
ORD003681,2,PROD00006,143.92,17.66
ORD003682,1,PROD00211,73.49,26.75
ORD003683,1,PROD00110,149.93,19.35
ORD003683,2,PROD00061,60.86,21.89
ORD003684,1,PROD00024,536.65,17.93
ORD003685,1,PROD00238,174.19,10.18
ORD003685,2,PROD00183,19.63,9.85
ORD003686,1,PROD00215,70.49,16.62
ORD003687,1,PROD00063,124.93,12.5
ORD003688,1,PROD00221,304.85,7.66
ORD003688,2,PROD00127,72.82,31.94
ORD003688,3,PROD00211,80.8,7.09
ORD003689,1,PROD00022,845.86,17.93
ORD003689,2,PROD00034,668.94,27.44
ORD003689,3,PROD00014,480.61,33.02
ORD003690,1,PROD00067,136.51,20.29
ORD003691,1,PROD00198,69.25,10.03
ORD003692,1,PROD00182,58.69,14.09
ORD003692,2,PROD00125,53.65,20.14
ORD003693,1,PROD00095,434.2,30.66
ORD003694,1,PROD00032,332.94,14.03
ORD003695,1,PROD00095,394.04,34.91
ORD003695,2,PROD00188,49.23,16.82
ORD003696,1,PROD00014,511.27,13.6
ORD003696,2,PROD00108,98.45,12.38
ORD003697,1,PROD00211,81.31,24.81
ORD003697,2,PROD00167,57.54,19.42
ORD003698,1,PROD00068,82.93,10.53
ORD003699,1,PROD00119,26.87,19.44
ORD003700,1,PROD00055,174.57,6.84
ORD003701,1,PROD00134,44.58,10.51
ORD003701,2,PROD00177,12.87,17.91
ORD003702,1,PROD00191,39.69,17.61
ORD003702,2,PROD00031,308.19,6.52
ORD003703,1,PROD00061,53.79,24.42
ORD003704,1,PROD00036,241.42,32.25
ORD003705,1,PROD00218,38.23,27.81
ORD003705,2,PROD00155,513.85,27.91
ORD003705,3,PROD00157,1150.78,34.74
ORD003705,4,PROD00147,1374.02,9.19
ORD003706,1,PROD00149,1166.34,14.46
ORD003707,1,PROD00238,183.18,29.41
ORD003707,2,PROD00145,155.28,19.2
ORD003707,3,PROD00075,132.98,13.66
ORD003707,4,PROD00144,1494.12,31.67
ORD003708,1,PROD00010,100.64,33.04
ORD003708,2,PROD00230,187.0,7.77
ORD003709,1,PROD00072,52.63,21.0
ORD003710,1,PROD00226,144.89,7.87
ORD003711,1,PROD00077,135.82,6.4
ORD003712,1,PROD00174,35.01,20.66
ORD003713,1,PROD00075,149.95,10.3
ORD003713,2,PROD00197,24.88,7.44
ORD003714,1,PROD00003,623.03,13.81
ORD003714,2,PROD00025,236.95,25.15
ORD003715,1,PROD00005,254.87,26.73
ORD003716,1,PROD00035,987.6,18.25
ORD003717,1,PROD00147,1165.39,20.56
ORD003717,2,PROD00029,234.34,14.72
ORD003717,3,PROD00102,259.43,22.12
ORD003717,4,PROD00231,138.31,11.29
ORD003718,1,PROD00060,142.23,34.32
ORD003719,1,PROD00228,48.19,15.57
ORD003719,2,PROD00062,46.57,30.06
ORD003720,1,PROD00134,44.41,26.66
ORD003720,2,PROD00175,40.09,31.83
ORD003721,1,PROD00107,33.71,20.01
ORD003721,2,PROD00173,26.56,29.63
ORD003722,1,PROD00149,1194.51,12.65
ORD003723,1,PROD00190,82.91,12.25
ORD003723,2,PROD00009,783.81,17.69
ORD003723,3,PROD00189,18.16,28.96
ORD003724,1,PROD00193,45.42,11.92
ORD003725,1,PROD00057,100.62,33.26
ORD003726,1,PROD00145,152.86,25.12
ORD003726,2,PROD00127,81.09,29.14
ORD003726,3,PROD00234,275.14,13.38
ORD003727,1,PROD00040,256.71,30.89
ORD003727,2,PROD00069,65.18,23.81
ORD003728,1,PROD00126,50.61,15.37
ORD003729,1,PROD00052,199.21,26.21
ORD003730,1,PROD00159,400.68,20.18
ORD003731,1,PROD00009,874.95,31.56
ORD003731,2,PROD00038,681.59,12.29
ORD003732,1,PROD00077,159.36,15.5
ORD003732,2,PROD00051,132.04,29.98
ORD003733,1,PROD00010,111.67,11.99
ORD003733,2,PROD00136,239.77,7.13
ORD003733,3,PROD00035,934.56,19.34
ORD003733,4,PROD00039,228.28,29.79
ORD003734,1,PROD00211,78.59,20.93
ORD003734,2,PROD00009,867.12,7.5
ORD003734,3,PROD00150,626.7,34.83
ORD003734,4,PROD00131,76.59,28.15
ORD003735,1,PROD00220,109.66,18.59
ORD003736,1,PROD00046,215.77,22.14
ORD003737,1,PROD00080,67.45,9.56
ORD003737,2,PROD00049,42.32,20.86
ORD003737,3,PROD00041,113.23,13.77
ORD003737,4,PROD00120,130.07,31.29
ORD003738,1,PROD00125,57.56,20.32
ORD003739,1,PROD00124,100.73,10.87
ORD003739,2,PROD00121,49.11,13.79
ORD003739,3,PROD00096,386.23,9.2
ORD003739,4,PROD00022,900.6,20.7
ORD003740,1,PROD00227,160.19,29.45
ORD003740,2,PROD00228,46.44,34.85
ORD003741,1,PROD00026,718.68,32.58
ORD003741,2,PROD00015,656.86,15.23
ORD003742,1,PROD00028,765.01,14.77
ORD003742,2,PROD00018,672.61,28.59
ORD003743,1,PROD00013,193.67,14.97
ORD003744,1,PROD00148,1397.54,34.62
ORD003745,1,PROD00079,44.99,10.57
ORD003745,2,PROD00102,235.08,23.82
ORD003746,1,PROD00183,20.05,6.57
ORD003747,1,PROD00033,569.4,29.21
ORD003747,2,PROD00169,34.91,24.53
ORD003748,1,PROD00095,416.8,16.74
ORD003749,1,PROD00145,166.92,16.22
ORD003749,2,PROD00227,144.46,33.76
ORD003749,3,PROD00036,208.51,27.76
ORD003749,4,PROD00217,266.34,14.1
ORD003750,1,PROD00020,343.9,21.95
ORD003750,2,PROD00027,766.7,21.9
ORD003750,3,PROD00033,543.8,8.97
ORD003751,1,PROD00124,113.64,9.3
ORD003752,1,PROD00214,61.48,21.51
ORD003752,2,PROD00082,30.2,22.77
ORD003753,1,PROD00153,160.07,15.73
ORD003753,2,PROD00232,263.25,14.45
ORD003754,1,PROD00051,129.4,26.59
ORD003755,1,PROD00088,168.65,19.61
ORD003755,2,PROD00209,58.95,32.26
ORD003755,3,PROD00166,13.26,29.16
ORD003755,4,PROD00196,72.33,8.77
ORD003756,1,PROD00042,118.73,10.57
ORD003757,1,PROD00120,116.86,10.01
ORD003758,1,PROD00006,160.91,32.68
ORD003759,1,PROD00207,53.37,28.65
ORD003760,1,PROD00201,25.88,7.73
ORD003760,2,PROD00052,166.32,28.05
ORD003761,1,PROD00119,28.05,27.51
ORD003762,1,PROD00228,51.66,32.11
ORD003763,1,PROD00184,16.66,17.06
ORD003763,2,PROD00233,269.39,23.89
ORD003763,3,PROD00101,315.67,17.76
ORD003764,1,PROD00197,22.01,13.07
ORD003765,1,PROD00205,44.72,9.84
ORD003766,1,PROD00031,266.11,15.0
ORD003766,2,PROD00027,883.13,30.52
ORD003766,3,PROD00006,143.78,20.7
ORD003766,4,PROD00199,33.21,19.38
ORD003767,1,PROD00075,126.72,25.64
ORD003768,1,PROD00231,122.43,21.95
ORD003769,1,PROD00004,616.44,15.4
ORD003770,1,PROD00208,23.17,32.95
ORD003771,1,PROD00203,67.23,26.14
ORD003771,2,PROD00196,71.95,10.67
ORD003772,1,PROD00077,149.14,31.14
ORD003773,1,PROD00043,161.56,18.98
ORD003773,2,PROD00077,161.99,9.67
ORD003773,3,PROD00077,165.84,22.07
ORD003774,1,PROD00086,367.48,25.65
ORD003774,2,PROD00129,19.66,10.85
ORD003775,1,PROD00190,85.51,30.84
ORD003776,1,PROD00236,305.76,10.33
ORD003776,2,PROD00044,93.67,15.49
ORD003776,3,PROD00154,651.69,9.64
ORD003776,4,PROD00024,506.0,31.45
ORD003777,1,PROD00217,243.61,15.14
ORD003778,1,PROD00131,68.9,13.02
ORD003779,1,PROD00207,56.49,32.58
ORD003780,1,PROD00090,332.51,16.6
ORD003781,1,PROD00015,671.26,11.36
ORD003781,2,PROD00033,565.8,15.61
ORD003781,3,PROD00044,78.94,33.04
ORD003781,4,PROD00037,708.62,34.76
ORD003782,1,PROD00049,47.49,16.81
ORD003783,1,PROD00010,121.43,25.51
ORD003783,2,PROD00163,30.78,34.05
ORD003783,3,PROD00028,949.97,7.39
ORD003784,1,PROD00125,56.69,26.6
ORD003785,1,PROD00029,196.59,9.86
ORD003786,1,PROD00125,53.59,9.4
ORD003786,2,PROD00044,88.08,15.5
ORD003787,1,PROD00038,607.62,5.12
ORD003788,1,PROD00188,50.38,28.56
ORD003789,1,PROD00121,51.45,21.98
ORD003789,2,PROD00008,1242.53,26.06
ORD003789,3,PROD00177,10.43,27.4
ORD003789,4,PROD00163,29.0,5.79
ORD003790,1,PROD00079,45.27,34.86
ORD003791,1,PROD00206,11.25,8.71
ORD003791,2,PROD00034,749.7,27.9
ORD003792,1,PROD00188,55.75,13.05
ORD003793,1,PROD00198,66.12,6.54
ORD003794,1,PROD00087,61.61,31.65
ORD003795,1,PROD00131,70.8,16.37
ORD003796,1,PROD00106,401.28,14.9
ORD003797,1,PROD00072,48.89,32.72
ORD003797,2,PROD00023,681.64,16.94
ORD003798,1,PROD00161,1008.67,6.7
ORD003799,1,PROD00216,35.94,22.2
ORD003800,1,PROD00069,64.21,10.62
ORD003800,2,PROD00096,382.59,30.91
ORD003801,1,PROD00104,148.55,30.06
ORD003801,2,PROD00035,996.05,32.1
ORD003802,1,PROD00166,12.14,19.37
ORD003802,2,PROD00115,64.43,5.71
ORD003803,1,PROD00160,362.8,33.37
ORD003803,2,PROD00235,260.24,9.36
ORD003804,1,PROD00186,14.24,31.29
ORD003804,2,PROD00116,57.88,27.79
ORD003805,1,PROD00230,187.81,18.41
ORD003805,2,PROD00221,282.92,10.21
ORD003805,3,PROD00054,69.77,21.33
ORD003806,1,PROD00047,70.56,25.92
ORD003806,2,PROD00061,52.63,5.57
ORD003806,3,PROD00068,86.14,24.7
ORD003806,4,PROD00177,10.6,27.92
ORD003807,1,PROD00029,243.27,17.47
ORD003807,2,PROD00009,779.73,10.04
ORD003807,3,PROD00011,606.34,32.69
ORD003808,1,PROD00158,1374.17,5.86
ORD003809,1,PROD00032,365.78,29.05
ORD003810,1,PROD00030,327.98,8.4
ORD003811,1,PROD00119,31.01,24.82
ORD003811,2,PROD00182,58.82,12.58
ORD003812,1,PROD00082,26.16,17.64
ORD003813,1,PROD00005,228.44,15.01
ORD003814,1,PROD00093,446.89,34.13
ORD003814,2,PROD00058,139.71,20.05
ORD003815,1,PROD00050,66.48,33.73
ORD003815,2,PROD00076,33.26,15.39
ORD003816,1,PROD00239,222.64,14.05
ORD003817,1,PROD00145,173.46,10.38
ORD003817,2,PROD00239,238.83,29.09
ORD003817,3,PROD00222,224.53,6.03
ORD003818,1,PROD00131,64.26,9.83
ORD003818,2,PROD00172,45.53,5.02
ORD003819,1,PROD00036,222.25,22.12
ORD003820,1,PROD00140,153.31,28.49
ORD003820,2,PROD00005,274.35,7.81
ORD003820,3,PROD00236,312.24,19.75
ORD003821,1,PROD00148,1521.87,12.57
ORD003821,2,PROD00156,232.49,19.9
ORD003822,1,PROD00039,227.31,8.81
ORD003822,2,PROD00057,96.95,24.29
ORD003823,1,PROD00140,152.1,29.75
ORD003823,2,PROD00235,261.59,9.87
ORD003824,1,PROD00066,29.68,29.46
ORD003824,2,PROD00095,394.76,33.88
ORD003825,1,PROD00107,31.01,7.18
ORD003826,1,PROD00096,394.42,27.23
ORD003827,1,PROD00027,753.73,16.08
ORD003827,2,PROD00237,196.82,33.54
ORD003828,1,PROD00019,93.49,5.18
ORD003829,1,PROD00094,123.45,32.73
ORD003830,1,PROD00095,420.28,32.31
ORD003831,1,PROD00205,45.51,20.23
ORD003831,2,PROD00017,88.03,16.56
ORD003832,1,PROD00027,752.89,19.44
ORD003833,1,PROD00034,705.09,12.77
ORD003834,1,PROD00079,48.11,6.64
ORD003834,2,PROD00173,33.03,15.75
ORD003834,3,PROD00091,259.87,28.19
ORD003835,1,PROD00142,512.68,16.56
ORD003836,1,PROD00043,182.61,20.07
ORD003837,1,PROD00155,438.86,24.11
ORD003838,1,PROD00183,21.79,7.74
ORD003838,2,PROD00117,100.09,25.42
ORD003839,1,PROD00232,290.74,32.24
ORD003839,2,PROD00022,758.02,32.92
ORD003839,3,PROD00162,1071.28,5.78
ORD003840,1,PROD00091,235.39,22.26
ORD003840,2,PROD00050,75.47,16.99
ORD003841,1,PROD00070,147.22,5.04
ORD003841,2,PROD00042,109.35,18.86
ORD003841,3,PROD00094,138.64,26.61
ORD003841,4,PROD00100,320.53,15.64
ORD003842,1,PROD00171,30.99,9.65
ORD003842,2,PROD00101,367.29,31.76
ORD003843,1,PROD00086,329.73,18.89
ORD003844,1,PROD00072,59.85,27.7
ORD003844,2,PROD00127,79.4,13.7
ORD003845,1,PROD00046,210.28,23.68
ORD003846,1,PROD00161,1131.02,26.86
ORD003847,1,PROD00021,876.3,13.15
ORD003847,2,PROD00046,218.6,27.82
ORD003847,3,PROD00027,926.14,6.59
ORD003848,1,PROD00077,147.94,5.91
ORD003848,2,PROD00092,108.21,22.05
ORD003848,3,PROD00101,361.9,34.71
ORD003849,1,PROD00138,202.89,12.83
ORD003850,1,PROD00041,127.02,12.39
ORD003850,2,PROD00017,100.57,9.64
ORD003850,3,PROD00137,937.41,21.48
ORD003851,1,PROD00046,242.87,6.2
ORD003852,1,PROD00057,89.6,18.59
ORD003852,2,PROD00126,46.33,6.96
ORD003852,3,PROD00025,233.46,25.03
ORD003853,1,PROD00109,308.7,34.33
ORD003853,2,PROD00068,94.61,25.9
ORD003854,1,PROD00169,32.96,20.01
ORD003855,1,PROD00025,213.2,22.2
ORD003856,1,PROD00024,559.96,15.34
ORD003856,2,PROD00028,851.9,13.19
ORD003857,1,PROD00180,31.11,13.24
ORD003857,2,PROD00129,20.49,31.42
ORD003857,3,PROD00054,75.18,24.84
ORD003858,1,PROD00154,676.93,21.03
ORD003858,2,PROD00076,34.09,7.18
ORD003858,3,PROD00193,48.55,22.13
ORD003858,4,PROD00231,128.28,7.21
ORD003859,1,PROD00057,82.69,10.2
ORD003860,1,PROD00135,99.92,13.25
ORD003861,1,PROD00022,913.0,13.23
ORD003861,2,PROD00009,697.13,18.56
ORD003862,1,PROD00209,70.57,28.63
ORD003863,1,PROD00151,276.37,16.92
ORD003863,2,PROD00237,179.63,6.23
ORD003864,1,PROD00011,475.07,7.2
ORD003865,1,PROD00099,196.25,29.89
ORD003866,1,PROD00093,397.38,25.07
ORD003867,1,PROD00144,1263.23,24.21
ORD003868,1,PROD00091,259.98,28.73
ORD003868,2,PROD00068,96.07,33.53
ORD003869,1,PROD00157,1187.89,20.38
ORD003870,1,PROD00100,389.9,27.43
ORD003870,2,PROD00156,216.04,18.63
ORD003870,3,PROD00072,61.41,16.21
ORD003871,1,PROD00187,54.28,19.93
ORD003871,2,PROD00116,72.93,8.97
ORD003872,1,PROD00022,796.57,30.82
ORD003872,2,PROD00011,476.12,33.04
ORD003872,3,PROD00099,191.98,17.38
ORD003873,1,PROD00027,929.65,22.52
ORD003873,2,PROD00003,543.94,28.15
ORD003874,1,PROD00211,77.9,8.37
ORD003875,1,PROD00139,180.45,8.32
ORD003876,1,PROD00032,337.47,32.9
ORD003876,2,PROD00021,833.61,25.29
ORD003876,3,PROD00018,777.76,10.98
ORD003877,1,PROD00007,1030.5,20.68
ORD003877,2,PROD00187,54.53,16.48
ORD003877,3,PROD00045,105.96,30.56
ORD003878,1,PROD00152,1530.33,12.86
ORD003879,1,PROD00146,875.47,24.39
ORD003880,1,PROD00099,171.24,29.45
ORD003880,2,PROD00061,52.89,33.49
ORD003881,1,PROD00155,425.99,23.5
ORD003881,2,PROD00057,80.29,9.23
ORD003882,1,PROD00011,556.17,22.07
ORD003883,1,PROD00007,1245.64,16.69
ORD003883,2,PROD00215,75.43,27.63
ORD003884,1,PROD00006,131.44,7.88
ORD003884,2,PROD00132,88.79,15.34
ORD003885,1,PROD00011,511.37,13.46
ORD003885,2,PROD00038,657.71,15.08
ORD003885,3,PROD00037,784.04,23.86
ORD003886,1,PROD00124,100.07,19.82
ORD003886,2,PROD00143,1520.67,25.99
ORD003887,1,PROD00151,267.74,18.17
ORD003888,1,PROD00147,1207.7,6.6
ORD003889,1,PROD00010,98.83,16.83
ORD003890,1,PROD00228,46.46,29.85
ORD003891,1,PROD00231,113.56,10.13
ORD003892,1,PROD00149,1180.03,27.41
ORD003892,2,PROD00123,133.24,18.24
ORD003893,1,PROD00190,78.72,27.97
ORD003893,2,PROD00191,41.8,17.06
ORD003894,1,PROD00201,28.51,8.62
ORD003894,2,PROD00015,603.3,28.9
ORD003894,3,PROD00136,243.15,23.43
ORD003895,1,PROD00045,104.52,25.15
ORD003896,1,PROD00145,170.26,16.68
ORD003896,2,PROD00228,46.9,21.7
ORD003897,1,PROD00068,78.46,15.86
ORD003898,1,PROD00215,66.9,20.94
ORD003899,1,PROD00200,39.88,16.01
ORD003899,2,PROD00101,297.42,24.26
ORD003899,3,PROD00045,115.34,24.93
ORD003900,1,PROD00127,71.65,9.84
ORD003901,1,PROD00030,329.28,6.64
ORD003901,2,PROD00004,551.48,23.06
ORD003901,3,PROD00170,18.12,9.14
ORD003901,4,PROD00011,519.91,11.03
ORD003902,1,PROD00037,707.55,31.34
ORD003902,2,PROD00082,27.7,10.2
ORD003903,1,PROD00212,58.16,18.38
ORD003903,2,PROD00029,211.55,10.43
ORD003904,1,PROD00155,462.97,17.97
ORD003905,1,PROD00123,118.09,9.34
ORD003905,2,PROD00164,25.54,19.42
ORD003905,3,PROD00164,26.68,12.52
ORD003906,1,PROD00225,247.87,9.61
ORD003906,2,PROD00153,173.25,30.8
ORD003906,3,PROD00231,139.58,8.47
ORD003907,1,PROD00139,157.68,14.25
ORD003907,2,PROD00026,663.2,7.78
ORD003908,1,PROD00173,29.95,15.8
ORD003909,1,PROD00216,38.5,7.37
ORD003910,1,PROD00005,244.69,33.6
ORD003910,2,PROD00120,106.54,17.2
ORD003911,1,PROD00117,81.04,18.67
ORD003911,2,PROD00086,323.1,23.83
ORD003912,1,PROD00029,208.28,16.11
ORD003913,1,PROD00235,267.36,6.29
ORD003913,2,PROD00108,96.42,15.6
ORD003914,1,PROD00153,169.55,17.47
ORD003914,2,PROD00110,159.35,26.97
ORD003914,3,PROD00226,159.07,29.52
ORD003915,1,PROD00062,45.74,29.29
ORD003916,1,PROD00188,52.42,28.44
ORD003917,1,PROD00228,46.42,18.04
ORD003918,1,PROD00028,900.59,22.73
ORD003919,1,PROD00011,559.97,29.21
ORD003919,2,PROD00029,228.06,19.76
ORD003919,3,PROD00033,566.74,28.28
ORD003920,1,PROD00223,37.66,20.35
ORD003921,1,PROD00144,1456.64,32.01
ORD003921,2,PROD00236,273.92,8.94
ORD003922,1,PROD00062,47.11,11.12
ORD003922,2,PROD00087,59.54,12.53
ORD003923,1,PROD00203,75.07,34.02
ORD003924,1,PROD00215,64.63,20.5
ORD003925,1,PROD00023,692.45,25.7
ORD003926,1,PROD00085,99.99,19.28
ORD003926,2,PROD00095,413.75,31.91
ORD003927,1,PROD00076,32.37,16.85
ORD003928,1,PROD00191,41.26,12.34
ORD003929,1,PROD00109,313.66,20.25
ORD003929,2,PROD00068,82.85,11.3
ORD003929,3,PROD00099,190.69,8.05
ORD003930,1,PROD00154,746.88,29.29
ORD003931,1,PROD00237,197.82,7.29
ORD003932,1,PROD00186,13.05,10.47
ORD003933,1,PROD00181,52.39,9.96
ORD003934,1,PROD00180,32.34,21.7
ORD003934,2,PROD00180,32.03,7.4
ORD003935,1,PROD00017,92.01,33.17
ORD003936,1,PROD00181,62.4,29.78
ORD003937,1,PROD00028,891.0,11.87
ORD003938,1,PROD00187,52.11,25.69
ORD003938,2,PROD00216,34.98,19.85
ORD003938,3,PROD00119,31.97,24.73
ORD003939,1,PROD00036,200.3,30.03
ORD003940,1,PROD00021,862.05,29.97
ORD003941,1,PROD00219,308.84,11.42
ORD003941,2,PROD00141,788.42,31.4
ORD003941,3,PROD00121,54.57,13.81
ORD003941,4,PROD00038,634.62,23.73
ORD003942,1,PROD00190,84.7,32.84
ORD003942,2,PROD00208,23.04,33.05
ORD003943,1,PROD00136,204.54,28.94
ORD003944,1,PROD00123,127.66,25.49
ORD003945,1,PROD00058,112.56,10.47
ORD003946,1,PROD00049,51.37,18.99
ORD003946,2,PROD00194,68.32,21.16
ORD003946,3,PROD00066,29.89,34.24
ORD003947,1,PROD00057,96.25,27.44
ORD003948,1,PROD00234,321.83,7.76
ORD003949,1,PROD00028,761.73,24.66
ORD003950,1,PROD00122,126.3,18.74
ORD003951,1,PROD00115,70.22,15.88
ORD003951,2,PROD00169,37.78,33.25
ORD003952,1,PROD00007,1130.35,15.94
ORD003953,1,PROD00141,662.66,27.42
ORD003953,2,PROD00220,122.65,7.04
ORD003954,1,PROD00075,126.34,26.09
ORD003954,2,PROD00103,390.51,22.18
ORD003954,3,PROD00082,31.23,9.58
ORD003955,1,PROD00018,734.78,8.5
ORD003955,2,PROD00219,329.59,31.35
ORD003955,3,PROD00227,150.26,5.78
ORD003956,1,PROD00045,105.7,12.61
ORD003956,2,PROD00064,17.69,30.99
ORD003957,1,PROD00141,699.52,21.79
ORD003958,1,PROD00198,55.98,15.34
ORD003959,1,PROD00045,112.76,12.95
ORD003959,2,PROD00217,260.22,17.78
ORD003959,3,PROD00062,45.46,10.51
ORD003960,1,PROD00025,233.47,10.8
ORD003961,1,PROD00190,83.09,34.83
ORD003962,1,PROD00028,817.06,32.86
ORD003962,2,PROD00191,40.15,14.27
ORD003962,3,PROD00015,545.25,34.94
ORD003962,4,PROD00034,783.71,17.77
ORD003963,1,PROD00045,114.47,9.48
ORD003963,2,PROD00082,31.07,31.96
ORD003964,1,PROD00208,23.66,26.43
ORD003965,1,PROD00165,11.09,6.42
ORD003966,1,PROD00017,104.04,26.93
ORD003967,1,PROD00134,41.45,9.04
ORD003968,1,PROD00087,57.12,8.24
ORD003968,2,PROD00007,1189.32,29.85
ORD003968,3,PROD00178,64.14,13.66
ORD003969,1,PROD00122,101.14,28.62
ORD003969,2,PROD00230,188.17,26.61
ORD003969,3,PROD00169,32.48,31.16
ORD003970,1,PROD00041,115.71,32.9
ORD003971,1,PROD00095,444.49,7.07
ORD003971,2,PROD00030,364.67,17.83
ORD003971,3,PROD00087,61.91,8.83
ORD003972,1,PROD00022,880.63,28.13
ORD003972,2,PROD00070,160.72,24.77
ORD003972,3,PROD00202,8.85,9.69
ORD003973,1,PROD00174,35.47,14.41
ORD003973,2,PROD00226,163.44,33.99
ORD003974,1,PROD00176,13.9,23.19
ORD003975,1,PROD00143,1692.93,8.91
ORD003975,2,PROD00183,21.52,27.73
ORD003976,1,PROD00205,37.4,19.44
ORD003977,1,PROD00066,29.57,24.41
ORD003978,1,PROD00218,41.81,22.38
ORD003979,1,PROD00008,1079.6,20.83
ORD003979,2,PROD00027,840.54,32.8
ORD003979,3,PROD00111,50.3,22.12
ORD003980,1,PROD00017,90.81,28.59
ORD003980,2,PROD00005,264.31,19.49
ORD003980,3,PROD00023,611.48,12.38
ORD003981,1,PROD00077,168.0,21.85
ORD003981,2,PROD00109,300.77,13.54
ORD003982,1,PROD00048,30.0,13.0
ORD003982,2,PROD00069,60.71,33.7
ORD003982,3,PROD00124,108.02,23.13
ORD003983,1,PROD00014,551.63,9.24
ORD003984,1,PROD00006,161.22,8.56
ORD003985,1,PROD00088,183.01,18.72
ORD003985,2,PROD00012,1139.38,7.76
ORD003986,1,PROD00188,55.46,22.45
ORD003986,2,PROD00116,65.29,22.18
ORD003987,1,PROD00073,96.18,32.22
ORD003988,1,PROD00048,32.3,8.96
ORD003988,2,PROD00210,80.11,32.93
ORD003988,3,PROD00225,282.88,10.6
ORD003988,4,PROD00121,52.33,26.21
ORD003989,1,PROD00083,57.55,14.37
ORD003989,2,PROD00039,260.03,31.2
ORD003990,1,PROD00217,255.3,32.67
ORD003991,1,PROD00023,683.36,18.16
ORD003991,2,PROD00014,459.94,12.1
ORD003991,3,PROD00075,144.85,20.04
ORD003992,1,PROD00214,59.81,15.94
ORD003992,2,PROD00134,39.14,18.83
ORD003993,1,PROD00089,338.64,7.19
ORD003994,1,PROD00004,586.33,23.58
ORD003995,1,PROD00069,66.01,26.02
ORD003995,2,PROD00091,219.34,23.26
ORD003996,1,PROD00176,14.92,17.26
ORD003996,2,PROD00113,56.04,18.67
ORD003997,1,PROD00178,51.53,25.68
ORD003998,1,PROD00035,886.01,5.84
ORD003998,2,PROD00098,385.44,34.57
ORD003999,1,PROD00020,386.42,21.71
ORD003999,2,PROD00022,821.22,21.6
ORD003999,3,PROD00031,314.24,27.71
ORD004000,1,PROD00037,686.77,8.49
ORD004001,1,PROD00140,134.38,15.96
ORD004002,1,PROD00238,178.68,5.25
ORD004003,1,PROD00095,370.46,19.02
ORD004004,1,PROD00132,89.68,22.18
ORD004004,2,PROD00185,15.9,19.45
ORD004005,1,PROD00178,58.22,33.21
ORD004005,2,PROD00126,48.48,16.64
ORD004006,1,PROD00117,80.94,28.76
ORD004007,1,PROD00008,1263.23,21.19
ORD004007,2,PROD00088,178.05,7.16
ORD004008,1,PROD00008,1144.99,32.66
ORD004009,1,PROD00186,12.66,25.69
ORD004010,1,PROD00185,15.92,20.84
ORD004010,2,PROD00123,115.92,23.39
ORD004011,1,PROD00155,415.66,34.87
ORD004012,1,PROD00170,20.08,13.42
ORD004012,2,PROD00047,69.73,27.53
ORD004013,1,PROD00010,112.1,29.88
ORD004013,2,PROD00032,365.55,5.31
ORD004013,3,PROD00036,234.07,29.41
ORD004014,1,PROD00127,64.44,11.75
ORD004015,1,PROD00102,240.99,8.12
ORD004015,2,PROD00066,31.7,11.4
ORD004016,1,PROD00011,562.27,31.34
ORD004017,1,PROD00201,29.68,15.67
ORD004018,1,PROD00019,100.68,29.52
ORD004018,2,PROD00081,96.55,17.05
ORD004018,3,PROD00210,84.08,26.71
ORD004019,1,PROD00083,52.89,22.83
ORD004019,2,PROD00044,94.72,19.57
ORD004019,3,PROD00062,50.8,28.04
ORD004019,4,PROD00104,134.7,20.4
ORD004020,1,PROD00083,54.35,27.16
ORD004020,2,PROD00091,215.66,19.97
ORD004020,3,PROD00044,79.14,14.99
ORD004021,1,PROD00200,39.14,13.14
ORD004021,2,PROD00076,37.87,6.55
ORD004022,1,PROD00037,710.12,22.43
ORD004022,2,PROD00223,37.92,12.48
ORD004023,1,PROD00123,115.54,25.62
ORD004024,1,PROD00028,842.84,26.17
ORD004025,1,PROD00030,371.31,24.61
ORD004026,1,PROD00098,342.6,11.31
ORD004026,2,PROD00186,14.72,22.77
ORD004027,1,PROD00156,240.37,24.91
ORD004027,2,PROD00094,125.25,8.22
ORD004028,1,PROD00222,223.17,34.82
ORD004028,2,PROD00146,891.11,17.05
ORD004028,3,PROD00161,1111.87,19.39
ORD004029,1,PROD00036,210.78,16.43
ORD004030,1,PROD00184,15.94,15.83
ORD004030,2,PROD00121,52.42,24.02
ORD004030,3,PROD00135,99.3,32.74
ORD004031,1,PROD00092,125.54,11.27
ORD004032,1,PROD00188,52.02,21.4
ORD004032,2,PROD00122,127.33,6.27
ORD004032,3,PROD00124,115.94,21.56
ORD004033,1,PROD00075,155.83,19.69
ORD004034,1,PROD00004,659.25,6.88
ORD004035,1,PROD00053,155.97,11.67
ORD004036,1,PROD00166,12.57,24.26
ORD004037,1,PROD00106,359.28,16.08
ORD004038,1,PROD00140,152.39,31.65
ORD004039,1,PROD00226,156.35,33.81
ORD004040,1,PROD00035,813.05,26.64
ORD004040,2,PROD00018,790.62,17.36
ORD004041,1,PROD00179,30.49,6.11
ORD004041,2,PROD00013,191.57,11.08
ORD004042,1,PROD00090,283.49,20.51
ORD004043,1,PROD00008,1099.19,19.4
ORD004043,2,PROD00022,925.83,24.5
ORD004044,1,PROD00050,68.71,32.34
ORD004045,1,PROD00103,428.24,12.2
ORD004045,2,PROD00019,91.22,25.73
ORD004045,3,PROD00100,358.14,14.82
ORD004046,1,PROD00083,53.73,31.38
ORD004046,2,PROD00101,307.65,27.19
ORD004047,1,PROD00234,266.88,31.2
ORD004048,1,PROD00055,166.89,30.09
ORD004049,1,PROD00012,1273.63,20.04
ORD004050,1,PROD00004,672.06,30.08
ORD004051,1,PROD00021,780.78,21.96
ORD004052,1,PROD00118,13.08,12.1
ORD004052,2,PROD00018,749.44,5.56
ORD004053,1,PROD00124,102.12,17.94
ORD004053,2,PROD00047,82.1,12.18
ORD004053,3,PROD00164,30.03,32.88
ORD004053,4,PROD00175,42.71,5.78
ORD004054,1,PROD00148,1625.85,9.96
ORD004054,2,PROD00097,120.71,14.23
ORD004054,3,PROD00232,261.24,28.98
ORD004055,1,PROD00032,366.76,8.63
ORD004055,2,PROD00005,217.03,28.36
ORD004055,3,PROD00010,105.92,20.75
ORD004056,1,PROD00060,116.5,30.07
ORD004057,1,PROD00158,1316.94,8.07
ORD004057,2,PROD00234,318.5,19.07
ORD004057,3,PROD00142,619.89,11.78
ORD004057,4,PROD00236,318.74,8.54
ORD004058,1,PROD00113,58.08,13.57
ORD004059,1,PROD00082,25.4,32.75
ORD004059,2,PROD00097,140.07,6.39
ORD004060,1,PROD00005,249.54,13.82
ORD004061,1,PROD00027,833.16,33.26
ORD004061,2,PROD00051,136.36,26.41
ORD004061,3,PROD00021,703.42,26.55
ORD004062,1,PROD00202,8.55,5.29
ORD004063,1,PROD00117,89.19,8.4
ORD004064,1,PROD00050,75.83,25.83
ORD004065,1,PROD00170,20.76,29.45
ORD004066,1,PROD00140,142.42,9.52
ORD004066,2,PROD00193,50.87,5.75
ORD004066,3,PROD00132,87.72,11.24
ORD004066,4,PROD00221,323.29,9.35
ORD004067,1,PROD00053,172.57,34.48
ORD004067,2,PROD00062,49.22,21.86
ORD004067,3,PROD00079,47.19,22.85
ORD004067,4,PROD00160,373.88,11.53
ORD004068,1,PROD00217,261.06,22.09
ORD004068,2,PROD00179,33.18,13.85
ORD004069,1,PROD00152,1485.46,29.26
ORD004069,2,PROD00220,129.17,23.95
ORD004070,1,PROD00126,43.86,31.33
ORD004071,1,PROD00053,176.74,20.46
ORD004072,1,PROD00162,999.91,22.99
ORD004073,1,PROD00180,30.32,13.67
ORD004073,2,PROD00134,38.88,24.92
ORD004074,1,PROD00125,50.76,5.99
ORD004075,1,PROD00003,580.21,19.5
ORD004076,1,PROD00225,254.75,25.38
ORD004076,2,PROD00137,1087.6,11.04
ORD004077,1,PROD00216,41.44,31.04
ORD004078,1,PROD00139,187.12,9.23
ORD004079,1,PROD00035,842.94,29.27
ORD004079,2,PROD00116,58.76,30.04
ORD004080,1,PROD00031,291.44,18.98
ORD004081,1,PROD00055,171.75,30.36
ORD004082,1,PROD00165,10.16,20.49
ORD004082,2,PROD00130,128.18,30.63
ORD004083,1,PROD00224,177.78,29.27
ORD004084,1,PROD00035,823.9,34.5
ORD004084,2,PROD00014,462.37,13.48
ORD004085,1,PROD00078,116.4,20.01
ORD004086,1,PROD00187,47.25,7.63
ORD004087,1,PROD00162,994.01,29.64
ORD004088,1,PROD00144,1213.23,20.69
ORD004088,2,PROD00094,128.7,33.78
ORD004088,3,PROD00230,181.89,7.72
ORD004089,1,PROD00147,1213.32,33.93
ORD004090,1,PROD00163,35.08,25.6
ORD004090,2,PROD00185,13.64,27.3
ORD004090,3,PROD00126,42.92,29.28
ORD004090,4,PROD00118,13.33,8.71
ORD004091,1,PROD00126,49.6,18.9
ORD004092,1,PROD00057,86.11,15.78
ORD004092,2,PROD00211,86.7,32.64
ORD004093,1,PROD00139,176.04,21.12
ORD004094,1,PROD00034,702.43,28.69
ORD004095,1,PROD00127,77.82,33.66
ORD004096,1,PROD00191,37.96,16.06
ORD004097,1,PROD00114,74.4,23.94
ORD004097,2,PROD00181,55.01,16.58
ORD004098,1,PROD00181,55.48,28.39
ORD004099,1,PROD00166,12.82,16.41
ORD004099,2,PROD00050,71.06,7.07
ORD004100,1,PROD00132,98.66,29.39
ORD004100,2,PROD00124,117.72,23.36
ORD004100,3,PROD00189,16.37,23.58
ORD004101,1,PROD00212,55.0,21.91
ORD004101,2,PROD00069,64.94,31.88
ORD004102,1,PROD00036,215.25,13.37
ORD004102,2,PROD00019,107.69,33.26
ORD004103,1,PROD00085,104.76,28.56
ORD004104,1,PROD00216,41.76,17.57
ORD004105,1,PROD00211,80.34,16.27
ORD004106,1,PROD00064,17.31,23.48
ORD004106,2,PROD00057,89.71,10.34
ORD004107,1,PROD00001,1009.5,22.63
ORD004107,2,PROD00220,119.83,7.48
ORD004108,1,PROD00149,1442.65,11.72
ORD004108,2,PROD00081,112.81,25.65
ORD004109,1,PROD00030,348.64,28.0
ORD004109,2,PROD00012,1300.71,13.46
ORD004110,1,PROD00228,52.7,28.34
ORD004111,1,PROD00047,84.55,34.84
ORD004112,1,PROD00023,571.6,29.69
ORD004113,1,PROD00231,117.82,22.24
ORD004113,2,PROD00160,331.81,32.58
ORD004113,3,PROD00007,1067.82,27.37
ORD004113,4,PROD00153,153.82,11.78
ORD004114,1,PROD00104,146.88,26.7
ORD004115,1,PROD00229,200.09,13.63
ORD004116,1,PROD00222,244.33,11.66
ORD004117,1,PROD00024,475.31,33.4
ORD004118,1,PROD00228,49.8,30.86
ORD004119,1,PROD00128,79.06,6.53
ORD004120,1,PROD00049,46.73,17.77
ORD004121,1,PROD00139,176.0,10.4
ORD004121,2,PROD00183,21.2,32.62
ORD004122,1,PROD00200,38.97,17.51
ORD004123,1,PROD00126,42.93,5.62
ORD004123,2,PROD00183,18.23,26.29
ORD004123,3,PROD00013,171.61,11.87
ORD004124,1,PROD00047,76.81,18.53
ORD004125,1,PROD00033,487.79,32.43
ORD004126,1,PROD00231,128.86,18.83
ORD004127,1,PROD00222,215.32,19.23
ORD004127,2,PROD00011,551.22,11.79
ORD004128,1,PROD00061,60.91,18.7
ORD004128,2,PROD00045,107.48,14.95
ORD004129,1,PROD00120,116.59,23.29
ORD004130,1,PROD00106,401.48,31.79
ORD004131,1,PROD00093,379.77,19.4
ORD004131,2,PROD00082,24.64,30.57
ORD004131,3,PROD00101,291.41,11.73
ORD004132,1,PROD00013,201.06,25.3
ORD004132,2,PROD00133,94.93,16.37
ORD004133,1,PROD00169,37.01,13.79
ORD004133,2,PROD00165,9.73,5.87
ORD004134,1,PROD00132,101.52,28.56
ORD004134,2,PROD00175,40.61,24.65
ORD004135,1,PROD00140,130.93,9.48
ORD004135,2,PROD00239,242.03,25.94
ORD004136,1,PROD00234,320.17,24.34
ORD004136,2,PROD00229,224.38,29.87
ORD004137,1,PROD00013,164.64,14.45
ORD004138,1,PROD00186,12.7,31.18
ORD004139,1,PROD00155,518.16,9.47
ORD004140,1,PROD00113,49.54,6.31
ORD004141,1,PROD00224,163.84,6.33
ORD004142,1,PROD00023,647.53,33.14
ORD004143,1,PROD00056,217.73,31.59
ORD004144,1,PROD00009,800.22,30.27
ORD004144,2,PROD00073,91.96,9.89
ORD004144,3,PROD00029,203.54,10.83
ORD004145,1,PROD00046,205.96,12.52
ORD004145,2,PROD00065,77.25,14.58
ORD004146,1,PROD00028,946.73,13.81
ORD004147,1,PROD00001,894.7,15.73
ORD004147,2,PROD00143,1607.31,8.02
ORD004147,3,PROD00022,878.9,31.69
ORD004148,1,PROD00126,42.33,12.96
ORD004148,2,PROD00035,916.08,12.67
ORD004148,3,PROD00180,36.02,8.95
ORD004149,1,PROD00102,239.68,24.55
ORD004149,2,PROD00052,205.07,19.72
ORD004150,1,PROD00017,87.34,26.78
ORD004150,2,PROD00034,813.08,17.18
ORD004150,3,PROD00034,723.97,24.76
ORD004151,1,PROD00158,1505.58,8.51
ORD004152,1,PROD00225,286.68,20.58
ORD004152,2,PROD00149,1291.13,7.38
ORD004153,1,PROD00228,56.19,25.74
ORD004154,1,PROD00049,44.31,11.5
ORD004154,2,PROD00075,157.42,15.89
ORD004154,3,PROD00069,69.88,29.15
ORD004155,1,PROD00185,16.16,24.96
ORD004156,1,PROD00011,539.97,18.32
ORD004156,2,PROD00056,225.36,14.35
ORD004156,3,PROD00026,750.14,6.57
ORD004157,1,PROD00188,48.17,21.87
ORD004157,2,PROD00106,452.44,10.57
ORD004158,1,PROD00032,353.6,18.3
ORD004158,2,PROD00188,50.9,25.27
ORD004159,1,PROD00118,12.01,16.37
ORD004160,1,PROD00239,208.84,28.51
ORD004161,1,PROD00110,132.89,12.58
ORD004162,1,PROD00053,148.89,19.97
ORD004163,1,PROD00154,780.91,7.27
ORD004163,2,PROD00072,55.77,25.89
ORD004164,1,PROD00125,50.3,19.03
ORD004164,2,PROD00035,899.23,25.37
ORD004164,3,PROD00168,37.5,19.75
ORD004165,1,PROD00075,124.65,15.76
ORD004166,1,PROD00023,643.15,34.06
ORD004166,2,PROD00232,253.72,19.35
ORD004167,1,PROD00003,665.07,21.69
ORD004167,2,PROD00219,336.51,7.98
ORD004168,1,PROD00154,788.52,11.15
ORD004168,2,PROD00225,275.64,32.98
ORD004168,3,PROD00080,70.99,28.57
ORD004168,4,PROD00236,325.06,22.08
ORD004169,1,PROD00035,999.49,14.83
ORD004169,2,PROD00013,207.68,17.04
ORD004169,3,PROD00007,1137.17,9.83
ORD004169,4,PROD00031,259.36,21.1
ORD004170,1,PROD00106,370.27,15.78
ORD004171,1,PROD00146,844.7,8.17
ORD004172,1,PROD00057,81.29,14.31
ORD004172,2,PROD00083,59.82,23.37
ORD004173,1,PROD00097,121.22,33.22
ORD004173,2,PROD00018,641.53,10.63
ORD004174,1,PROD00121,51.01,5.3
ORD004175,1,PROD00077,169.62,33.78
ORD004176,1,PROD00080,68.16,7.29
ORD004177,1,PROD00235,285.93,29.7
ORD004178,1,PROD00187,58.14,8.17
ORD004178,2,PROD00113,49.43,30.48
ORD004179,1,PROD00113,48.29,19.01
ORD004179,2,PROD00179,28.9,29.07
ORD004180,1,PROD00213,62.32,7.08
ORD004181,1,PROD00007,1237.81,8.01
ORD004182,1,PROD00044,87.86,30.4
ORD004183,1,PROD00001,1039.78,7.19
ORD004183,2,PROD00037,802.09,14.71
ORD004184,1,PROD00173,32.54,25.93
ORD004184,2,PROD00166,12.36,25.73
ORD004185,1,PROD00208,22.91,12.14
ORD004185,2,PROD00215,79.88,9.2
ORD004185,3,PROD00202,9.76,24.7
ORD004185,4,PROD00026,783.55,16.45
ORD004186,1,PROD00222,231.07,14.08
ORD004186,2,PROD00172,40.92,27.23
ORD004187,1,PROD00222,212.57,27.85
ORD004187,2,PROD00158,1277.23,34.46
ORD004188,1,PROD00198,65.55,27.69
ORD004189,1,PROD00024,505.67,10.65
ORD004190,1,PROD00009,830.28,26.22
ORD004191,1,PROD00196,74.17,8.46
ORD004192,1,PROD00050,68.56,22.55
ORD004193,1,PROD00173,26.78,10.71
ORD004194,1,PROD00025,207.78,28.28
ORD004195,1,PROD00092,114.36,13.36
ORD004195,2,PROD00058,138.01,33.11
ORD004195,3,PROD00077,164.68,16.96
ORD004195,4,PROD00059,155.48,27.05
ORD004196,1,PROD00085,111.62,34.61
ORD004197,1,PROD00220,109.15,16.27
ORD004197,2,PROD00001,1046.34,19.63
ORD004197,3,PROD00152,1580.73,25.12
ORD004197,4,PROD00136,223.49,34.02
ORD004198,1,PROD00068,87.39,13.39
ORD004198,2,PROD00199,33.2,11.56
ORD004199,1,PROD00083,52.79,30.81
ORD004199,2,PROD00129,19.03,32.5
ORD004199,3,PROD00050,62.13,20.97
ORD004199,4,PROD00168,31.18,18.42
ORD004200,1,PROD00054,74.23,21.84
ORD004200,2,PROD00063,120.58,7.59
ORD004200,3,PROD00090,321.15,11.05
ORD004201,1,PROD00220,119.57,13.06
ORD004201,2,PROD00157,1003.63,18.27
ORD004201,3,PROD00020,401.33,14.9
ORD004201,4,PROD00147,1278.25,11.86
ORD004202,1,PROD00116,70.12,21.02
ORD004203,1,PROD00027,772.47,31.23
ORD004204,1,PROD00088,186.59,23.18
ORD004205,1,PROD00022,904.27,8.89
ORD004205,2,PROD00020,374.42,21.49
ORD004205,3,PROD00002,858.23,12.2
ORD004206,1,PROD00109,289.46,24.2
ORD004207,1,PROD00188,48.68,29.37
ORD004207,2,PROD00120,107.59,29.39
ORD004208,1,PROD00139,192.88,25.69
ORD004209,1,PROD00238,168.18,5.42
ORD004210,1,PROD00019,109.03,28.02
ORD004211,1,PROD00089,335.66,14.57
ORD004212,1,PROD00178,59.45,34.74
ORD004213,1,PROD00043,178.89,23.4
ORD004213,2,PROD00077,166.28,11.31
ORD004214,1,PROD00231,138.85,16.77
ORD004214,2,PROD00157,1123.21,21.59
ORD004214,3,PROD00153,150.13,25.09
ORD004215,1,PROD00215,65.98,17.65
ORD004216,1,PROD00025,205.28,6.66
ORD004217,1,PROD00086,328.52,6.53
ORD004217,2,PROD00068,92.49,19.82
ORD004217,3,PROD00065,74.06,27.59
ORD004218,1,PROD00221,272.82,24.41
ORD004218,2,PROD00143,1431.42,20.99
ORD004219,1,PROD00028,952.38,11.39
ORD004220,1,PROD00191,33.63,5.76
ORD004220,2,PROD00218,34.84,22.71
ORD004220,3,PROD00025,221.13,23.62
ORD004221,1,PROD00086,317.31,31.83
ORD004222,1,PROD00233,303.67,12.76
ORD004223,1,PROD00129,20.48,19.83
ORD004224,1,PROD00100,333.15,22.54
ORD004225,1,PROD00214,60.75,9.79
ORD004226,1,PROD00104,145.97,18.21
ORD004227,1,PROD00048,26.83,24.22
ORD004227,2,PROD00221,306.35,10.71
ORD004228,1,PROD00028,824.74,10.16
ORD004228,2,PROD00156,218.14,19.06
ORD004229,1,PROD00202,8.9,22.99
ORD004229,2,PROD00202,8.37,29.45
ORD004230,1,PROD00178,56.49,33.1
ORD004231,1,PROD00073,110.03,23.95
ORD004232,1,PROD00173,26.89,27.5
ORD004233,1,PROD00099,167.66,19.26
ORD004234,1,PROD00123,123.57,28.24
ORD004235,1,PROD00151,283.37,21.86
ORD004236,1,PROD00160,343.86,11.69
ORD004237,1,PROD00074,24.25,19.91
ORD004238,1,PROD00064,16.33,6.88
ORD004239,1,PROD00172,40.17,27.63
ORD004239,2,PROD00129,22.42,9.46
ORD004240,1,PROD00128,78.31,26.9
ORD004241,1,PROD00021,849.02,8.18
ORD004242,1,PROD00218,36.0,13.37
ORD004242,2,PROD00084,316.41,24.36
ORD004242,3,PROD00067,152.47,14.8
ORD004243,1,PROD00196,69.02,31.07
ORD004243,2,PROD00234,323.93,25.23
ORD004244,1,PROD00079,47.92,20.47
ORD004244,2,PROD00097,143.44,9.18
ORD004245,1,PROD00100,363.23,24.5
ORD004246,1,PROD00017,108.01,27.19
ORD004246,2,PROD00033,576.09,32.82
ORD004247,1,PROD00064,16.5,26.8
ORD004247,2,PROD00042,118.51,33.88
ORD004248,1,PROD00027,801.94,9.16
ORD004249,1,PROD00049,42.02,15.38
ORD004250,1,PROD00185,16.68,11.7
ORD004251,1,PROD00054,74.07,23.84
ORD004251,2,PROD00057,83.72,28.25
ORD004251,3,PROD00111,50.53,13.76
ORD004251,4,PROD00070,162.26,30.87
ORD004252,1,PROD00042,120.52,24.18
ORD004252,2,PROD00067,133.84,29.46
ORD004252,3,PROD00065,76.21,9.47
ORD004252,4,PROD00222,207.26,21.31
ORD004253,1,PROD00216,39.08,10.62
ORD004254,1,PROD00050,61.07,16.55
ORD004255,1,PROD00191,35.74,16.72
ORD004256,1,PROD00005,267.98,25.52
ORD004256,2,PROD00118,12.0,24.44
ORD004256,3,PROD00132,94.11,34.46
ORD004257,1,PROD00149,1354.23,26.93
ORD004257,2,PROD00238,150.34,30.63
ORD004257,3,PROD00133,81.03,7.84
ORD004258,1,PROD00142,530.85,14.87
ORD004259,1,PROD00149,1289.43,9.77
ORD004259,2,PROD00239,208.4,8.37
ORD004260,1,PROD00071,74.65,8.4
ORD004260,2,PROD00110,161.03,28.58
ORD004261,1,PROD00202,9.41,34.1
ORD004261,2,PROD00162,921.9,34.95
ORD004261,3,PROD00054,71.56,29.98
ORD004262,1,PROD00155,480.85,33.01
ORD004263,1,PROD00078,114.24,15.59
ORD004264,1,PROD00191,40.76,32.2
ORD004265,1,PROD00026,679.23,11.65
ORD004266,1,PROD00041,135.83,6.85
ORD004267,1,PROD00166,11.41,30.78
ORD004268,1,PROD00016,883.66,23.42
ORD004268,2,PROD00024,542.4,11.9
ORD004269,1,PROD00018,774.31,25.94
ORD004269,2,PROD00222,240.56,25.93
ORD004269,3,PROD00030,343.97,20.58
ORD004270,1,PROD00199,32.23,5.84
ORD004270,2,PROD00093,354.12,7.19
ORD004271,1,PROD00154,807.09,26.9
ORD004271,2,PROD00139,176.54,9.03
ORD004271,3,PROD00175,43.24,29.67
ORD004272,1,PROD00041,130.87,15.07
ORD004272,2,PROD00075,148.76,8.61
ORD004273,1,PROD00028,808.65,23.48
ORD004274,1,PROD00017,99.98,11.3
ORD004274,2,PROD00073,93.42,24.58
ORD004274,3,PROD00037,818.91,27.87
ORD004274,4,PROD00166,12.93,33.13
ORD004275,1,PROD00040,249.09,24.44
ORD004276,1,PROD00195,24.29,32.77
ORD004277,1,PROD00187,53.98,21.23
ORD004277,2,PROD00170,17.91,23.08
ORD004278,1,PROD00209,69.4,17.47
ORD004278,2,PROD00231,113.7,21.18
ORD004279,1,PROD00015,568.1,31.68
ORD004279,2,PROD00023,576.49,15.32
ORD004280,1,PROD00108,83.25,26.97
ORD004281,1,PROD00045,110.35,19.73
ORD004282,1,PROD00218,35.45,18.83
ORD004283,1,PROD00111,49.62,7.04
ORD004284,1,PROD00011,560.84,33.7
ORD004285,1,PROD00141,800.4,5.83
ORD004285,2,PROD00228,53.67,30.5
ORD004285,3,PROD00231,122.31,15.65
ORD004286,1,PROD00040,252.59,29.7
ORD004287,1,PROD00202,9.31,34.51
ORD004288,1,PROD00010,99.28,8.6
ORD004289,1,PROD00086,364.59,24.47
ORD004290,1,PROD00044,95.41,7.12
ORD004290,2,PROD00049,52.16,32.32
ORD004290,3,PROD00022,916.82,25.21
ORD004290,4,PROD00072,56.24,34.9
ORD004291,1,PROD00189,17.92,5.16
ORD004292,1,PROD00055,153.0,13.57
ORD004292,2,PROD00153,160.74,26.21
ORD004293,1,PROD00005,269.92,21.39
ORD004293,2,PROD00094,119.56,8.29
ORD004294,1,PROD00061,60.35,20.71
ORD004295,1,PROD00176,13.87,6.21
ORD004295,2,PROD00127,71.73,13.12
ORD004296,1,PROD00084,385.63,14.78
ORD004297,1,PROD00134,46.65,29.41
ORD004298,1,PROD00011,515.34,14.84
ORD004299,1,PROD00218,37.84,6.74
ORD004299,2,PROD00140,157.81,14.52
ORD004300,1,PROD00184,14.21,33.65
ORD004301,1,PROD00039,225.75,28.3
ORD004301,2,PROD00070,136.32,32.73
ORD004301,3,PROD00076,34.8,25.06
ORD004302,1,PROD00070,156.23,10.6
ORD004303,1,PROD00114,89.81,22.32
ORD004303,2,PROD00040,263.39,33.66
ORD004303,3,PROD00128,80.28,20.68
ORD004304,1,PROD00163,29.09,8.75
ORD004305,1,PROD00034,742.48,10.73
ORD004305,2,PROD00010,100.21,13.03
ORD004305,3,PROD00020,316.93,22.14
ORD004306,1,PROD00204,76.73,23.94
ORD004307,1,PROD00054,63.12,7.07
ORD004307,2,PROD00119,28.48,17.39
ORD004308,1,PROD00237,176.05,20.48
ORD004309,1,PROD00037,765.13,20.59
ORD004310,1,PROD00015,629.31,14.18
ORD004311,1,PROD00095,402.09,22.56
ORD004311,2,PROD00043,168.83,23.78
ORD004312,1,PROD00156,216.32,9.69
ORD004313,1,PROD00013,175.14,9.0
ORD004314,1,PROD00141,682.29,20.84
ORD004315,1,PROD00217,238.78,7.61
ORD004315,2,PROD00215,80.17,13.12
ORD004316,1,PROD00140,140.98,20.62
ORD004317,1,PROD00072,53.58,9.92
ORD004318,1,PROD00212,68.2,18.36
ORD004319,1,PROD00091,238.23,16.67
ORD004320,1,PROD00194,58.14,10.99
ORD004321,1,PROD00223,43.7,22.61
ORD004321,2,PROD00148,1527.59,31.88
ORD004321,3,PROD00149,1442.13,29.85
ORD004321,4,PROD00149,1398.22,31.32
ORD004322,1,PROD00036,244.75,19.42
ORD004323,1,PROD00034,772.95,31.08
ORD004324,1,PROD00033,531.35,33.35
ORD004325,1,PROD00227,146.75,17.81
ORD004325,2,PROD00157,1102.83,11.89
ORD004326,1,PROD00194,64.85,9.08
ORD004326,2,PROD00090,342.16,7.76
ORD004326,3,PROD00045,102.67,9.18
ORD004327,1,PROD00057,96.99,16.3
ORD004327,2,PROD00064,15.06,18.95
ORD004327,3,PROD00081,102.45,5.49
ORD004327,4,PROD00122,101.49,13.33
ORD004328,1,PROD00035,876.71,18.45
ORD004329,1,PROD00237,175.06,32.71
ORD004330,1,PROD00142,574.73,6.73
ORD004330,2,PROD00194,58.47,17.37
ORD004330,3,PROD00232,246.86,5.26
ORD004330,4,PROD00180,35.85,30.55
ORD004331,1,PROD00031,264.11,22.96
ORD004332,1,PROD00124,115.47,12.71
ORD004333,1,PROD00064,17.71,32.83
ORD004334,1,PROD00049,42.56,13.3
ORD004335,1,PROD00089,306.69,7.05
ORD004336,1,PROD00206,10.75,12.42
ORD004337,1,PROD00195,21.71,15.45
ORD004338,1,PROD00022,926.21,24.18
ORD004339,1,PROD00051,145.14,18.51
ORD004340,1,PROD00132,92.69,18.18
ORD004341,1,PROD00009,805.42,25.03
ORD004342,1,PROD00135,112.21,15.76
ORD004343,1,PROD00021,775.59,32.34
ORD004344,1,PROD00208,22.09,12.05
ORD004344,2,PROD00043,197.98,27.11
ORD004345,1,PROD00200,38.38,27.68
ORD004345,2,PROD00029,248.52,22.8
ORD004345,3,PROD00016,847.14,18.61
ORD004346,1,PROD00236,299.28,27.38
ORD004347,1,PROD00127,73.51,32.91
ORD004348,1,PROD00079,49.99,10.75
ORD004349,1,PROD00188,48.73,23.46
ORD004349,2,PROD00165,10.15,8.97
ORD004349,3,PROD00058,130.68,23.74
ORD004350,1,PROD00068,82.63,26.83
ORD004351,1,PROD00173,32.76,20.6
ORD004352,1,PROD00223,40.22,13.54
ORD004353,1,PROD00007,1280.83,23.15
ORD004353,2,PROD00031,279.55,34.57
ORD004353,3,PROD00174,31.87,29.97
ORD004353,4,PROD00121,49.17,29.52
ORD004354,1,PROD00125,58.29,22.87
ORD004354,2,PROD00178,58.15,8.33
ORD004354,3,PROD00239,204.74,19.71
ORD004355,1,PROD00010,101.08,15.44
ORD004355,2,PROD00139,160.99,5.21
ORD004356,1,PROD00089,351.45,25.97
ORD004357,1,PROD00006,136.61,18.45
ORD004358,1,PROD00193,52.09,34.58
ORD004358,2,PROD00103,356.17,15.37
ORD004359,1,PROD00195,24.64,8.54
ORD004359,2,PROD00101,316.41,6.09
ORD004359,3,PROD00030,363.21,5.54
ORD004359,4,PROD00042,110.35,8.18
ORD004360,1,PROD00015,688.62,31.99
ORD004360,2,PROD00187,54.42,28.8
ORD004361,1,PROD00062,45.39,31.11
ORD004361,2,PROD00096,335.56,16.44
ORD004362,1,PROD00034,816.04,19.12
ORD004363,1,PROD00027,752.73,28.31
ORD004363,2,PROD00001,886.68,14.99
ORD004363,3,PROD00019,98.49,20.21
ORD004364,1,PROD00231,124.99,34.88
ORD004365,1,PROD00129,22.17,15.33
ORD004366,1,PROD00015,567.59,7.09
ORD004367,1,PROD00073,100.01,7.71
ORD004368,1,PROD00122,126.83,9.84
ORD004369,1,PROD00219,323.57,27.54
ORD004370,1,PROD00219,339.62,11.49
ORD004371,1,PROD00005,236.1,15.38
ORD004371,2,PROD00031,269.97,9.05
ORD004371,3,PROD00194,54.4,34.63
ORD004372,1,PROD00188,50.65,16.63
ORD004372,2,PROD00049,45.32,9.58
ORD004373,1,PROD00158,1437.66,16.07
ORD004374,1,PROD00174,38.79,13.61
ORD004374,2,PROD00126,47.97,27.3
ORD004375,1,PROD00077,143.46,12.03
ORD004376,1,PROD00124,109.2,28.21
ORD004377,1,PROD00012,1089.3,24.3
ORD004378,1,PROD00142,548.13,15.71
ORD004379,1,PROD00092,110.96,5.13
ORD004380,1,PROD00084,333.69,8.11
ORD004380,2,PROD00032,388.85,20.89
ORD004381,1,PROD00002,918.67,14.72
ORD004381,2,PROD00048,27.81,14.27
ORD004381,3,PROD00030,361.59,22.3
ORD004381,4,PROD00035,824.22,22.6
ORD004382,1,PROD00218,35.43,10.45
ORD004382,2,PROD00144,1436.09,25.58
ORD004382,3,PROD00159,466.96,32.66
ORD004383,1,PROD00024,460.62,23.94
ORD004383,2,PROD00011,497.9,18.4
ORD004383,3,PROD00085,120.48,28.68
ORD004383,4,PROD00020,364.85,29.26
ORD004384,1,PROD00081,96.31,19.65
ORD004384,2,PROD00057,100.77,32.21
ORD004385,1,PROD00067,131.93,28.88
ORD004386,1,PROD00196,66.48,22.11
ORD004387,1,PROD00034,788.55,34.79
ORD004388,1,PROD00191,37.73,7.59
ORD004389,1,PROD00158,1390.16,26.16
ORD004389,2,PROD00200,43.88,31.11
ORD004390,1,PROD00233,318.24,10.27
ORD004391,1,PROD00203,74.62,12.95
ORD004391,2,PROD00221,291.75,18.92
ORD004392,1,PROD00225,306.73,31.3
ORD004392,2,PROD00153,164.26,18.58
ORD004393,1,PROD00054,71.17,24.4
ORD004394,1,PROD00144,1277.15,29.88
ORD004395,1,PROD00177,12.05,31.5
ORD004395,2,PROD00188,46.78,25.39
ORD004396,1,PROD00233,300.89,11.12
ORD004397,1,PROD00163,34.66,19.29
ORD004397,2,PROD00004,594.53,20.94
ORD004397,3,PROD00041,135.4,11.71
ORD004398,1,PROD00012,1125.6,7.06
ORD004399,1,PROD00167,58.73,17.32
ORD004400,1,PROD00118,12.91,27.38
ORD004400,2,PROD00187,49.17,12.17
ORD004400,3,PROD00165,10.3,21.45
ORD004401,1,PROD00081,105.02,31.12
ORD004402,1,PROD00081,91.19,30.67
ORD004403,1,PROD00236,338.77,12.86
ORD004403,2,PROD00138,214.87,7.44
ORD004404,1,PROD00019,97.62,23.0
ORD004404,2,PROD00032,383.29,24.37
ORD004404,3,PROD00182,52.27,28.58
ORD004405,1,PROD00164,31.26,12.17
ORD004406,1,PROD00007,1281.69,5.31
ORD004407,1,PROD00168,36.62,9.62
ORD004408,1,PROD00185,14.63,32.28
ORD004409,1,PROD00163,29.73,21.13
ORD004409,2,PROD00124,101.24,26.68
ORD004409,3,PROD00045,122.58,26.27
ORD004410,1,PROD00080,66.18,26.96
ORD004411,1,PROD00175,40.69,17.25
ORD004411,2,PROD00121,50.31,6.39
ORD004412,1,PROD00090,302.79,15.19
ORD004413,1,PROD00028,847.33,25.93
ORD004414,1,PROD00027,757.25,20.83
ORD004415,1,PROD00031,289.52,23.42
ORD004415,2,PROD00112,35.0,9.35
ORD004415,3,PROD00015,622.54,25.82
ORD004416,1,PROD00017,90.61,8.66
ORD004417,1,PROD00060,116.8,30.02
ORD004417,2,PROD00007,1027.64,7.2
ORD004418,1,PROD00140,143.94,16.54
ORD004419,1,PROD00102,265.71,19.1
ORD004419,2,PROD00064,17.3,32.26
ORD004420,1,PROD00185,14.03,24.01
ORD004421,1,PROD00169,33.43,10.56
