order_id,payment_type,payment_installments,payment_value
ORD000001,credit_card,1,570.13
ORD000002,boleto,1,337.42
ORD000003,boleto,1,264.07
ORD000004,credit_card,10,126.68
ORD000005,credit_card,1,163.59
ORD000006,voucher,1,274.76
ORD000007,credit_card,2,417.12
ORD000008,credit_card,1,1612.16
ORD000009,credit_card,2,323.29
ORD000010,debit_card,1,167.75
ORD000011,credit_card,2,224.56
ORD000012,credit_card,1,291.11
ORD000013,boleto,1,1330.66
ORD000014,credit_card,1,1890.35
ORD000015,debit_card,1,779.9
ORD000016,credit_card,3,1572.92
ORD000017,debit_card,1,513.74
ORD000018,credit_card,6,715.34
ORD000019,debit_card,1,351.78
ORD000020,boleto,1,72.71
ORD000021,boleto,1,43.27
ORD000022,debit_card,1,500.44
ORD000023,credit_card,3,415.17
ORD000024,credit_card,1,538.29
ORD000025,voucher,1,1651.58
ORD000026,credit_card,1,130.66
ORD000027,credit_card,6,248.2
ORD000028,credit_card,1,337.08
ORD000029,credit_card,1,240.78
ORD000030,credit_card,2,59.95
ORD000031,credit_card,1,313.55
ORD000032,debit_card,1,542.06
ORD000033,boleto,1,1506.59
ORD000034,debit_card,1,1547.71
ORD000035,credit_card,1,76.38
ORD000036,credit_card,10,59.53
ORD000037,credit_card,3,654.43
ORD000038,credit_card,6,528.33
ORD000039,boleto,1,154.88
ORD000040,boleto,1,1003.84
ORD000041,credit_card,2,40.46
ORD000042,boleto,1,480.49
ORD000043,debit_card,1,62.87
ORD000044,credit_card,1,1358.8
ORD000045,credit_card,6,607.26
ORD000046,credit_card,1,39.45
ORD000047,credit_card,2,1538.56
ORD000048,voucher,1,191.81
ORD000049,credit_card,1,86.31
ORD000050,debit_card,1,817.35
ORD000051,credit_card,3,924.34
ORD000052,credit_card,1,303.82
ORD000053,boleto,1,62.96
ORD000054,credit_card,6,544.9
ORD000055,credit_card,10,162.13
ORD000056,boleto,1,38.44
ORD000057,boleto,1,850.12
ORD000058,credit_card,1,386.18
ORD000059,debit_card,1,322.59
ORD000060,debit_card,1,958.24
ORD000061,credit_card,1,334.74
ORD000062,credit_card,1,194.84
ORD000063,credit_card,1,1115.68
ORD000064,credit_card,6,790.55
ORD000065,voucher,1,29.01
ORD000066,boleto,1,175.54
ORD000067,credit_card,10,619.4
ORD000068,debit_card,1,184.42
ORD000069,credit_card,1,936.25
ORD000070,credit_card,2,165.7
ORD000071,credit_card,10,22.12
ORD000072,credit_card,3,994.07
ORD000073,credit_card,2,65.84
ORD000074,credit_card,10,207.29
ORD000075,credit_card,3,1883.23
ORD000076,credit_card,1,1411.57
ORD000077,debit_card,1,177.65
ORD000078,credit_card,1,76.87
ORD000079,boleto,1,1444.03
ORD000080,credit_card,2,73.03
ORD000081,credit_card,3,249.88
ORD000082,boleto,1,325.94
ORD000083,credit_card,10,224.67
ORD000084,credit_card,2,291.48
ORD000085,boleto,1,160.47
ORD000086,credit_card,2,78.25
ORD000087,credit_card,10,1040.04
ORD000088,credit_card,2,362.58
ORD000089,boleto,1,45.49
ORD000090,credit_card,2,69.92
ORD000091,voucher,1,77.46
ORD000092,credit_card,2,78.28
ORD000093,credit_card,3,156.29
ORD000094,credit_card,2,404.38
ORD000095,credit_card,1,190.18
ORD000096,boleto,1,1179.06
ORD000097,credit_card,6,352.13
ORD000098,boleto,1,1082.26
ORD000099,credit_card,1,283.02
ORD000100,debit_card,1,89.19
ORD000101,credit_card,2,32.95
ORD000102,voucher,1,540.36
ORD000103,credit_card,6,137.02
ORD000104,boleto,1,1439.0
ORD000105,credit_card,3,245.2
ORD000106,credit_card,1,1342.86
ORD000107,credit_card,3,74.86
ORD000108,voucher,1,90.28
ORD000109,credit_card,6,238.5
ORD000110,credit_card,1,244.36
ORD000111,debit_card,1,746.74
ORD000112,debit_card,1,573.82
ORD000113,boleto,1,1238.44
ORD000114,credit_card,3,1438.2
ORD000115,debit_card,1,1357.16
ORD000116,debit_card,1,548.62
ORD000117,credit_card,2,505.81
ORD000118,boleto,1,390.0
ORD000119,credit_card,6,1530.16
ORD000120,voucher,1,726.92
ORD000121,debit_card,1,856.2
ORD000122,debit_card,1,273.87
ORD000123,credit_card,1,503.59
ORD000124,credit_card,1,111.18
ORD000125,credit_card,2,443.96
ORD000126,credit_card,3,140.47
ORD000127,credit_card,2,371.6
ORD000128,debit_card,1,222.89
ORD000129,debit_card,1,304.0
ORD000130,debit_card,1,30.85
ORD000131,debit_card,1,1838.27
ORD000132,voucher,1,245.11
ORD000133,debit_card,1,469.38
ORD000134,credit_card,3,386.59
ORD000135,credit_card,6,867.46
ORD000136,credit_card,6,1016.65
ORD000137,credit_card,1,1163.7
ORD000138,credit_card,6,52.22
ORD000139,credit_card,6,1296.93
ORD000140,debit_card,1,216.2
ORD000141,boleto,1,107.94
ORD000142,boleto,1,460.56
ORD000143,credit_card,3,303.64
ORD000144,credit_card,1,703.35
ORD000145,boleto,1,1181.69
ORD000146,boleto,1,91.42
ORD000147,credit_card,1,470.26
ORD000148,credit_card,1,48.76
ORD000149,credit_card,6,829.8
ORD000150,credit_card,2,184.89
ORD000151,credit_card,3,1674.76
ORD000152,debit_card,1,913.97
ORD000153,boleto,1,275.41
ORD000154,credit_card,3,386.92
ORD000155,voucher,1,152.8
ORD000156,credit_card,2,217.23
ORD000157,debit_card,1,117.85
ORD000158,voucher,1,1505.68
ORD000159,credit_card,3,246.32
ORD000160,credit_card,1,240.93
ORD000161,credit_card,2,1288.23
ORD000162,credit_card,2,60.22
ORD000163,debit_card,1,1030.0
ORD000164,credit_card,6,704.27
ORD000165,voucher,1,456.22
ORD000166,credit_card,6,1278.08
ORD000167,voucher,1,1001.19
ORD000168,credit_card,10,98.63
ORD000169,credit_card,3,47.31
ORD000170,voucher,1,221.03
ORD000171,credit_card,3,16.72
ORD000172,voucher,1,139.05
ORD000173,debit_card,1,478.75
ORD000174,boleto,1,488.07
ORD000175,credit_card,3,32.05
ORD000176,credit_card,1,144.72
ORD000177,credit_card,2,167.45
ORD000178,credit_card,1,760.32
ORD000179,credit_card,1,70.69
ORD000180,credit_card,1,161.74
ORD000181,debit_card,1,188.36
ORD000182,credit_card,2,193.57
ORD000183,credit_card,6,41.84
ORD000184,credit_card,2,62.08
ORD000185,credit_card,2,2547.31
ORD000186,credit_card,3,138.78
ORD000187,credit_card,3,1162.13
ORD000188,debit_card,1,189.77
ORD000189,credit_card,2,493.16
ORD000190,boleto,1,443.54
ORD000191,credit_card,6,167.1
ORD000192,credit_card,10,919.47
ORD000193,debit_card,1,3553.4
ORD000194,credit_card,3,1476.57
ORD000195,credit_card,10,34.86
ORD000196,voucher,1,80.86
ORD000197,boleto,1,1088.55
ORD000198,voucher,1,677.74
ORD000199,credit_card,1,427.94
ORD000200,credit_card,2,99.53
ORD000201,boleto,1,364.16
ORD000202,credit_card,2,298.25
ORD000203,credit_card,3,250.06
ORD000204,credit_card,1,291.73
ORD000205,credit_card,1,391.49
ORD000206,credit_card,2,90.77
ORD000207,credit_card,10,1401.41
ORD000208,credit_card,6,56.85
ORD000209,debit_card,1,68.57
ORD000210,debit_card,1,893.01
ORD000211,debit_card,1,331.91
ORD000212,voucher,1,573.62
ORD000213,credit_card,2,417.7
ORD000214,credit_card,2,1112.29
ORD000215,credit_card,6,88.76
ORD000216,debit_card,1,794.25
ORD000217,credit_card,1,958.77
ORD000218,debit_card,1,263.67
ORD000219,debit_card,1,569.47
ORD000220,boleto,1,2038.74
ORD000221,voucher,1,871.48
ORD000222,credit_card,6,170.13
ORD000223,credit_card,1,74.05
ORD000224,debit_card,1,131.97
ORD000225,credit_card,6,798.14
ORD000226,voucher,1,832.7
ORD000227,boleto,1,35.93
ORD000228,credit_card,1,155.99
ORD000229,credit_card,6,1278.2
ORD000230,credit_card,2,187.4
ORD000231,voucher,1,277.43
ORD000232,credit_card,10,1286.92
ORD000233,credit_card,1,144.63
ORD000234,credit_card,2,71.87
ORD000235,credit_card,6,476.83
ORD000236,credit_card,10,250.02
ORD000237,credit_card,1,690.21
ORD000238,boleto,1,60.67
ORD000239,boleto,1,144.78
ORD000240,credit_card,10,105.74
ORD000241,debit_card,1,258.02
ORD000242,boleto,1,792.39
ORD000243,credit_card,10,653.81
ORD000244,credit_card,3,70.94
ORD000245,debit_card,1,648.14
ORD000246,credit_card,3,51.95
ORD000247,credit_card,2,115.55
ORD000248,debit_card,1,220.4
ORD000249,voucher,1,367.68
ORD000250,debit_card,1,108.37
ORD000251,boleto,1,144.84
ORD000252,credit_card,3,878.2
ORD000253,credit_card,10,85.73
ORD000254,credit_card,1,91.07
ORD000255,debit_card,1,119.56
ORD000256,credit_card,1,153.7
ORD000257,debit_card,1,49.02
ORD000258,credit_card,3,2193.47
ORD000259,boleto,1,401.47
ORD000260,boleto,1,274.88
ORD000261,credit_card,1,1108.56
ORD000262,debit_card,1,40.93
ORD000263,credit_card,3,658.39
ORD000264,voucher,1,62.81
ORD000265,debit_card,1,1810.99
ORD000266,credit_card,1,744.81
ORD000267,credit_card,2,62.47
ORD000268,credit_card,10,21.05
ORD000269,credit_card,1,441.18
ORD000270,credit_card,6,115.2
ORD000271,debit_card,1,45.45
ORD000272,voucher,1,337.38
ORD000273,credit_card,1,1231.13
ORD000274,boleto,1,79.54
ORD000275,credit_card,3,531.1
ORD000276,credit_card,1,115.15
ORD000277,credit_card,1,92.89
ORD000278,credit_card,1,71.58
ORD000279,credit_card,2,895.46
ORD000280,credit_card,3,2686.82
ORD000281,credit_card,10,81.79
ORD000282,debit_card,1,505.12
ORD000283,credit_card,3,1101.7
ORD000284,credit_card,2,377.78
ORD000285,voucher,1,203.05
ORD000286,boleto,1,403.45
ORD000287,boleto,1,526.72
ORD000288,debit_card,1,37.87
ORD000289,boleto,1,388.31
ORD000290,credit_card,6,252.58
ORD000291,boleto,1,213.7
ORD000292,credit_card,3,79.59
ORD000293,credit_card,2,168.24
ORD000294,credit_card,3,188.49
ORD000295,credit_card,2,1536.19
ORD000296,credit_card,6,873.47
ORD000297,credit_card,2,168.61
ORD000298,credit_card,2,1356.26
ORD000299,credit_card,1,377.99
ORD000300,debit_card,1,112.26
ORD000301,debit_card,1,61.54
ORD000302,credit_card,1,54.3
ORD000303,credit_card,1,495.78
ORD000304,credit_card,2,1213.93
ORD000305,credit_card,10,131.15
ORD000306,credit_card,3,180.92
ORD000307,debit_card,1,1284.67
ORD000308,credit_card,3,791.49
ORD000309,credit_card,1,452.35
ORD000310,debit_card,1,78.33
ORD000311,credit_card,2,424.92
ORD000312,credit_card,3,758.33
ORD000313,credit_card,1,60.62
ORD000314,credit_card,1,329.42
ORD000315,credit_card,6,1559.07
ORD000316,boleto,1,348.97
ORD000317,boleto,1,140.76
ORD000318,voucher,1,358.16
ORD000319,credit_card,1,64.83
ORD000320,credit_card,1,72.14
ORD000321,credit_card,2,276.1
ORD000322,debit_card,1,87.27
ORD000323,boleto,1,23.49
ORD000324,voucher,1,101.12
ORD000325,credit_card,2,316.07
ORD000326,credit_card,1,205.43
ORD000327,credit_card,2,120.31
ORD000328,credit_card,2,73.01
ORD000329,debit_card,1,866.82
ORD000330,debit_card,1,68.48
ORD000331,credit_card,2,179.59
ORD000332,debit_card,1,154.9
ORD000333,boleto,1,568.95
ORD000334,credit_card,3,27.82
ORD000335,credit_card,3,155.35
ORD000336,voucher,1,533.88
ORD000337,boleto,1,97.5
ORD000338,credit_card,1,1454.05
ORD000339,credit_card,6,168.63
ORD000340,debit_card,1,606.25
ORD000341,boleto,1,862.84
ORD000342,boleto,1,32.68
ORD000343,credit_card,2,143.1
ORD000344,debit_card,1,293.01
ORD000345,credit_card,1,331.63
ORD000346,debit_card,1,97.35
ORD000347,voucher,1,48.75
ORD000348,debit_card,1,213.65
ORD000349,boleto,1,1914.7
ORD000350,credit_card,1,609.64
ORD000351,voucher,1,1209.11
ORD000352,debit_card,1,189.67
ORD000353,voucher,1,1042.87
ORD000354,debit_card,1,296.71
ORD000355,debit_card,1,1506.91
ORD000356,credit_card,6,64.73
ORD000357,credit_card,1,101.59
ORD000358,credit_card,1,2104.86
ORD000359,debit_card,1,963.8
ORD000360,voucher,1,836.66
ORD000361,debit_card,1,209.24
ORD000362,credit_card,2,983.21
ORD000363,debit_card,1,579.73
ORD000364,credit_card,1,228.02
ORD000365,credit_card,1,2789.67
ORD000366,voucher,1,209.18
ORD000367,credit_card,1,40.33
ORD000368,credit_card,6,854.3
ORD000369,boleto,1,77.47
ORD000370,debit_card,1,1181.75
ORD000371,credit_card,2,416.25
ORD000372,boleto,1,187.74
ORD000373,credit_card,2,72.79
ORD000374,credit_card,6,524.35
ORD000375,credit_card,1,603.36
ORD000376,credit_card,1,331.84
ORD000377,boleto,1,624.2
ORD000378,voucher,1,155.25
ORD000379,boleto,1,388.79
ORD000380,voucher,1,157.6
ORD000381,credit_card,1,935.22
ORD000382,credit_card,2,245.47
ORD000383,voucher,1,397.2
ORD000384,debit_card,1,116.43
ORD000385,credit_card,1,314.86
ORD000386,debit_card,1,55.71
ORD000387,voucher,1,139.98
ORD000388,boleto,1,343.73
ORD000389,credit_card,1,197.73
ORD000390,voucher,1,684.16
ORD000391,boleto,1,933.83
ORD000392,debit_card,1,715.07
ORD000393,debit_card,1,427.94
ORD000394,credit_card,2,225.79
ORD000395,credit_card,1,513.19
ORD000396,credit_card,2,1966.21
ORD000397,boleto,1,106.8
ORD000398,credit_card,1,271.92
ORD000399,credit_card,2,1653.64
ORD000400,boleto,1,150.63
ORD000401,credit_card,1,159.07
ORD000402,credit_card,1,390.48
ORD000403,credit_card,3,428.45
ORD000404,boleto,1,158.6
ORD000405,debit_card,1,67.63
ORD000406,credit_card,1,36.99
ORD000407,boleto,1,173.96
ORD000408,debit_card,1,859.81
ORD000409,credit_card,6,1740.76
ORD000410,boleto,1,290.29
ORD000411,credit_card,3,43.73
ORD000412,credit_card,1,298.67
ORD000413,credit_card,6,534.91
ORD000414,credit_card,2,471.2
ORD000415,credit_card,2,1040.7
ORD000416,voucher,1,362.01
ORD000417,credit_card,2,221.04
ORD000418,boleto,1,58.32
ORD000419,debit_card,1,1076.37
ORD000420,credit_card,2,200.29
ORD000421,debit_card,1,76.13
ORD000422,credit_card,10,213.12
ORD000423,credit_card,1,330.05
ORD000424,debit_card,1,858.2
ORD000425,credit_card,1,454.67
ORD000426,credit_card,1,198.99
ORD000427,debit_card,1,1525.67
ORD000428,credit_card,3,1038.29
ORD000429,credit_card,2,1609.8
ORD000430,boleto,1,70.28
ORD000431,credit_card,2,149.73
ORD000432,credit_card,3,823.09
ORD000433,voucher,1,626.98
ORD000434,debit_card,1,122.27
ORD000435,boleto,1,130.97
ORD000436,boleto,1,227.91
ORD000437,debit_card,1,190.34
ORD000438,credit_card,1,336.96
ORD000439,credit_card,10,82.55
ORD000440,debit_card,1,1010.56
ORD000441,credit_card,1,600.75
ORD000442,credit_card,1,1687.67
ORD000443,debit_card,1,271.72
ORD000444,debit_card,1,1097.55
ORD000445,boleto,1,306.79
ORD000446,credit_card,1,77.7
ORD000447,boleto,1,894.03
ORD000448,debit_card,1,319.74
ORD000449,credit_card,1,146.31
ORD000450,credit_card,1,238.92
ORD000451,boleto,1,261.45
ORD000452,credit_card,2,194.77
ORD000453,debit_card,1,40.96
ORD000454,credit_card,10,724.45
ORD000455,credit_card,1,204.75
ORD000456,credit_card,1,87.86
ORD000457,boleto,1,243.31
ORD000458,credit_card,10,390.34
ORD000459,voucher,1,719.84
ORD000460,credit_card,6,1202.02
ORD000461,credit_card,6,1521.76
ORD000462,credit_card,2,319.65
ORD000463,boleto,1,271.84
ORD000464,credit_card,2,157.85
ORD000465,boleto,1,439.64
ORD000466,credit_card,1,499.79
ORD000467,boleto,1,1032.43
ORD000468,credit_card,1,546.72
ORD000469,credit_card,1,1587.64
ORD000470,credit_card,2,290.81
ORD000471,credit_card,2,1162.75
ORD000472,voucher,1,253.28
ORD000473,boleto,1,2428.45
ORD000474,boleto,1,518.47
ORD000475,credit_card,3,1380.85
ORD000476,debit_card,1,561.18
ORD000477,voucher,1,302.35
ORD000478,credit_card,6,155.98
ORD000479,credit_card,3,1334.67
ORD000480,boleto,1,71.18
ORD000481,boleto,1,392.66
ORD000482,boleto,1,102.59
ORD000483,credit_card,1,984.55
ORD000484,credit_card,1,41.3
ORD000485,credit_card,2,280.6
ORD000486,credit_card,2,119.4
ORD000487,voucher,1,119.44
ORD000488,credit_card,2,732.64
ORD000489,credit_card,6,489.89
ORD000490,credit_card,10,267.51
ORD000491,credit_card,1,1060.76
ORD000492,debit_card,1,81.68
ORD000493,credit_card,2,858.3
ORD000494,boleto,1,41.69
ORD000495,credit_card,1,185.76
ORD000496,boleto,1,727.04
ORD000497,boleto,1,993.73
ORD000498,credit_card,2,778.63
ORD000499,credit_card,1,533.05
ORD000500,credit_card,2,130.84
ORD000501,credit_card,1,344.25
ORD000502,debit_card,1,428.2
ORD000503,credit_card,6,146.23
ORD000504,boleto,1,478.08
ORD000505,credit_card,3,562.95
ORD000506,debit_card,1,329.48
ORD000507,credit_card,2,122.36
ORD000508,credit_card,2,371.05
ORD000509,debit_card,1,2182.92
ORD000510,credit_card,3,184.47
ORD000511,boleto,1,387.54
ORD000512,debit_card,1,134.11
ORD000513,credit_card,1,628.49
ORD000514,credit_card,3,137.73
ORD000515,credit_card,1,308.41
ORD000516,credit_card,1,33.38
ORD000517,credit_card,10,892.29
ORD000518,boleto,1,206.05
ORD000519,credit_card,6,409.15
ORD000520,boleto,1,186.9
ORD000521,debit_card,1,1462.0
ORD000522,debit_card,1,170.27
ORD000523,credit_card,2,1027.89
ORD000524,credit_card,10,886.08
ORD000525,debit_card,1,1410.18
ORD000526,debit_card,1,418.94
ORD000527,debit_card,1,776.37
ORD000528,boleto,1,64.28
ORD000529,credit_card,1,483.96
ORD000530,credit_card,2,177.68
ORD000531,boleto,1,1408.69
ORD000532,boleto,1,453.77
ORD000533,voucher,1,240.24
ORD000534,boleto,1,68.94
ORD000535,voucher,1,459.88
ORD000536,boleto,1,152.31
ORD000537,debit_card,1,752.18
ORD000538,debit_card,1,899.75
ORD000539,debit_card,1,80.42
ORD000540,debit_card,1,1579.16
ORD000541,boleto,1,45.52
ORD000542,boleto,1,406.01
ORD000543,voucher,1,118.22
ORD000544,boleto,1,157.9
ORD000545,voucher,1,2489.21
ORD000546,credit_card,1,35.06
ORD000547,boleto,1,2461.09
ORD000548,voucher,1,110.52
ORD000549,boleto,1,103.02
ORD000550,debit_card,1,271.93
ORD000551,credit_card,1,100.88
ORD000552,debit_card,1,65.21
ORD000553,credit_card,6,213.43
ORD000554,credit_card,3,45.25
ORD000555,credit_card,2,1282.24
ORD000556,boleto,1,781.28
ORD000557,voucher,1,491.55
ORD000558,debit_card,1,39.78
ORD000559,boleto,1,483.34
ORD000560,credit_card,3,384.34
ORD000561,debit_card,1,387.39
ORD000562,credit_card,6,131.92
ORD000563,debit_card,1,472.48
ORD000564,debit_card,1,277.3
ORD000565,debit_card,1,123.66
ORD000566,debit_card,1,118.61
ORD000567,voucher,1,59.84
ORD000568,debit_card,1,356.8
ORD000569,debit_card,1,613.21
ORD000570,credit_card,1,72.97
ORD000571,debit_card,1,87.39
ORD000572,boleto,1,232.44
ORD000573,credit_card,1,793.19
ORD000574,boleto,1,274.47
ORD000575,voucher,1,472.72
ORD000576,credit_card,2,1561.35
ORD000577,boleto,1,46.42
ORD000578,debit_card,1,138.79
ORD000579,credit_card,2,75.2
ORD000580,boleto,1,369.17
ORD000581,debit_card,1,798.61
ORD000582,boleto,1,1900.8
ORD000583,credit_card,1,103.12
ORD000584,voucher,1,28.73
ORD000585,credit_card,10,143.09
ORD000586,debit_card,1,40.17
ORD000587,boleto,1,318.14
ORD000588,credit_card,6,1485.62
ORD000589,voucher,1,281.66
ORD000590,credit_card,10,237.68
ORD000591,credit_card,2,1302.8
ORD000592,voucher,1,2098.25
ORD000593,credit_card,6,106.47
ORD000594,credit_card,1,265.94
ORD000595,credit_card,6,144.51
ORD000596,boleto,1,132.51
ORD000597,credit_card,1,154.33
ORD000598,credit_card,2,388.64
ORD000599,credit_card,1,1220.43
ORD000600,voucher,1,784.73
ORD000601,credit_card,2,398.07
ORD000602,credit_card,1,48.66
ORD000603,credit_card,1,288.65
ORD000604,debit_card,1,426.11
ORD000605,credit_card,1,937.71
ORD000606,credit_card,1,35.95
ORD000607,credit_card,1,924.61
ORD000608,boleto,1,2157.04
ORD000609,boleto,1,944.07
ORD000610,credit_card,2,1324.43
ORD000611,debit_card,1,332.99
ORD000612,credit_card,2,188.65
ORD000613,credit_card,1,520.83
ORD000614,credit_card,1,681.8
ORD000615,boleto,1,279.96
ORD000616,debit_card,1,25.49
ORD000617,credit_card,1,144.73
ORD000618,boleto,1,956.2
ORD000619,credit_card,1,1007.94
ORD000620,credit_card,2,210.12
ORD000621,boleto,1,61.75
ORD000622,credit_card,1,100.03
ORD000623,debit_card,1,277.04
ORD000624,credit_card,3,473.0
ORD000625,credit_card,1,740.44
ORD000626,boleto,1,277.4
ORD000627,boleto,1,2225.74
ORD000628,debit_card,1,59.6
ORD000629,debit_card,1,663.35
ORD000630,debit_card,1,156.35
ORD000631,boleto,1,1320.64
ORD000632,credit_card,1,136.19
ORD000633,credit_card,3,168.86
ORD000634,voucher,1,150.99
ORD000635,credit_card,6,2931.22
ORD000636,debit_card,1,933.0
ORD000637,debit_card,1,459.92
ORD000638,boleto,1,252.31
ORD000639,credit_card,3,221.29
ORD000640,credit_card,2,238.33
ORD000641,voucher,1,797.73
ORD000642,voucher,1,50.77
ORD000643,credit_card,2,109.55
ORD000644,debit_card,1,223.5
ORD000645,credit_card,1,1681.6
ORD000646,credit_card,2,84.83
ORD000647,debit_card,1,132.53
ORD000648,credit_card,1,493.3
ORD000649,credit_card,6,1028.69
ORD000650,boleto,1,148.1
ORD000651,credit_card,6,159.05
ORD000652,credit_card,10,187.71
ORD000653,boleto,1,237.25
ORD000654,credit_card,1,391.65
ORD000655,debit_card,1,63.2
ORD000656,credit_card,10,1487.07
ORD000657,debit_card,1,106.09
ORD000658,credit_card,1,448.69
ORD000659,credit_card,1,384.09
ORD000660,credit_card,3,28.85
ORD000661,debit_card,1,47.8
ORD000662,voucher,1,265.69
ORD000663,credit_card,1,71.73
ORD000664,debit_card,1,31.53
ORD000665,credit_card,3,187.43
ORD000666,credit_card,6,1044.35
ORD000667,credit_card,3,157.14
ORD000668,debit_card,1,801.03
ORD000669,credit_card,6,99.52
ORD000670,credit_card,10,353.17
ORD000671,credit_card,1,87.11
ORD000672,credit_card,2,188.78
ORD000673,credit_card,2,795.62
ORD000674,voucher,1,410.86
ORD000675,credit_card,1,141.07
ORD000676,boleto,1,577.06
ORD000677,credit_card,10,212.19
ORD000678,credit_card,3,1197.15
ORD000679,credit_card,1,301.38
ORD000680,credit_card,1,392.34
ORD000681,credit_card,3,726.16
ORD000682,credit_card,2,228.33
ORD000683,credit_card,1,915.07
ORD000684,credit_card,1,583.66
ORD000685,boleto,1,161.78
ORD000686,voucher,1,96.76
ORD000687,debit_card,1,407.57
ORD000688,credit_card,1,131.27
ORD000689,credit_card,2,97.52
ORD000690,voucher,1,89.09
ORD000691,debit_card,1,189.05
ORD000692,boleto,1,1710.88
ORD000693,credit_card,2,212.08
ORD000694,debit_card,1,503.55
ORD000695,debit_card,1,58.6
ORD000696,credit_card,6,750.67
ORD000697,voucher,1,1279.18
ORD000698,boleto,1,180.55
ORD000699,boleto,1,631.54
ORD000700,credit_card,6,84.29
ORD000701,boleto,1,88.86
ORD000702,debit_card,1,514.8
ORD000703,credit_card,1,93.05
ORD000704,credit_card,2,292.08
ORD000705,credit_card,1,920.96
ORD000706,boleto,1,62.51
ORD000707,credit_card,1,155.48
ORD000708,voucher,1,374.08
ORD000709,credit_card,1,22.81
ORD000710,credit_card,1,457.05
ORD000711,debit_card,1,466.86
ORD000712,credit_card,3,1876.84
ORD000713,credit_card,3,687.34
ORD000714,boleto,1,389.61
ORD000715,debit_card,1,381.57
ORD000716,credit_card,2,290.77
ORD000717,boleto,1,143.9
ORD000718,credit_card,1,824.06
ORD000719,credit_card,6,76.84
ORD000720,credit_card,1,83.65
ORD000721,debit_card,1,1338.47
ORD000722,debit_card,1,251.96
ORD000723,boleto,1,318.19
ORD000724,credit_card,1,254.62
ORD000725,credit_card,2,892.4
ORD000726,credit_card,2,1492.04
ORD000727,credit_card,2,231.17
ORD000728,boleto,1,828.24
ORD000729,debit_card,1,483.02
ORD000730,credit_card,3,44.28
ORD000731,credit_card,6,2152.21
ORD000732,boleto,1,834.38
ORD000733,debit_card,1,139.17
ORD000734,boleto,1,98.23
ORD000735,credit_card,6,654.62
ORD000736,credit_card,1,136.65
ORD000737,voucher,1,970.89
ORD000738,credit_card,1,888.0
ORD000739,voucher,1,284.15
ORD000740,voucher,1,43.58
ORD000741,credit_card,6,943.7
ORD000742,debit_card,1,168.47
ORD000743,credit_card,2,105.61
ORD000744,credit_card,6,693.93
ORD000745,debit_card,1,601.66
ORD000746,credit_card,3,27.15
ORD000747,debit_card,1,726.36
ORD000748,credit_card,10,214.92
ORD000749,credit_card,10,40.4
ORD000750,credit_card,1,2708.56
ORD000751,voucher,1,101.76
ORD000752,credit_card,1,398.33
ORD000753,debit_card,1,2033.37
ORD000754,boleto,1,70.32
ORD000755,credit_card,2,1020.28
ORD000756,debit_card,1,303.7
ORD000757,credit_card,6,1142.14
ORD000758,credit_card,6,253.89
ORD000759,credit_card,3,41.06
ORD000760,debit_card,1,175.64
ORD000761,debit_card,1,795.27
ORD000762,debit_card,1,155.37
ORD000763,credit_card,10,49.36
ORD000764,credit_card,2,1460.17
ORD000765,debit_card,1,779.99
ORD000766,credit_card,1,43.94
ORD000767,credit_card,2,894.44
ORD000768,boleto,1,386.92
ORD000769,credit_card,2,2105.08
ORD000770,credit_card,1,106.03
ORD000771,credit_card,1,55.96
ORD000772,debit_card,1,109.72
ORD000773,credit_card,10,426.82
ORD000774,voucher,1,1402.31
ORD000775,credit_card,10,180.45
ORD000776,voucher,1,250.07
ORD000777,debit_card,1,553.82
ORD000778,debit_card,1,985.54
ORD000779,credit_card,1,200.49
ORD000780,credit_card,2,177.39
ORD000781,debit_card,1,194.63
ORD000782,debit_card,1,418.28
ORD000783,debit_card,1,1960.46
ORD000784,boleto,1,610.28
ORD000785,credit_card,2,149.73
ORD000786,credit_card,2,2795.43
ORD000787,debit_card,1,64.45
ORD000788,credit_card,1,1246.93
ORD000789,debit_card,1,774.84
ORD000790,credit_card,6,60.65
ORD000791,boleto,1,455.06
ORD000792,credit_card,2,629.62
ORD000793,credit_card,6,953.93
ORD000794,boleto,1,2443.99
ORD000795,credit_card,1,182.04
ORD000796,credit_card,1,226.16
ORD000797,debit_card,1,274.51
ORD000798,debit_card,1,1130.85
ORD000799,credit_card,6,164.85
ORD000800,credit_card,1,842.97
ORD000801,boleto,1,139.33
ORD000802,voucher,1,804.85
ORD000803,voucher,1,1348.39
ORD000804,credit_card,1,1885.31
ORD000805,boleto,1,180.58
ORD000806,boleto,1,1330.7
ORD000807,debit_card,1,580.07
ORD000808,debit_card,1,91.94
ORD000809,debit_card,1,742.02
ORD000810,credit_card,6,278.06
ORD000811,credit_card,2,89.7
ORD000812,debit_card,1,1214.0
ORD000813,voucher,1,76.5
ORD000814,debit_card,1,190.24
ORD000815,debit_card,1,54.44
ORD000816,voucher,1,780.34
ORD000817,debit_card,1,154.52
ORD000818,debit_card,1,585.25
ORD000819,boleto,1,255.82
ORD000820,credit_card,2,2070.76
ORD000821,voucher,1,79.08
ORD000822,credit_card,3,71.8
ORD000823,credit_card,2,70.56
ORD000824,credit_card,1,148.06
ORD000825,credit_card,10,154.4
ORD000826,credit_card,2,231.02
ORD000827,boleto,1,824.57
ORD000828,boleto,1,232.56
ORD000829,credit_card,2,127.23
ORD000830,credit_card,1,168.32
ORD000831,credit_card,1,1086.5
ORD000832,credit_card,10,559.47
ORD000833,credit_card,2,1165.34
ORD000834,credit_card,1,195.28
ORD000835,credit_card,6,56.3
ORD000836,debit_card,1,890.02
ORD000837,boleto,1,129.99
ORD000838,voucher,1,449.16
ORD000839,boleto,1,231.89
ORD000840,boleto,1,573.91
ORD000841,boleto,1,288.46
ORD000842,credit_card,6,124.84
ORD000843,credit_card,2,390.31
ORD000844,boleto,1,739.67
ORD000845,credit_card,3,407.81
ORD000846,credit_card,2,2257.62
ORD000847,credit_card,2,742.13
ORD000848,credit_card,1,47.28
ORD000849,voucher,1,523.88
ORD000850,boleto,1,701.18
ORD000851,credit_card,3,1835.33
ORD000852,debit_card,1,887.57
ORD000853,credit_card,1,22.07
ORD000854,credit_card,6,83.04
ORD000855,credit_card,1,155.91
ORD000856,credit_card,1,315.22
ORD000857,credit_card,2,317.21
ORD000858,credit_card,3,149.0
ORD000859,credit_card,1,77.04
ORD000860,credit_card,10,331.45
ORD000861,voucher,1,363.49
ORD000862,debit_card,1,42.86
ORD000863,boleto,1,1167.58
ORD000864,credit_card,2,1706.66
ORD000865,debit_card,1,98.56
ORD000866,debit_card,1,414.65
ORD000867,boleto,1,146.87
ORD000868,credit_card,1,1249.63
ORD000869,debit_card,1,990.21
ORD000870,debit_card,1,1117.52
ORD000871,voucher,1,175.26
ORD000872,boleto,1,179.13
ORD000873,debit_card,1,395.79
ORD000874,credit_card,6,985.71
ORD000875,credit_card,3,131.53
ORD000876,credit_card,6,44.02
ORD000877,debit_card,1,1573.17
ORD000878,credit_card,2,297.8
ORD000879,credit_card,6,734.74
ORD000880,debit_card,1,139.48
ORD000881,credit_card,3,322.85
ORD000882,credit_card,6,66.04
ORD000883,voucher,1,281.41
ORD000884,credit_card,10,188.96
ORD000885,credit_card,1,36.87
ORD000886,credit_card,10,89.62
ORD000887,credit_card,1,89.52
ORD000888,credit_card,1,824.59
ORD000889,credit_card,3,132.55
ORD000890,credit_card,6,114.19
ORD000891,credit_card,6,40.92
ORD000892,voucher,1,369.83
ORD000893,boleto,1,316.85
ORD000894,credit_card,1,196.8
ORD000895,debit_card,1,1742.15
ORD000896,credit_card,3,156.11
ORD000897,debit_card,1,52.53
ORD000898,debit_card,1,510.86
ORD000899,credit_card,1,296.86
ORD000900,boleto,1,780.0
ORD000901,credit_card,1,152.32
ORD000902,credit_card,10,164.4
ORD000903,credit_card,1,1066.67
ORD000904,credit_card,2,1591.38
ORD000905,boleto,1,419.73
ORD000906,boleto,1,490.02
ORD000907,debit_card,1,421.64
ORD000908,credit_card,3,468.37
ORD000909,credit_card,1,270.4
ORD000910,credit_card,1,148.84
ORD000911,voucher,1,1306.49
ORD000912,boleto,1,260.43
ORD000913,credit_card,1,250.59
ORD000914,boleto,1,108.32
ORD000915,boleto,1,141.32
ORD000916,credit_card,3,413.82
ORD000917,debit_card,1,121.13
ORD000918,credit_card,1,190.85
ORD000919,boleto,1,382.68
ORD000920,credit_card,10,1283.88
ORD000921,credit_card,1,604.45
ORD000922,voucher,1,1508.44
ORD000923,boleto,1,347.97
ORD000924,boleto,1,121.99
ORD000925,credit_card,2,179.1
ORD000926,credit_card,3,785.65
ORD000927,credit_card,1,218.63
ORD000928,debit_card,1,85.55
ORD000929,debit_card,1,926.12
ORD000930,credit_card,3,113.49
ORD000931,credit_card,2,127.74
ORD000932,boleto,1,79.48
ORD000933,credit_card,6,92.34
ORD000934,boleto,1,62.28
ORD000935,boleto,1,257.43
ORD000936,credit_card,3,63.1
ORD000937,debit_card,1,1500.95
ORD000938,credit_card,3,100.79
ORD000939,boleto,1,858.42
ORD000940,credit_card,3,198.0
ORD000941,debit_card,1,79.07
ORD000942,credit_card,1,88.64
ORD000943,credit_card,10,43.16
ORD000944,boleto,1,373.76
ORD000945,boleto,1,222.73
ORD000946,boleto,1,1111.31
ORD000947,boleto,1,631.51
ORD000948,voucher,1,191.22
ORD000949,credit_card,3,489.47
ORD000950,voucher,1,73.0
ORD000951,credit_card,3,198.58
ORD000952,credit_card,10,290.21
ORD000953,credit_card,2,942.64
ORD000954,credit_card,1,819.87
ORD000955,credit_card,1,531.29
ORD000956,debit_card,1,234.75
ORD000957,boleto,1,144.28
ORD000958,credit_card,1,564.31
ORD000959,credit_card,1,190.31
ORD000960,credit_card,6,136.87
ORD000961,debit_card,1,32.86
ORD000962,credit_card,1,42.21
ORD000963,credit_card,1,67.5
ORD000964,credit_card,1,133.4
ORD000965,credit_card,1,676.16
ORD000966,credit_card,2,326.59
ORD000967,credit_card,1,1354.71
ORD000968,credit_card,1,76.41
ORD000969,credit_card,2,616.01
ORD000970,credit_card,1,21.98
ORD000971,debit_card,1,114.25
ORD000972,debit_card,1,83.16
ORD000973,credit_card,1,246.96
ORD000974,credit_card,2,1509.48
ORD000975,credit_card,1,1366.54
ORD000976,credit_card,2,142.54
ORD000977,credit_card,2,388.4
ORD000978,credit_card,2,876.46
ORD000979,debit_card,1,613.98
ORD000980,boleto,1,1587.57
ORD000981,credit_card,3,115.71
ORD000982,voucher,1,237.92
ORD000983,debit_card,1,1345.81
ORD000984,credit_card,1,667.69
ORD000985,credit_card,10,158.93
ORD000986,credit_card,10,442.33
ORD000987,voucher,1,797.04
ORD000988,boleto,1,820.24
ORD000989,boleto,1,806.49
ORD000990,credit_card,1,826.48
ORD000991,credit_card,1,1236.74
ORD000992,credit_card,1,69.58
ORD000993,credit_card,10,1932.97
ORD000994,debit_card,1,968.57
ORD000995,credit_card,3,128.15
ORD000996,credit_card,2,1558.57
ORD000997,debit_card,1,2947.12
ORD000998,credit_card,2,41.19
ORD000999,debit_card,1,106.69
ORD001000,credit_card,6,200.71
ORD001001,boleto,1,601.19
ORD001002,credit_card,6,882.26
ORD001003,debit_card,1,191.71
ORD001004,credit_card,1,114.36
ORD001005,boleto,1,538.8
ORD001006,debit_card,1,58.93
ORD001007,credit_card,1,923.2
ORD001008,credit_card,2,321.05
ORD001009,credit_card,1,541.61
ORD001010,debit_card,1,986.6
ORD001011,credit_card,2,181.92
ORD001012,credit_card,1,65.49
ORD001013,credit_card,2,342.64
ORD001014,boleto,1,1721.11
ORD001015,credit_card,3,208.6
ORD001016,debit_card,1,66.86
ORD001017,credit_card,1,316.41
ORD001018,credit_card,1,290.07
ORD001019,boleto,1,774.99
ORD001020,debit_card,1,382.41
ORD001021,credit_card,6,1602.63
ORD001022,credit_card,1,1237.35
ORD001023,debit_card,1,92.77
ORD001024,credit_card,1,60.75
ORD001025,credit_card,3,52.66
ORD001026,credit_card,1,148.83
ORD001027,boleto,1,782.27
ORD001028,credit_card,1,1647.56
ORD001029,boleto,1,264.94
ORD001030,debit_card,1,1138.65
ORD001031,credit_card,10,124.62
ORD001032,credit_card,3,160.88
ORD001033,credit_card,1,27.54
ORD001034,credit_card,3,118.26
ORD001035,credit_card,2,86.81
ORD001036,credit_card,1,346.45
ORD001037,credit_card,1,76.12
ORD001038,voucher,1,509.4
ORD001039,credit_card,6,126.24
ORD001040,credit_card,6,1145.94
ORD001041,voucher,1,1121.68
ORD001042,credit_card,1,551.33
ORD001043,credit_card,1,518.98
ORD001044,boleto,1,81.09
ORD001045,credit_card,2,180.51
ORD001046,credit_card,1,473.47
ORD001047,boleto,1,210.93
ORD001048,credit_card,6,81.46
ORD001049,boleto,1,1210.99
ORD001050,credit_card,3,506.9
ORD001051,credit_card,1,949.33
ORD001052,credit_card,2,1206.22
ORD001053,debit_card,1,46.68
ORD001054,credit_card,1,508.34
ORD001055,credit_card,1,999.46
ORD001056,debit_card,1,747.5
ORD001057,credit_card,10,161.42
ORD001058,credit_card,3,246.3
ORD001059,boleto,1,160.89
ORD001060,debit_card,1,321.03
ORD001061,credit_card,2,1402.73
ORD001062,boleto,1,414.52
ORD001063,credit_card,1,731.06
ORD001064,debit_card,1,935.05
ORD001065,credit_card,1,81.74
ORD001066,boleto,1,128.37
ORD001067,credit_card,6,100.59
ORD001068,credit_card,1,808.31
ORD001069,credit_card,1,817.35
ORD001070,credit_card,1,69.39
ORD001071,debit_card,1,261.06
ORD001072,boleto,1,435.5
ORD001073,credit_card,3,163.37
ORD001074,credit_card,3,504.18
ORD001075,credit_card,1,646.35
ORD001076,debit_card,1,1127.44
ORD001077,boleto,1,1196.8
ORD001078,boleto,1,40.57
ORD001079,debit_card,1,1504.33
ORD001080,debit_card,1,166.71
ORD001081,voucher,1,64.09
ORD001082,boleto,1,208.21
ORD001083,debit_card,1,504.02
ORD001084,boleto,1,820.32
ORD001085,boleto,1,438.51
ORD001086,credit_card,1,104.36
ORD001087,credit_card,1,64.89
ORD001088,credit_card,2,82.8
ORD001089,credit_card,6,579.54
ORD001090,credit_card,1,263.14
ORD001091,boleto,1,311.97
ORD001092,credit_card,1,407.17
ORD001093,credit_card,1,434.95
ORD001094,credit_card,1,50.47
ORD001095,boleto,1,705.24
ORD001096,credit_card,3,403.87
ORD001097,debit_card,1,38.34
ORD001098,debit_card,1,360.76
ORD001099,credit_card,2,264.06
ORD001100,credit_card,2,51.96
ORD001101,credit_card,2,402.84
ORD001102,debit_card,1,1273.13
ORD001103,credit_card,1,67.21
ORD001104,credit_card,3,1766.33
ORD001105,credit_card,2,246.85
ORD001106,credit_card,2,142.87
ORD001107,credit_card,3,242.67
ORD001108,credit_card,3,747.51
ORD001109,boleto,1,1350.25
ORD001110,credit_card,1,358.38
ORD001111,credit_card,1,906.28
ORD001112,boleto,1,790.08
ORD001113,credit_card,1,284.01
ORD001114,boleto,1,389.37
ORD001115,debit_card,1,279.43
ORD001116,credit_card,1,1110.12
ORD001117,credit_card,3,110.25
ORD001118,credit_card,10,136.69
ORD001119,boleto,1,1148.85
ORD001120,credit_card,6,1353.28
ORD001121,credit_card,3,222.03
ORD001122,boleto,1,681.75
ORD001123,voucher,1,99.01
ORD001124,credit_card,3,291.68
ORD001125,credit_card,3,185.39
ORD001126,credit_card,3,931.75
ORD001127,debit_card,1,62.61
ORD001128,credit_card,10,630.41
ORD001129,boleto,1,2491.31
ORD001130,credit_card,2,736.75
ORD001131,credit_card,3,415.45
ORD001132,boleto,1,325.29
ORD001133,debit_card,1,1360.18
ORD001134,boleto,1,504.49
ORD001135,boleto,1,89.97
ORD001136,debit_card,1,432.11
ORD001137,boleto,1,71.42
ORD001138,voucher,1,161.64
ORD001139,credit_card,2,440.48
ORD001140,credit_card,10,236.15
ORD001141,credit_card,2,127.92
ORD001142,credit_card,10,219.54
ORD001143,credit_card,2,67.58
ORD001144,credit_card,6,1515.12
ORD001145,credit_card,1,396.95
ORD001146,credit_card,1,462.18
ORD001147,boleto,1,355.34
ORD001148,credit_card,1,401.09
ORD001149,credit_card,2,424.14
ORD001150,credit_card,1,300.4
ORD001151,credit_card,1,678.97
ORD001152,credit_card,1,104.29
ORD001153,boleto,1,72.74
ORD001154,boleto,1,68.43
ORD001155,debit_card,1,372.83
ORD001156,debit_card,1,57.03
ORD001157,voucher,1,354.05
ORD001158,voucher,1,236.31
ORD001159,credit_card,1,151.26
ORD001160,debit_card,1,420.43
ORD001161,credit_card,2,683.36
ORD001162,voucher,1,59.53
ORD001163,credit_card,2,1096.36
ORD001164,debit_card,1,253.97
ORD001165,credit_card,1,294.12
ORD001166,boleto,1,760.45
ORD001167,credit_card,1,271.23
ORD001168,boleto,1,419.53
ORD001169,boleto,1,1167.48
ORD001170,credit_card,1,942.88
ORD001171,credit_card,6,383.53
ORD001172,credit_card,3,399.29
ORD001173,credit_card,10,2005.09
ORD001174,credit_card,6,59.06
ORD001175,credit_card,3,50.44
ORD001176,credit_card,2,202.01
ORD001177,credit_card,2,162.06
ORD001178,debit_card,1,963.84
ORD001179,credit_card,2,590.43
ORD001180,credit_card,10,675.7
ORD001181,debit_card,1,64.7
ORD001182,debit_card,1,258.52
ORD001183,credit_card,10,1933.82
ORD001184,debit_card,1,107.27
ORD001185,credit_card,10,23.82
ORD001186,debit_card,1,83.33
ORD001187,boleto,1,234.59
ORD001188,debit_card,1,90.79
ORD001189,credit_card,1,935.49
ORD001190,credit_card,2,1540.54
ORD001191,credit_card,1,73.53
ORD001192,credit_card,1,182.35
ORD001193,credit_card,3,696.06
ORD001194,debit_card,1,164.54
ORD001195,credit_card,3,40.17
ORD001196,credit_card,10,622.28
ORD001197,debit_card,1,89.82
ORD001198,boleto,1,70.67
ORD001199,credit_card,1,289.76
ORD001200,voucher,1,1575.51
ORD001201,credit_card,2,395.39
ORD001202,boleto,1,159.67
ORD001203,debit_card,1,211.33
ORD001204,credit_card,1,254.39
ORD001205,credit_card,3,226.0
ORD001206,boleto,1,53.28
ORD001207,credit_card,3,384.42
ORD001208,credit_card,10,31.6
ORD001209,boleto,1,86.89
ORD001210,credit_card,1,350.77
ORD001211,boleto,1,2045.45
ORD001212,debit_card,1,507.51
ORD001213,credit_card,3,72.98
ORD001214,credit_card,6,1523.14
ORD001215,boleto,1,126.56
ORD001216,credit_card,1,100.0
ORD001217,debit_card,1,852.82
ORD001218,credit_card,3,1338.37
ORD001219,credit_card,1,103.7
ORD001220,credit_card,3,134.2
ORD001221,debit_card,1,88.35
ORD001222,debit_card,1,643.96
ORD001223,boleto,1,952.32
ORD001224,debit_card,1,813.22
ORD001225,credit_card,6,78.43
ORD001226,credit_card,10,190.41
ORD001227,credit_card,1,1284.13
ORD001228,credit_card,1,555.24
ORD001229,debit_card,1,158.16
ORD001230,debit_card,1,83.1
ORD001231,credit_card,6,79.75
ORD001232,credit_card,3,101.91
ORD001233,credit_card,2,1104.38
ORD001234,debit_card,1,1002.32
ORD001235,boleto,1,614.59
ORD001236,credit_card,3,107.75
ORD001237,boleto,1,109.05
ORD001238,debit_card,1,120.08
ORD001239,boleto,1,1645.15
ORD001240,credit_card,3,66.27
ORD001241,credit_card,6,203.65
ORD001242,boleto,1,857.59
ORD001243,credit_card,2,82.86
ORD001244,credit_card,10,74.78
ORD001245,debit_card,1,438.9
ORD001246,credit_card,1,196.88
ORD001247,credit_card,2,906.3
ORD001248,credit_card,1,1143.09
ORD001249,voucher,1,420.77
ORD001250,credit_card,2,321.31
ORD001251,credit_card,1,3559.82
ORD001252,credit_card,1,199.16
ORD001253,credit_card,1,99.22
ORD001254,voucher,1,72.78
ORD001255,boleto,1,849.96
ORD001256,credit_card,1,971.64
ORD001257,boleto,1,209.5
ORD001258,debit_card,1,608.92
ORD001259,boleto,1,905.26
ORD001260,debit_card,1,964.25
ORD001261,boleto,1,125.49
ORD001262,credit_card,2,488.18
ORD001263,boleto,1,1279.57
ORD001264,voucher,1,262.7
ORD001265,credit_card,10,89.99
ORD001266,debit_card,1,71.64
ORD001267,credit_card,10,489.54
ORD001268,credit_card,1,1412.42
ORD001269,credit_card,1,2905.54
ORD001270,debit_card,1,981.07
ORD001271,credit_card,1,63.55
ORD001272,credit_card,1,120.66
ORD001273,debit_card,1,385.51
ORD001274,boleto,1,188.89
ORD001275,debit_card,1,205.8
ORD001276,voucher,1,602.18
ORD001277,credit_card,3,420.44
ORD001278,boleto,1,145.15
ORD001279,credit_card,10,95.71
ORD001280,credit_card,2,144.85
ORD001281,credit_card,2,1297.56
ORD001282,credit_card,6,428.97
ORD001283,credit_card,1,225.67
ORD001284,credit_card,6,264.12
ORD001285,credit_card,1,166.79
ORD001286,credit_card,2,907.09
ORD001287,credit_card,10,732.1
ORD001288,credit_card,2,344.22
ORD001289,voucher,1,88.43
ORD001290,boleto,1,1071.72
ORD001291,credit_card,1,38.1
ORD001292,credit_card,10,182.99
ORD001293,credit_card,6,129.48
ORD001294,debit_card,1,847.04
ORD001295,debit_card,1,317.52
ORD001296,debit_card,1,774.74
ORD001297,boleto,1,233.59
ORD001298,boleto,1,719.45
ORD001299,boleto,1,96.28
ORD001300,boleto,1,101.17
ORD001301,credit_card,1,1090.14
ORD001302,debit_card,1,476.29
ORD001303,boleto,1,909.0
ORD001304,voucher,1,1548.57
ORD001305,credit_card,6,49.35
ORD001306,debit_card,1,29.27
ORD001307,boleto,1,864.44
ORD001308,boleto,1,63.11
ORD001309,boleto,1,288.28
ORD001310,boleto,1,308.33
ORD001311,credit_card,3,1861.76
ORD001312,voucher,1,115.56
ORD001313,credit_card,1,41.48
ORD001314,debit_card,1,156.98
ORD001315,boleto,1,354.52
ORD001316,voucher,1,428.2
ORD001317,credit_card,6,337.61
ORD001318,credit_card,6,266.05
ORD001319,debit_card,1,44.47
ORD001320,boleto,1,1922.09
ORD001321,boleto,1,244.97
ORD001322,credit_card,1,119.27
ORD001323,credit_card,6,59.42
ORD001324,credit_card,1,145.96
ORD001325,credit_card,2,708.93
ORD001326,debit_card,1,901.07
ORD001327,boleto,1,345.83
ORD001328,credit_card,1,41.55
ORD001329,boleto,1,940.37
ORD001330,credit_card,6,189.56
ORD001331,debit_card,1,972.96
ORD001332,credit_card,1,630.41
ORD001333,credit_card,2,366.15
ORD001334,voucher,1,746.1
ORD001335,debit_card,1,875.54
ORD001336,boleto,1,117.81
ORD001337,credit_card,1,229.75
ORD001338,debit_card,1,85.94
ORD001339,credit_card,10,418.16
ORD001340,credit_card,1,91.73
ORD001341,debit_card,1,124.73
ORD001342,voucher,1,558.0
ORD001343,boleto,1,232.95
ORD001344,credit_card,6,151.62
ORD001345,boleto,1,180.29
ORD001346,credit_card,2,29.48
ORD001347,voucher,1,324.78
ORD001348,credit_card,1,678.36
ORD001349,credit_card,1,179.2
ORD001350,debit_card,1,315.99
ORD001351,credit_card,10,978.29
ORD001352,debit_card,1,566.89
ORD001353,credit_card,10,150.73
ORD001354,credit_card,10,677.47
ORD001355,boleto,1,213.26
ORD001356,credit_card,1,644.96
ORD001357,credit_card,2,1668.36
ORD001358,credit_card,1,2039.45
ORD001359,credit_card,1,913.96
ORD001360,credit_card,2,79.76
ORD001361,debit_card,1,477.41
ORD001362,credit_card,2,1328.03
ORD001363,boleto,1,90.07
ORD001364,debit_card,1,619.36
ORD001365,credit_card,1,282.33
ORD001366,boleto,1,262.4
ORD001367,debit_card,1,1606.43
ORD001368,credit_card,3,36.3
ORD001369,credit_card,3,983.04
ORD001370,credit_card,2,1512.83
ORD001371,boleto,1,93.9
ORD001372,credit_card,1,2565.3
ORD001373,credit_card,6,33.32
ORD001374,boleto,1,161.8
ORD001375,credit_card,2,162.12
ORD001376,credit_card,10,114.04
ORD001377,voucher,1,85.07
ORD001378,boleto,1,26.18
ORD001379,debit_card,1,375.53
ORD001380,credit_card,1,300.08
ORD001381,credit_card,1,56.74
ORD001382,credit_card,2,137.02
ORD001383,debit_card,1,208.07
ORD001384,credit_card,1,399.2
ORD001385,credit_card,2,848.61
ORD001386,boleto,1,3006.78
ORD001387,credit_card,6,331.83
ORD001388,credit_card,10,1075.65
ORD001389,credit_card,3,69.79
ORD001390,credit_card,1,962.69
ORD001391,voucher,1,40.71
ORD001392,credit_card,1,148.67
ORD001393,credit_card,6,32.99
ORD001394,credit_card,2,896.75
ORD001395,debit_card,1,606.75
ORD001396,voucher,1,317.91
ORD001397,credit_card,3,252.3
ORD001398,credit_card,6,210.01
ORD001399,voucher,1,109.26
ORD001400,voucher,1,241.02
ORD001401,boleto,1,335.92
ORD001402,debit_card,1,471.23
ORD001403,debit_card,1,147.49
ORD001404,credit_card,1,40.53
ORD001405,credit_card,1,405.12
ORD001406,boleto,1,408.66
ORD001407,boleto,1,219.15
ORD001408,debit_card,1,857.18
ORD001409,boleto,1,164.84
ORD001410,debit_card,1,115.91
ORD001411,credit_card,10,100.12
ORD001412,boleto,1,91.74
ORD001413,credit_card,6,1161.93
ORD001414,credit_card,6,2237.38
ORD001415,credit_card,1,704.8
ORD001416,credit_card,6,139.0
ORD001417,voucher,1,237.81
ORD001418,debit_card,1,2237.74
ORD001419,debit_card,1,56.1
ORD001420,debit_card,1,346.78
ORD001421,boleto,1,185.88
ORD001422,boleto,1,82.15
ORD001423,credit_card,1,1480.19
ORD001424,credit_card,1,117.41
ORD001425,credit_card,1,125.79
ORD001426,debit_card,1,81.8
ORD001427,debit_card,1,294.75
ORD001428,credit_card,1,64.76
ORD001429,boleto,1,64.59
ORD001430,voucher,1,1427.65
ORD001431,credit_card,2,259.34
ORD001432,credit_card,1,418.07
ORD001433,credit_card,2,65.38
ORD001434,credit_card,1,223.8
ORD001435,credit_card,2,226.72
ORD001436,debit_card,1,85.09
ORD001437,debit_card,1,1025.39
ORD001438,credit_card,10,255.93
ORD001439,credit_card,1,304.38
ORD001440,boleto,1,150.55
ORD001441,credit_card,2,847.41
ORD001442,boleto,1,402.95
ORD001443,boleto,1,689.8
ORD001444,boleto,1,502.66
ORD001445,voucher,1,62.95
ORD001446,boleto,1,648.44
ORD001447,boleto,1,26.73
ORD001448,voucher,1,1752.73
ORD001449,credit_card,1,1144.72
ORD001450,credit_card,2,324.06
ORD001451,credit_card,3,111.74
ORD001452,credit_card,10,191.51
ORD001453,boleto,1,549.69
ORD001454,credit_card,1,101.47
ORD001455,credit_card,2,316.38
ORD001456,credit_card,6,85.48
ORD001457,voucher,1,177.76
ORD001458,credit_card,1,804.79
ORD001459,boleto,1,113.08
ORD001460,voucher,1,160.42
ORD001461,credit_card,1,778.39
ORD001462,credit_card,6,981.08
ORD001463,boleto,1,90.14
ORD001464,voucher,1,167.89
ORD001465,credit_card,1,151.85
ORD001466,debit_card,1,724.25
ORD001467,credit_card,2,1503.69
ORD001468,boleto,1,2255.8
ORD001469,credit_card,2,46.0
ORD001470,debit_card,1,289.64
ORD001471,credit_card,2,705.96
ORD001472,debit_card,1,1239.68
ORD001473,boleto,1,2528.48
ORD001474,credit_card,1,151.52
ORD001475,credit_card,1,494.8
ORD001476,debit_card,1,188.84
ORD001477,credit_card,2,176.09
ORD001478,credit_card,6,782.63
ORD001479,boleto,1,376.23
ORD001480,credit_card,1,934.34
ORD001481,credit_card,10,928.82
ORD001482,debit_card,1,370.36
ORD001483,credit_card,2,612.67
ORD001484,credit_card,1,47.44
ORD001485,credit_card,2,674.85
ORD001486,credit_card,2,780.07
ORD001487,boleto,1,211.49
ORD001488,boleto,1,491.08
ORD001489,credit_card,1,49.38
ORD001490,boleto,1,309.78
ORD001491,credit_card,1,177.3
ORD001492,voucher,1,815.59
ORD001493,voucher,1,432.64
ORD001494,credit_card,10,356.63
ORD001495,credit_card,6,291.69
ORD001496,credit_card,2,128.51
ORD001497,credit_card,1,295.36
ORD001498,credit_card,6,658.99
ORD001499,credit_card,6,426.38
ORD001500,boleto,1,967.53
ORD001501,credit_card,6,286.24
ORD001502,boleto,1,2761.04
ORD001503,voucher,1,1099.9
ORD001504,credit_card,6,504.84
ORD001505,voucher,1,211.06
ORD001506,credit_card,1,1359.46
ORD001507,boleto,1,1434.77
ORD001508,credit_card,3,508.21
ORD001509,boleto,1,147.13
ORD001510,debit_card,1,1365.34
ORD001511,credit_card,1,517.75
ORD001512,debit_card,1,184.76
ORD001513,credit_card,3,217.74
ORD001514,credit_card,6,2331.71
ORD001515,credit_card,1,237.43
ORD001516,credit_card,3,365.36
ORD001517,debit_card,1,79.56
ORD001518,credit_card,1,300.27
ORD001519,debit_card,1,997.33
ORD001520,credit_card,1,241.4
ORD001521,credit_card,6,226.34
ORD001522,debit_card,1,1681.59
ORD001523,credit_card,1,134.98
ORD001524,debit_card,1,56.83
ORD001525,debit_card,1,139.37
ORD001526,debit_card,1,1127.81
ORD001527,credit_card,1,1408.16
ORD001528,credit_card,2,199.92
ORD001529,credit_card,10,50.6
ORD001530,credit_card,1,331.62
ORD001531,debit_card,1,158.66
ORD001532,debit_card,1,191.93
ORD001533,credit_card,3,2197.71
ORD001534,credit_card,1,132.65
ORD001535,boleto,1,252.33
ORD001536,debit_card,1,389.62
ORD001537,credit_card,10,380.31
ORD001538,voucher,1,1772.49
ORD001539,debit_card,1,1848.76
ORD001540,credit_card,2,132.28
ORD001541,debit_card,1,1224.75
ORD001542,credit_card,1,33.64
ORD001543,credit_card,1,484.61
ORD001544,debit_card,1,239.46
ORD001545,voucher,1,1509.43
ORD001546,credit_card,6,508.62
ORD001547,boleto,1,25.72
ORD001548,credit_card,1,272.49
ORD001549,credit_card,10,58.16
ORD001550,debit_card,1,1101.17
ORD001551,boleto,1,1570.34
ORD001552,boleto,1,281.94
ORD001553,debit_card,1,158.98
ORD001554,credit_card,3,75.29
ORD001555,voucher,1,260.98
ORD001556,boleto,1,120.36
ORD001557,voucher,1,236.08
ORD001558,credit_card,1,1284.95
ORD001559,credit_card,1,85.36
ORD001560,debit_card,1,86.67
ORD001561,debit_card,1,220.55
ORD001562,boleto,1,262.47
ORD001563,credit_card,10,1209.86
ORD001564,boleto,1,107.27
ORD001565,credit_card,1,86.53
ORD001566,credit_card,2,75.57
ORD001567,voucher,1,27.56
ORD001568,credit_card,6,123.63
ORD001569,credit_card,6,249.02
ORD001570,boleto,1,2226.39
ORD001571,credit_card,1,527.25
ORD001572,credit_card,3,377.15
ORD001573,credit_card,2,231.92
ORD001574,debit_card,1,358.89
ORD001575,debit_card,1,678.03
ORD001576,credit_card,6,554.35
ORD001577,credit_card,1,595.8
ORD001578,credit_card,3,56.06
ORD001579,boleto,1,635.33
ORD001580,credit_card,3,61.35
ORD001581,credit_card,1,1254.41
ORD001582,credit_card,1,319.38
ORD001583,credit_card,10,683.67
ORD001584,credit_card,2,922.18
ORD001585,boleto,1,216.09
ORD001586,debit_card,1,322.63
ORD001587,boleto,1,216.12
ORD001588,credit_card,6,1156.47
ORD001589,boleto,1,82.09
ORD001590,debit_card,1,299.79
ORD001591,credit_card,2,384.06
ORD001592,debit_card,1,82.61
ORD001593,debit_card,1,775.66
ORD001594,debit_card,1,686.62
ORD001595,debit_card,1,184.56
ORD001596,credit_card,10,1178.73
ORD001597,credit_card,2,87.2
ORD001598,debit_card,1,349.41
ORD001599,credit_card,2,143.65
ORD001600,debit_card,1,85.65
ORD001601,credit_card,6,311.63
ORD001602,credit_card,1,938.55
ORD001603,debit_card,1,255.13
ORD001604,boleto,1,914.76
ORD001605,debit_card,1,161.52
ORD001606,boleto,1,596.3
ORD001607,credit_card,6,61.52
ORD001608,credit_card,1,383.82
ORD001609,boleto,1,801.21
ORD001610,boleto,1,160.99
ORD001611,credit_card,2,225.18
ORD001612,credit_card,1,1388.41
ORD001613,debit_card,1,800.48
ORD001614,voucher,1,89.81
ORD001615,voucher,1,1348.87
ORD001616,boleto,1,59.0
ORD001617,debit_card,1,80.51
ORD001618,credit_card,10,1669.26
ORD001619,credit_card,3,115.94
ORD001620,credit_card,10,952.12
ORD001621,boleto,1,175.95
ORD001622,debit_card,1,48.09
ORD001623,credit_card,3,60.29
ORD001624,boleto,1,673.96
ORD001625,credit_card,2,331.69
ORD001626,voucher,1,62.39
ORD001627,credit_card,6,506.59
ORD001628,debit_card,1,237.45
ORD001629,boleto,1,362.92
ORD001630,credit_card,10,81.64
ORD001631,credit_card,6,62.28
ORD001632,credit_card,2,56.47
ORD001633,debit_card,1,1123.97
ORD001634,credit_card,1,211.95
ORD001635,credit_card,2,406.35
ORD001636,boleto,1,1138.94
ORD001637,credit_card,10,368.78
ORD001638,credit_card,10,315.07
ORD001639,credit_card,6,731.47
ORD001640,voucher,1,263.15
ORD001641,debit_card,1,124.44
ORD001642,boleto,1,318.79
ORD001643,debit_card,1,40.48
ORD001644,credit_card,1,331.1
ORD001645,boleto,1,1829.33
ORD001646,debit_card,1,198.13
ORD001647,credit_card,2,840.51
ORD001648,debit_card,1,302.69
ORD001649,boleto,1,1468.01
ORD001650,credit_card,1,1634.61
ORD001651,credit_card,1,233.82
ORD001652,debit_card,1,77.81
ORD001653,debit_card,1,84.66
ORD001654,debit_card,1,881.75
ORD001655,credit_card,6,146.17
ORD001656,credit_card,6,399.3
ORD001657,credit_card,2,244.7
ORD001658,credit_card,1,521.48
ORD001659,credit_card,2,145.98
ORD001660,voucher,1,93.91
ORD001661,credit_card,10,83.63
ORD001662,boleto,1,930.92
ORD001663,credit_card,2,1406.52
ORD001664,credit_card,10,58.03
ORD001665,boleto,1,28.06
ORD001666,credit_card,1,207.32
ORD001667,credit_card,10,951.33
ORD001668,debit_card,1,250.08
ORD001669,credit_card,2,759.99
ORD001670,credit_card,3,111.5
ORD001671,voucher,1,2140.31
ORD001672,boleto,1,858.48
ORD001673,boleto,1,237.61
ORD001674,credit_card,1,27.01
ORD001675,credit_card,1,853.45
ORD001676,credit_card,6,1995.11
ORD001677,credit_card,1,1054.28
ORD001678,credit_card,3,753.17
ORD001679,credit_card,10,155.23
ORD001680,credit_card,1,190.45
ORD001681,boleto,1,221.07
ORD001682,boleto,1,136.99
ORD001683,credit_card,1,1105.24
ORD001684,credit_card,2,65.85
ORD001685,credit_card,3,461.56
ORD001686,credit_card,3,705.27
ORD001687,credit_card,3,126.09
ORD001688,credit_card,1,408.45
ORD001689,credit_card,1,222.0
ORD001690,boleto,1,185.14
ORD001691,debit_card,1,1181.39
ORD001692,debit_card,1,1413.83
ORD001693,boleto,1,60.93
ORD001694,boleto,1,146.34
ORD001695,debit_card,1,2540.13
ORD001696,debit_card,1,660.09
ORD001697,boleto,1,625.56
ORD001698,voucher,1,94.34
ORD001699,boleto,1,451.48
ORD001700,debit_card,1,244.4
ORD001701,boleto,1,188.92
ORD001702,boleto,1,55.06
ORD001703,debit_card,1,165.76
ORD001704,credit_card,1,375.54
ORD001705,boleto,1,602.84
ORD001706,credit_card,1,1236.4
ORD001707,credit_card,1,54.95
ORD001708,credit_card,3,226.69
ORD001709,boleto,1,103.77
ORD001710,credit_card,1,2516.32
ORD001711,credit_card,1,78.22
ORD001712,voucher,1,166.72
ORD001713,credit_card,1,1016.24
ORD001714,debit_card,1,763.3
ORD001715,voucher,1,792.85
ORD001716,debit_card,1,304.48
ORD001717,boleto,1,120.7
ORD001718,credit_card,3,194.85
ORD001719,credit_card,2,395.89
ORD001720,credit_card,1,900.16
ORD001721,credit_card,1,667.86
ORD001722,credit_card,1,82.56
ORD001723,credit_card,10,857.84
ORD001724,credit_card,1,48.96
ORD001725,credit_card,1,1079.19
ORD001726,credit_card,10,21.62
ORD001727,credit_card,6,157.38
ORD001728,credit_card,2,143.23
ORD001729,debit_card,1,250.57
ORD001730,credit_card,2,1799.11
ORD001731,credit_card,3,1744.05
ORD001732,voucher,1,115.34
ORD001733,debit_card,1,306.86
ORD001734,debit_card,1,42.16
ORD001735,credit_card,1,978.27
ORD001736,debit_card,1,40.91
ORD001737,voucher,1,117.74
ORD001738,credit_card,1,151.9
ORD001739,credit_card,1,1410.99
ORD001740,credit_card,1,128.66
ORD001741,credit_card,10,784.73
ORD001742,boleto,1,1117.35
ORD001743,credit_card,3,1362.06
ORD001744,debit_card,1,203.44
ORD001745,credit_card,6,636.21
ORD001746,debit_card,1,131.8
ORD001747,credit_card,1,573.03
ORD001748,boleto,1,87.46
ORD001749,voucher,1,152.17
ORD001750,credit_card,1,137.69
ORD001751,boleto,1,138.24
ORD001752,credit_card,1,385.39
ORD001753,credit_card,1,321.12
ORD001754,debit_card,1,111.2
ORD001755,credit_card,10,1800.97
ORD001756,credit_card,3,159.44
ORD001757,credit_card,10,2046.21
ORD001758,credit_card,6,1138.52
ORD001759,credit_card,1,948.69
ORD001760,credit_card,2,997.9
ORD001761,credit_card,3,157.25
ORD001762,debit_card,1,771.97
ORD001763,credit_card,1,114.08
ORD001764,credit_card,6,397.42
ORD001765,credit_card,1,175.49
ORD001766,boleto,1,1343.33
ORD001767,debit_card,1,123.25
ORD001768,credit_card,10,1606.67
ORD001769,credit_card,2,512.34
ORD001770,debit_card,1,3519.04
ORD001771,voucher,1,1284.04
ORD001772,credit_card,3,1055.92
ORD001773,credit_card,2,325.38
ORD001774,voucher,1,593.89
ORD001775,credit_card,10,70.78
ORD001776,debit_card,1,1127.35
ORD001777,credit_card,1,1068.54
ORD001778,boleto,1,619.77
ORD001779,debit_card,1,761.31
ORD001780,credit_card,1,675.48
ORD001781,debit_card,1,115.17
ORD001782,debit_card,1,59.99
ORD001783,debit_card,1,171.18
ORD001784,credit_card,1,1114.61
ORD001785,debit_card,1,164.28
ORD001786,credit_card,1,56.01
ORD001787,voucher,1,165.58
ORD001788,credit_card,3,195.95
ORD001789,debit_card,1,526.85
ORD001790,debit_card,1,816.21
ORD001791,credit_card,3,319.65
ORD001792,credit_card,6,123.23
ORD001793,debit_card,1,460.11
ORD001794,credit_card,3,63.12
ORD001795,boleto,1,1420.99
ORD001796,credit_card,3,233.74
ORD001797,credit_card,3,1526.47
ORD001798,boleto,1,123.04
ORD001799,boleto,1,54.93
ORD001800,boleto,1,799.54
ORD001801,credit_card,3,305.07
ORD001802,credit_card,2,86.8
ORD001803,credit_card,6,57.13
ORD001804,credit_card,1,904.31
ORD001805,boleto,1,1344.46
ORD001806,boleto,1,240.22
ORD001807,boleto,1,364.13
ORD001808,credit_card,2,842.17
ORD001809,credit_card,1,406.17
ORD001810,credit_card,10,161.52
ORD001811,credit_card,1,179.76
ORD001812,credit_card,3,1136.38
ORD001813,boleto,1,97.83
ORD001814,debit_card,1,55.66
ORD001815,boleto,1,461.52
ORD001816,credit_card,2,1274.04
ORD001817,credit_card,1,722.16
ORD001818,credit_card,2,638.3
ORD001819,debit_card,1,1172.06
ORD001820,credit_card,1,263.31
ORD001821,credit_card,6,149.65
ORD001822,voucher,1,124.23
ORD001823,voucher,1,93.78
ORD001824,credit_card,6,42.85
ORD001825,credit_card,1,421.96
ORD001826,boleto,1,82.4
ORD001827,credit_card,1,1387.29
ORD001828,boleto,1,160.35
ORD001829,credit_card,10,67.6
ORD001830,credit_card,2,940.92
ORD001831,debit_card,1,329.01
ORD001832,credit_card,3,253.98
ORD001833,credit_card,1,144.83
ORD001834,credit_card,6,53.85
ORD001835,boleto,1,18.93
ORD001836,credit_card,1,505.88
ORD001837,boleto,1,45.58
ORD001838,debit_card,1,775.37
ORD001839,voucher,1,315.85
ORD001840,debit_card,1,70.73
ORD001841,debit_card,1,469.88
ORD001842,credit_card,1,1354.74
ORD001843,credit_card,3,348.38
ORD001844,credit_card,6,1169.4
ORD001845,credit_card,6,136.34
ORD001846,boleto,1,549.53
ORD001847,credit_card,10,1892.7
ORD001848,credit_card,3,1711.14
ORD001849,credit_card,6,636.0
ORD001850,boleto,1,1126.6
ORD001851,debit_card,1,60.74
ORD001852,credit_card,10,160.46
ORD001853,credit_card,10,606.97
ORD001854,boleto,1,74.84
ORD001855,credit_card,3,1412.09
ORD001856,debit_card,1,1655.44
ORD001857,credit_card,6,78.27
ORD001858,boleto,1,468.63
ORD001859,credit_card,3,92.2
ORD001860,voucher,1,390.5
ORD001861,credit_card,1,260.1
ORD001862,credit_card,2,50.89
ORD001863,credit_card,2,71.22
ORD001864,credit_card,2,86.22
ORD001865,debit_card,1,246.11
ORD001866,credit_card,1,120.15
ORD001867,credit_card,2,78.58
ORD001868,credit_card,1,125.82
ORD001869,credit_card,1,626.32
ORD001870,boleto,1,754.54
ORD001871,credit_card,10,504.4
ORD001872,credit_card,3,103.94
ORD001873,credit_card,3,679.2
ORD001874,boleto,1,57.6
ORD001875,credit_card,2,101.89
ORD001876,credit_card,3,163.6
ORD001877,voucher,1,113.74
ORD001878,credit_card,1,149.69
ORD001879,voucher,1,1661.5
ORD001880,credit_card,3,146.39
ORD001881,credit_card,2,330.66
ORD001882,voucher,1,198.55
ORD001883,credit_card,1,1168.84
ORD001884,boleto,1,72.15
ORD001885,debit_card,1,37.49
ORD001886,debit_card,1,57.7
ORD001887,credit_card,1,95.7
ORD001888,debit_card,1,1012.5
ORD001889,credit_card,6,390.71
ORD001890,boleto,1,75.86
ORD001891,voucher,1,215.31
ORD001892,credit_card,6,255.3
ORD001893,credit_card,1,125.73
ORD001894,debit_card,1,223.98
ORD001895,credit_card,1,46.05
ORD001896,credit_card,2,232.35
ORD001897,credit_card,1,1444.37
ORD001898,debit_card,1,316.87
ORD001899,voucher,1,252.33
ORD001900,credit_card,1,635.93
ORD001901,credit_card,2,288.25
ORD001902,debit_card,1,200.66
ORD001903,credit_card,10,194.7
ORD001904,boleto,1,414.99
ORD001905,credit_card,1,428.1
ORD001906,credit_card,6,183.12
ORD001907,credit_card,6,170.23
ORD001908,credit_card,3,388.12
ORD001909,credit_card,1,77.82
ORD001910,boleto,1,634.34
ORD001911,credit_card,1,1131.14
ORD001912,credit_card,1,598.22
ORD001913,credit_card,10,30.41
ORD001914,credit_card,3,174.36
ORD001915,credit_card,1,63.87
ORD001916,boleto,1,1294.22
ORD001917,debit_card,1,70.79
ORD001918,boleto,1,113.13
ORD001919,voucher,1,556.73
ORD001920,boleto,1,386.75
ORD001921,credit_card,1,87.4
ORD001922,credit_card,3,437.27
ORD001923,debit_card,1,238.08
ORD001924,boleto,1,392.12
ORD001925,credit_card,6,705.65
ORD001926,debit_card,1,53.96
ORD001927,credit_card,10,159.1
ORD001928,credit_card,2,81.38
ORD001929,credit_card,1,125.53
ORD001930,boleto,1,388.97
ORD001931,credit_card,2,840.65
ORD001932,credit_card,2,1020.79
ORD001933,credit_card,6,263.22
ORD001934,debit_card,1,1871.92
ORD001935,credit_card,2,37.95
ORD001936,credit_card,10,37.87
ORD001937,debit_card,1,102.32
ORD001938,credit_card,10,214.73
ORD001939,credit_card,3,681.87
ORD001940,credit_card,1,857.84
ORD001941,credit_card,2,60.74
ORD001942,credit_card,1,167.08
ORD001943,debit_card,1,49.35
ORD001944,credit_card,1,422.55
ORD001945,credit_card,2,267.77
ORD001946,boleto,1,114.12
ORD001947,debit_card,1,1393.44
ORD001948,credit_card,1,233.86
ORD001949,credit_card,10,145.86
ORD001950,boleto,1,180.86
ORD001951,credit_card,3,66.61
ORD001952,voucher,1,217.07
ORD001953,credit_card,1,1794.83
ORD001954,credit_card,2,45.99
ORD001955,boleto,1,342.82
ORD001956,credit_card,3,85.65
ORD001957,credit_card,3,118.81
ORD001958,debit_card,1,92.61
ORD001959,credit_card,1,955.55
ORD001960,credit_card,1,239.41
ORD001961,credit_card,6,195.53
ORD001962,credit_card,6,349.38
ORD001963,credit_card,6,74.93
ORD001964,credit_card,1,446.13
ORD001965,credit_card,1,985.61
ORD001966,credit_card,10,367.03
ORD001967,credit_card,6,1823.12
ORD001968,credit_card,2,56.45
ORD001969,credit_card,1,1323.39
ORD001970,credit_card,2,411.84
ORD001971,boleto,1,272.41
ORD001972,credit_card,6,126.01
ORD001973,credit_card,1,181.82
ORD001974,credit_card,10,589.53
ORD001975,credit_card,6,881.72
ORD001976,credit_card,1,63.49
ORD001977,credit_card,3,561.34
ORD001978,debit_card,1,406.02
ORD001979,credit_card,1,79.86
ORD001980,credit_card,2,1023.8
ORD001981,credit_card,1,108.84
ORD001982,credit_card,1,1046.29
ORD001983,debit_card,1,345.47
ORD001984,credit_card,1,283.68
ORD001985,credit_card,6,201.22
ORD001986,credit_card,1,333.53
ORD001987,debit_card,1,205.66
ORD001988,credit_card,10,186.64
ORD001989,credit_card,1,631.0
ORD001990,debit_card,1,173.73
ORD001991,voucher,1,1232.86
ORD001992,credit_card,1,444.37
ORD001993,voucher,1,64.58
ORD001994,credit_card,2,389.48
ORD001995,boleto,1,1955.42
ORD001996,boleto,1,1658.72
ORD001997,debit_card,1,51.65
ORD001998,credit_card,3,703.38
ORD001999,credit_card,10,143.08
ORD002000,credit_card,1,173.55
ORD002001,credit_card,10,1145.77
ORD002002,debit_card,1,1023.85
ORD002003,credit_card,2,191.89
ORD002004,voucher,1,917.03
ORD002005,boleto,1,320.53
ORD002006,credit_card,1,369.42
ORD002007,boleto,1,61.38
ORD002008,boleto,1,774.41
ORD002009,voucher,1,443.56
ORD002010,credit_card,1,1280.96
ORD002011,credit_card,6,868.24
ORD002012,boleto,1,85.13
ORD002013,boleto,1,718.87
ORD002014,debit_card,1,184.51
ORD002015,credit_card,10,106.98
ORD002016,credit_card,2,154.35
ORD002017,debit_card,1,239.21
ORD002018,credit_card,3,735.13
ORD002019,credit_card,1,1648.87
ORD002020,boleto,1,608.69
ORD002021,credit_card,10,61.14
ORD002022,credit_card,10,609.22
ORD002023,credit_card,1,239.2
ORD002024,debit_card,1,1095.65
ORD002025,debit_card,1,118.53
ORD002026,credit_card,2,1543.58
ORD002027,boleto,1,63.19
ORD002028,credit_card,1,1232.96
ORD002029,boleto,1,1271.54
ORD002030,credit_card,3,313.56
ORD002031,boleto,1,22.89
ORD002032,credit_card,10,3016.54
ORD002033,debit_card,1,92.46
ORD002034,credit_card,10,799.27
ORD002035,credit_card,1,1040.23
ORD002036,credit_card,1,171.78
ORD002037,debit_card,1,57.69
ORD002038,boleto,1,266.48
ORD002039,credit_card,6,182.41
ORD002040,credit_card,2,1099.42
ORD002041,credit_card,1,934.48
ORD002042,debit_card,1,451.22
ORD002043,credit_card,6,64.27
ORD002044,credit_card,2,796.02
ORD002045,credit_card,6,233.26
ORD002046,debit_card,1,1110.97
ORD002047,credit_card,1,758.25
ORD002048,credit_card,6,127.95
ORD002049,credit_card,1,34.11
ORD002050,credit_card,6,996.66
ORD002051,voucher,1,101.63
ORD002052,debit_card,1,86.17
ORD002053,credit_card,10,1307.15
ORD002054,credit_card,3,520.45
ORD002055,credit_card,1,45.51
ORD002056,credit_card,1,871.57
ORD002057,debit_card,1,264.39
ORD002058,credit_card,1,938.74
ORD002059,credit_card,1,711.43
ORD002060,credit_card,1,113.07
ORD002061,debit_card,1,157.54
ORD002062,debit_card,1,192.72
ORD002063,boleto,1,734.66
ORD002064,credit_card,6,187.73
ORD002065,debit_card,1,1084.03
ORD002066,credit_card,1,430.54
ORD002067,boleto,1,1071.86
ORD002068,credit_card,1,375.48
ORD002069,credit_card,10,718.53
ORD002070,credit_card,3,189.72
ORD002071,credit_card,3,409.31
ORD002072,credit_card,2,653.1
ORD002073,credit_card,1,137.23
ORD002074,credit_card,2,249.96
ORD002075,credit_card,10,1477.48
ORD002076,credit_card,1,386.98
ORD002077,debit_card,1,1902.35
ORD002078,credit_card,6,275.83
ORD002079,credit_card,3,199.96
ORD002080,credit_card,1,24.81
ORD002081,credit_card,2,114.03
ORD002082,credit_card,1,228.02
ORD002083,voucher,1,59.93
ORD002084,credit_card,2,830.38
ORD002085,debit_card,1,895.09
ORD002086,credit_card,1,83.56
ORD002087,credit_card,2,198.97
ORD002088,credit_card,3,424.03
ORD002089,boleto,1,64.37
ORD002090,credit_card,3,429.82
ORD002091,credit_card,3,42.31
ORD002092,debit_card,1,154.75
ORD002093,credit_card,2,489.28
ORD002094,credit_card,6,72.65
ORD002095,boleto,1,610.68
ORD002096,debit_card,1,512.79
ORD002097,credit_card,1,67.87
ORD002098,credit_card,10,372.67
ORD002099,credit_card,6,23.38
ORD002100,credit_card,6,216.49
ORD002101,boleto,1,50.85
ORD002102,boleto,1,306.7
ORD002103,credit_card,2,90.71
ORD002104,boleto,1,259.15
ORD002105,debit_card,1,287.31
ORD002106,credit_card,1,132.91
ORD002107,boleto,1,42.9
ORD002108,debit_card,1,100.95
ORD002109,voucher,1,201.63
ORD002110,credit_card,2,822.84
ORD002111,boleto,1,1733.51
ORD002112,credit_card,1,1620.49
ORD002113,credit_card,2,267.9
ORD002114,credit_card,1,152.47
ORD002115,debit_card,1,189.65
ORD002116,debit_card,1,114.8
ORD002117,credit_card,6,232.88
ORD002118,debit_card,1,417.52
ORD002119,credit_card,2,1559.35
ORD002120,debit_card,1,1136.36
ORD002121,debit_card,1,145.41
ORD002122,credit_card,6,35.07
ORD002123,credit_card,2,357.99
ORD002124,debit_card,1,73.84
ORD002125,boleto,1,507.95
ORD002126,credit_card,1,71.56
ORD002127,credit_card,1,136.85
ORD002128,credit_card,6,699.45
ORD002129,debit_card,1,2267.7
ORD002130,credit_card,2,2550.25
ORD002131,credit_card,2,128.71
ORD002132,credit_card,1,73.67
ORD002133,credit_card,3,433.4
ORD002134,credit_card,6,104.09
ORD002135,debit_card,1,1075.58
ORD002136,debit_card,1,223.23
ORD002137,credit_card,10,282.97
ORD002138,credit_card,6,2925.55
ORD002139,credit_card,3,772.87
ORD002140,credit_card,2,42.68
ORD002141,credit_card,1,282.18
ORD002142,boleto,1,149.26
ORD002143,credit_card,1,79.42
ORD002144,credit_card,1,199.57
ORD002145,credit_card,2,757.71
ORD002146,boleto,1,1364.12
ORD002147,credit_card,2,387.33
ORD002148,debit_card,1,620.8
ORD002149,credit_card,10,98.58
ORD002150,boleto,1,616.75
ORD002151,credit_card,6,812.65
ORD002152,credit_card,1,126.95
ORD002153,debit_card,1,140.72
ORD002154,credit_card,1,283.99
ORD002155,credit_card,2,795.88
ORD002156,debit_card,1,580.19
ORD002157,credit_card,2,120.76
ORD002158,credit_card,1,513.84
ORD002159,credit_card,1,1905.96
ORD002160,credit_card,2,353.33
ORD002161,debit_card,1,832.65
ORD002162,credit_card,2,682.71
ORD002163,credit_card,1,93.29
ORD002164,debit_card,1,46.67
ORD002165,credit_card,3,388.51
ORD002166,boleto,1,1478.87
ORD002167,credit_card,2,1241.1
ORD002168,boleto,1,529.81
ORD002169,credit_card,1,624.75
ORD002170,credit_card,1,750.06
ORD002171,credit_card,2,440.34
ORD002172,debit_card,1,116.53
ORD002173,debit_card,1,419.49
ORD002174,credit_card,2,65.2
ORD002175,credit_card,1,96.11
ORD002176,voucher,1,877.69
ORD002177,boleto,1,406.32
ORD002178,boleto,1,2294.22
ORD002179,credit_card,1,106.65
ORD002180,boleto,1,356.77
ORD002181,boleto,1,134.5
ORD002182,credit_card,1,53.62
ORD002183,debit_card,1,1428.01
ORD002184,debit_card,1,525.19
ORD002185,debit_card,1,374.77
ORD002186,credit_card,6,1155.04
ORD002187,credit_card,6,84.55
ORD002188,debit_card,1,286.69
ORD002189,credit_card,10,209.52
ORD002190,debit_card,1,356.87
ORD002191,credit_card,2,437.41
ORD002192,credit_card,2,366.92
ORD002193,voucher,1,252.46
ORD002194,credit_card,3,339.75
ORD002195,debit_card,1,200.69
ORD002196,credit_card,10,598.32
ORD002197,credit_card,10,901.11
ORD002198,debit_card,1,116.38
ORD002199,boleto,1,1802.98
ORD002200,credit_card,1,61.3
ORD002201,voucher,1,589.91
ORD002202,credit_card,3,135.46
ORD002203,debit_card,1,744.08
ORD002204,credit_card,6,132.68
ORD002205,debit_card,1,88.95
ORD002206,credit_card,3,68.45
ORD002207,credit_card,6,412.97
ORD002208,debit_card,1,856.09
ORD002209,credit_card,1,864.55
ORD002210,credit_card,1,89.66
ORD002211,debit_card,1,68.51
ORD002212,credit_card,3,334.24
ORD002213,credit_card,2,1271.33
ORD002214,debit_card,1,17.2
ORD002215,debit_card,1,281.99
ORD002216,credit_card,1,143.23
ORD002217,credit_card,10,193.63
ORD002218,debit_card,1,39.66
ORD002219,debit_card,1,95.24
ORD002220,credit_card,1,159.79
ORD002221,credit_card,6,554.97
ORD002222,boleto,1,3493.67
ORD002223,boleto,1,52.73
ORD002224,credit_card,2,797.56
ORD002225,boleto,1,322.85
ORD002226,credit_card,1,341.09
ORD002227,credit_card,1,250.96
ORD002228,credit_card,1,700.15
ORD002229,boleto,1,31.06
ORD002230,credit_card,2,83.68
ORD002231,credit_card,1,485.26
ORD002232,credit_card,1,231.91
ORD002233,voucher,1,693.72
ORD002234,debit_card,1,611.12
ORD002235,credit_card,2,1350.52
ORD002236,credit_card,1,217.88
ORD002237,boleto,1,53.97
ORD002238,credit_card,3,103.15
ORD002239,credit_card,3,240.61
ORD002240,boleto,1,969.12
ORD002241,credit_card,1,468.67
ORD002242,voucher,1,304.22
ORD002243,credit_card,2,51.3
ORD002244,debit_card,1,496.59
ORD002245,credit_card,1,761.9
ORD002246,credit_card,10,522.26
ORD002247,credit_card,3,135.66
ORD002248,credit_card,2,811.26
ORD002249,credit_card,2,48.55
ORD002250,boleto,1,723.47
ORD002251,debit_card,1,220.6
ORD002252,credit_card,3,333.11
ORD002253,credit_card,3,198.89
ORD002254,credit_card,1,558.08
ORD002255,debit_card,1,1312.35
ORD002256,credit_card,1,917.2
ORD002257,debit_card,1,322.96
ORD002258,credit_card,1,144.24
ORD002259,credit_card,1,231.63
ORD002260,credit_card,1,282.79
ORD002261,credit_card,10,31.39
ORD002262,voucher,1,219.3
ORD002263,boleto,1,2432.69
ORD002264,credit_card,2,63.47
ORD002265,debit_card,1,375.19
ORD002266,credit_card,3,536.05
ORD002267,credit_card,2,62.06
ORD002268,debit_card,1,621.38
ORD002269,boleto,1,180.82
ORD002270,debit_card,1,265.12
ORD002271,boleto,1,462.05
ORD002272,credit_card,1,139.44
ORD002273,credit_card,10,490.47
ORD002274,credit_card,3,109.8
ORD002275,debit_card,1,140.71
ORD002276,credit_card,2,258.76
ORD002277,debit_card,1,515.79
ORD002278,boleto,1,471.15
ORD002279,debit_card,1,520.36
ORD002280,boleto,1,131.69
ORD002281,boleto,1,170.2
ORD002282,credit_card,10,912.35
ORD002283,debit_card,1,480.23
ORD002284,debit_card,1,242.76
ORD002285,credit_card,3,82.25
ORD002286,credit_card,1,197.2
ORD002287,credit_card,6,52.92
ORD002288,credit_card,1,150.03
ORD002289,boleto,1,134.22
ORD002290,boleto,1,90.34
ORD002291,credit_card,6,504.27
ORD002292,credit_card,1,1655.04
ORD002293,credit_card,3,95.52
ORD002294,credit_card,1,536.73
ORD002295,boleto,1,1784.65
ORD002296,boleto,1,62.31
ORD002297,debit_card,1,477.12
ORD002298,boleto,1,418.96
ORD002299,credit_card,3,156.54
ORD002300,credit_card,2,269.01
ORD002301,credit_card,3,144.72
ORD002302,credit_card,1,69.51
ORD002303,credit_card,6,308.48
ORD002304,debit_card,1,635.76
ORD002305,credit_card,1,448.8
ORD002306,credit_card,6,157.11
ORD002307,voucher,1,295.83
ORD002308,credit_card,1,902.7
ORD002309,debit_card,1,99.92
ORD002310,credit_card,6,684.0
ORD002311,debit_card,1,192.42
ORD002312,debit_card,1,257.79
ORD002313,debit_card,1,77.03
ORD002314,credit_card,3,220.09
ORD002315,credit_card,1,134.53
ORD002316,credit_card,2,134.93
ORD002317,debit_card,1,1531.04
ORD002318,credit_card,1,60.75
ORD002319,credit_card,10,71.58
ORD002320,debit_card,1,596.23
ORD002321,credit_card,6,99.64
ORD002322,boleto,1,251.23
ORD002323,credit_card,6,360.14
ORD002324,voucher,1,411.16
ORD002325,debit_card,1,1300.86
ORD002326,credit_card,10,182.73
ORD002327,credit_card,2,346.86
ORD002328,boleto,1,49.68
ORD002329,credit_card,1,672.52
ORD002330,credit_card,2,793.99
ORD002331,boleto,1,1531.87
ORD002332,boleto,1,221.92
ORD002333,credit_card,2,41.85
ORD002334,credit_card,2,255.4
ORD002335,credit_card,1,1059.14
ORD002336,debit_card,1,393.52
ORD002337,credit_card,10,707.05
ORD002338,credit_card,10,867.03
ORD002339,boleto,1,863.5
ORD002340,credit_card,2,1927.05
ORD002341,credit_card,6,519.44
ORD002342,credit_card,1,285.86
ORD002343,debit_card,1,868.69
ORD002344,debit_card,1,1188.09
ORD002345,credit_card,10,61.58
ORD002346,credit_card,3,305.35
ORD002347,credit_card,1,89.56
ORD002348,credit_card,1,72.52
ORD002349,credit_card,3,248.53
ORD002350,credit_card,1,1177.79
ORD002351,debit_card,1,130.19
ORD002352,credit_card,3,168.42
ORD002353,credit_card,2,205.37
ORD002354,credit_card,10,373.05
ORD002355,debit_card,1,3403.17
ORD002356,boleto,1,92.1
ORD002357,credit_card,3,805.97
ORD002358,boleto,1,198.75
ORD002359,debit_card,1,78.12
ORD002360,credit_card,1,1607.29
ORD002361,debit_card,1,1596.49
ORD002362,boleto,1,929.41
ORD002363,debit_card,1,88.04
ORD002364,credit_card,2,52.98
ORD002365,credit_card,1,81.7
ORD002366,boleto,1,352.44
ORD002367,credit_card,1,87.22
ORD002368,credit_card,2,1908.75
ORD002369,credit_card,6,75.32
ORD002370,credit_card,1,28.48
ORD002371,credit_card,1,418.72
ORD002372,voucher,1,527.82
ORD002373,credit_card,6,143.81
ORD002374,debit_card,1,1094.44
ORD002375,credit_card,6,70.77
ORD002376,credit_card,3,80.4
ORD002377,credit_card,1,36.48
ORD002378,boleto,1,648.33
ORD002379,credit_card,1,1349.93
ORD002380,credit_card,3,449.49
ORD002381,boleto,1,20.83
ORD002382,voucher,1,107.06
ORD002383,debit_card,1,1052.82
ORD002384,credit_card,3,115.97
ORD002385,credit_card,2,1575.41
ORD002386,boleto,1,100.92
ORD002387,boleto,1,1509.98
ORD002388,boleto,1,56.06
ORD002389,credit_card,1,241.62
ORD002390,credit_card,1,893.02
ORD002391,boleto,1,322.04
ORD002392,debit_card,1,67.16
ORD002393,credit_card,3,58.64
ORD002394,credit_card,2,353.4
ORD002395,debit_card,1,284.35
ORD002396,boleto,1,298.22
ORD002397,boleto,1,2025.19
ORD002398,debit_card,1,188.24
ORD002399,credit_card,1,82.84
ORD002400,credit_card,6,69.17
ORD002401,credit_card,1,149.86
ORD002402,credit_card,2,47.4
ORD002403,credit_card,2,944.53
ORD002404,credit_card,6,217.75
ORD002405,boleto,1,1714.6
ORD002406,credit_card,2,2853.05
ORD002407,credit_card,1,233.72
ORD002408,boleto,1,515.37
ORD002409,credit_card,1,409.37
ORD002410,debit_card,1,70.28
ORD002411,credit_card,1,212.66
ORD002412,voucher,1,242.68
ORD002413,boleto,1,62.43
ORD002414,credit_card,2,117.98
ORD002415,boleto,1,827.67
ORD002416,debit_card,1,141.25
ORD002417,credit_card,10,51.73
ORD002418,boleto,1,1015.2
ORD002419,voucher,1,89.12
ORD002420,boleto,1,1030.24
ORD002421,credit_card,1,48.45
ORD002422,credit_card,2,687.92
ORD002423,credit_card,1,1546.83
ORD002424,debit_card,1,1490.82
ORD002425,credit_card,2,1502.68
ORD002426,debit_card,1,101.61
ORD002427,debit_card,1,67.45
ORD002428,boleto,1,2051.56
ORD002429,boleto,1,81.48
ORD002430,credit_card,3,413.25
ORD002431,credit_card,2,210.28
ORD002432,debit_card,1,422.48
ORD002433,credit_card,2,98.59
ORD002434,boleto,1,228.23
ORD002435,boleto,1,598.63
ORD002436,credit_card,3,52.74
ORD002437,debit_card,1,255.85
ORD002438,debit_card,1,115.41
ORD002439,credit_card,1,163.29
ORD002440,credit_card,6,72.44
ORD002441,boleto,1,1442.59
ORD002442,credit_card,3,32.71
ORD002443,boleto,1,116.23
ORD002444,credit_card,10,101.84
ORD002445,credit_card,6,374.5
ORD002446,boleto,1,1294.83
ORD002447,credit_card,1,1020.39
ORD002448,credit_card,2,84.13
ORD002449,credit_card,6,688.75
ORD002450,credit_card,3,624.34
ORD002451,boleto,1,487.51
ORD002452,debit_card,1,67.13
ORD002453,boleto,1,1493.97
ORD002454,credit_card,1,50.48
ORD002455,credit_card,1,604.58
ORD002456,boleto,1,830.8
ORD002457,debit_card,1,1517.05
ORD002458,credit_card,1,1262.87
ORD002459,credit_card,2,585.21
ORD002460,voucher,1,93.17
ORD002461,credit_card,6,176.54
ORD002462,credit_card,3,250.1
ORD002463,credit_card,1,79.9
ORD002464,debit_card,1,1966.4
ORD002465,credit_card,1,133.45
ORD002466,debit_card,1,632.06
ORD002467,debit_card,1,1559.89
ORD002468,voucher,1,157.11
ORD002469,credit_card,1,175.77
ORD002470,credit_card,3,2015.66
ORD002471,credit_card,1,395.71
ORD002472,credit_card,1,1409.01
ORD002473,debit_card,1,178.45
ORD002474,credit_card,10,156.15
ORD002475,boleto,1,647.09
ORD002476,credit_card,3,944.26
ORD002477,voucher,1,1144.27
ORD002478,credit_card,1,628.24
ORD002479,credit_card,2,22.66
ORD002480,credit_card,3,85.37
ORD002481,credit_card,1,454.4
ORD002482,credit_card,2,37.44
ORD002483,credit_card,6,316.36
ORD002484,credit_card,2,61.19
ORD002485,credit_card,2,102.06
ORD002486,boleto,1,225.12
ORD002487,boleto,1,116.57
ORD002488,credit_card,1,677.17
ORD002489,boleto,1,169.63
ORD002490,credit_card,1,296.88
ORD002491,credit_card,1,340.94
ORD002492,credit_card,1,164.4
ORD002493,voucher,1,125.73
ORD002494,credit_card,1,407.33
ORD002495,credit_card,10,118.53
ORD002496,credit_card,6,1196.21
ORD002497,voucher,1,139.18
ORD002498,debit_card,1,67.14
ORD002499,credit_card,10,116.29
ORD002500,credit_card,1,1541.99
ORD002501,credit_card,3,27.9
ORD002502,credit_card,2,532.6
ORD002503,credit_card,1,389.94
ORD002504,debit_card,1,91.82
ORD002505,debit_card,1,89.74
ORD002506,credit_card,2,949.72
ORD002507,debit_card,1,370.06
ORD002508,boleto,1,1169.84
ORD002509,credit_card,6,648.92
ORD002510,debit_card,1,1568.03
ORD002511,credit_card,2,470.95
ORD002512,credit_card,1,45.51
ORD002513,credit_card,2,114.68
ORD002514,boleto,1,346.93
ORD002515,boleto,1,305.59
ORD002516,credit_card,1,279.11
ORD002517,credit_card,3,47.05
ORD002518,debit_card,1,1221.09
ORD002519,boleto,1,92.53
ORD002520,credit_card,10,429.9
ORD002521,boleto,1,61.63
ORD002522,debit_card,1,88.06
ORD002523,credit_card,3,1888.52
ORD002524,debit_card,1,86.12
ORD002525,voucher,1,610.2
ORD002526,debit_card,1,656.61
ORD002527,voucher,1,174.91
ORD002528,credit_card,2,192.88
ORD002529,credit_card,1,56.3
ORD002530,credit_card,1,201.45
ORD002531,credit_card,3,511.19
ORD002532,boleto,1,1360.93
ORD002533,debit_card,1,201.05
ORD002534,credit_card,2,215.41
ORD002535,boleto,1,158.33
ORD002536,voucher,1,433.44
ORD002537,credit_card,3,64.46
ORD002538,voucher,1,47.13
ORD002539,credit_card,3,349.39
ORD002540,debit_card,1,142.65
ORD002541,credit_card,1,257.56
ORD002542,credit_card,6,220.28
ORD002543,credit_card,1,1345.25
ORD002544,debit_card,1,390.64
ORD002545,credit_card,3,840.44
ORD002546,credit_card,1,713.92
ORD002547,credit_card,6,534.45
ORD002548,credit_card,1,919.8
ORD002549,boleto,1,262.46
ORD002550,voucher,1,1068.58
ORD002551,boleto,1,474.34
ORD002552,credit_card,3,637.08
ORD002553,credit_card,2,1444.97
ORD002554,credit_card,1,22.81
ORD002555,credit_card,6,52.5
ORD002556,credit_card,10,77.29
ORD002557,credit_card,6,80.36
ORD002558,credit_card,1,326.27
ORD002559,boleto,1,303.3
ORD002560,credit_card,10,142.94
ORD002561,debit_card,1,1112.07
ORD002562,boleto,1,1039.1
ORD002563,debit_card,1,740.4
ORD002564,credit_card,1,394.61
ORD002565,credit_card,2,60.59
ORD002566,boleto,1,158.33
ORD002567,credit_card,1,292.03
ORD002568,credit_card,6,128.89
ORD002569,debit_card,1,891.84
ORD002570,credit_card,6,1706.3
ORD002571,boleto,1,168.54
ORD002572,debit_card,1,68.5
ORD002573,debit_card,1,61.93
ORD002574,credit_card,3,384.83
ORD002575,voucher,1,268.25
ORD002576,debit_card,1,1629.36
ORD002577,credit_card,1,140.9
ORD002578,credit_card,2,178.54
ORD002579,credit_card,1,254.43
ORD002580,credit_card,1,356.59
ORD002581,boleto,1,73.51
ORD002582,debit_card,1,164.58
ORD002583,credit_card,6,380.45
ORD002584,credit_card,6,1340.52
ORD002585,credit_card,2,58.23
ORD002586,credit_card,2,275.27
ORD002587,credit_card,3,127.6
ORD002588,credit_card,2,53.6
ORD002589,credit_card,1,338.53
ORD002590,credit_card,2,1787.41
ORD002591,debit_card,1,45.0
ORD002592,credit_card,1,1653.81
ORD002593,credit_card,1,320.39
ORD002594,credit_card,6,370.61
ORD002595,boleto,1,2214.88
ORD002596,voucher,1,229.71
ORD002597,credit_card,1,126.84
ORD002598,credit_card,3,60.16
ORD002599,voucher,1,58.75
ORD002600,debit_card,1,92.35
ORD002601,boleto,1,60.83
ORD002602,boleto,1,1078.53
ORD002603,credit_card,1,337.03
ORD002604,voucher,1,103.61
ORD002605,credit_card,1,225.0
ORD002606,debit_card,1,601.19
ORD002607,debit_card,1,65.74
ORD002608,credit_card,10,1256.47
ORD002609,boleto,1,886.67
ORD002610,boleto,1,232.96
ORD002611,credit_card,2,152.77
ORD002612,credit_card,2,523.24
ORD002613,credit_card,1,92.98
ORD002614,credit_card,1,492.1
ORD002615,debit_card,1,463.15
ORD002616,credit_card,2,28.88
ORD002617,credit_card,2,1631.78
ORD002618,voucher,1,116.6
ORD002619,boleto,1,1376.82
ORD002620,boleto,1,712.09
ORD002621,credit_card,2,519.4
ORD002622,credit_card,1,171.53
ORD002623,voucher,1,154.58
ORD002624,debit_card,1,155.72
ORD002625,credit_card,2,1453.6
ORD002626,credit_card,1,250.25
ORD002627,debit_card,1,218.6
ORD002628,boleto,1,891.57
ORD002629,debit_card,1,200.82
ORD002630,credit_card,2,261.58
ORD002631,credit_card,6,238.73
ORD002632,boleto,1,119.25
ORD002633,debit_card,1,1058.47
ORD002634,voucher,1,45.63
ORD002635,credit_card,10,335.54
ORD002636,credit_card,1,445.88
ORD002637,credit_card,1,778.4
ORD002638,debit_card,1,550.35
ORD002639,credit_card,10,198.92
ORD002640,credit_card,2,118.94
ORD002641,credit_card,1,64.67
ORD002642,credit_card,3,273.43
ORD002643,credit_card,3,544.14
ORD002644,debit_card,1,80.19
ORD002645,credit_card,10,154.04
ORD002646,credit_card,2,99.55
ORD002647,boleto,1,125.21
ORD002648,credit_card,3,53.66
ORD002649,debit_card,1,134.57
ORD002650,debit_card,1,99.8
ORD002651,debit_card,1,59.79
ORD002652,voucher,1,363.0
ORD002653,debit_card,1,39.86
ORD002654,voucher,1,489.53
ORD002655,debit_card,1,1046.25
ORD002656,debit_card,1,1051.65
ORD002657,debit_card,1,1223.69
ORD002658,debit_card,1,63.26
ORD002659,debit_card,1,377.19
ORD002660,debit_card,1,524.39
ORD002661,boleto,1,25.47
ORD002662,credit_card,2,194.67
ORD002663,debit_card,1,2119.18
ORD002664,credit_card,2,197.93
ORD002665,credit_card,6,858.2
ORD002666,debit_card,1,58.69
ORD002667,credit_card,3,390.72
ORD002668,boleto,1,635.83
ORD002669,credit_card,10,34.69
ORD002670,credit_card,1,153.49
ORD002671,boleto,1,136.89
ORD002672,credit_card,6,103.57
ORD002673,credit_card,6,154.19
ORD002674,boleto,1,2627.67
ORD002675,credit_card,3,1492.09
ORD002676,credit_card,6,190.18
ORD002677,credit_card,1,50.67
ORD002678,boleto,1,242.67
ORD002679,boleto,1,270.2
ORD002680,credit_card,6,2182.7
ORD002681,debit_card,1,857.87
ORD002682,credit_card,6,638.28
ORD002683,credit_card,2,106.45
ORD002684,credit_card,1,191.49
ORD002685,voucher,1,122.8
ORD002686,boleto,1,924.06
ORD002687,credit_card,10,139.61
ORD002688,credit_card,1,69.49
ORD002689,boleto,1,81.94
ORD002690,credit_card,1,103.51
ORD002691,credit_card,6,1695.87
ORD002692,credit_card,2,233.17
ORD002693,debit_card,1,225.37
ORD002694,boleto,1,227.34
ORD002695,boleto,1,408.39
ORD002696,credit_card,1,889.46
ORD002697,credit_card,6,299.05
ORD002698,credit_card,6,839.71
ORD002699,debit_card,1,152.86
ORD002700,debit_card,1,1851.64
ORD002701,credit_card,3,141.69
ORD002702,credit_card,1,214.54
ORD002703,boleto,1,741.76
ORD002704,credit_card,10,457.76
ORD002705,boleto,1,164.82
ORD002706,debit_card,1,77.0
ORD002707,credit_card,1,306.39
ORD002708,credit_card,1,172.48
ORD002709,debit_card,1,321.98
ORD002710,credit_card,2,306.99
ORD002711,boleto,1,757.35
ORD002712,credit_card,1,64.49
ORD002713,voucher,1,72.19
ORD002714,credit_card,6,281.86
ORD002715,credit_card,2,1036.98
ORD002716,credit_card,6,58.37
ORD002717,credit_card,1,409.88
ORD002718,debit_card,1,1106.74
ORD002719,boleto,1,424.05
ORD002720,voucher,1,97.81
ORD002721,debit_card,1,247.57
ORD002722,debit_card,1,453.36
ORD002723,credit_card,10,324.01
ORD002724,credit_card,1,39.64
ORD002725,credit_card,1,1302.51
ORD002726,credit_card,3,1582.3
ORD002727,debit_card,1,796.15
ORD002728,credit_card,2,1457.02
ORD002729,credit_card,1,555.95
ORD002730,credit_card,2,382.02
ORD002731,credit_card,2,552.06
ORD002732,credit_card,2,153.13
ORD002733,credit_card,2,74.32
ORD002734,credit_card,2,522.13
ORD002735,voucher,1,1217.83
ORD002736,credit_card,1,1491.11
ORD002737,credit_card,1,86.23
ORD002738,credit_card,6,435.81
ORD002739,credit_card,10,450.66
ORD002740,boleto,1,622.25
ORD002741,credit_card,1,85.39
ORD002742,credit_card,1,366.09
ORD002743,credit_card,10,474.89
ORD002744,voucher,1,285.42
ORD002745,credit_card,1,1069.3
ORD002746,credit_card,2,309.48
ORD002747,credit_card,1,167.13
ORD002748,credit_card,10,92.21
ORD002749,boleto,1,114.24
ORD002750,boleto,1,229.0
ORD002751,credit_card,1,283.62
ORD002752,voucher,1,643.35
ORD002753,boleto,1,789.35
ORD002754,boleto,1,1031.37
ORD002755,credit_card,1,125.89
ORD002756,credit_card,1,152.92
ORD002757,debit_card,1,264.8
ORD002758,credit_card,3,1292.57
ORD002759,debit_card,1,165.47
ORD002760,boleto,1,290.63
ORD002761,voucher,1,860.49
ORD002762,credit_card,10,52.75
ORD002763,voucher,1,2170.26
ORD002764,voucher,1,56.49
ORD002765,credit_card,1,136.15
ORD002766,credit_card,2,1349.89
ORD002767,credit_card,1,978.17
ORD002768,credit_card,1,307.63
ORD002769,credit_card,2,63.43
ORD002770,credit_card,1,126.09
ORD002771,credit_card,2,592.62
ORD002772,credit_card,3,69.96
ORD002773,credit_card,2,114.45
ORD002774,boleto,1,622.97
ORD002775,debit_card,1,1540.46
ORD002776,credit_card,6,922.2
ORD002777,boleto,1,88.3
ORD002778,credit_card,2,151.15
ORD002779,credit_card,1,53.76
ORD002780,debit_card,1,959.41
ORD002781,credit_card,10,1474.97
ORD002782,boleto,1,62.56
ORD002783,credit_card,3,31.13
ORD002784,voucher,1,86.75
ORD002785,boleto,1,190.26
ORD002786,credit_card,6,96.12
ORD002787,voucher,1,185.97
ORD002788,credit_card,2,468.35
ORD002789,debit_card,1,315.05
ORD002790,credit_card,3,806.95
ORD002791,credit_card,2,231.4
ORD002792,voucher,1,897.32
ORD002793,credit_card,2,329.94
ORD002794,boleto,1,245.16
ORD002795,credit_card,6,60.19
ORD002796,credit_card,6,629.8
ORD002797,boleto,1,125.13
ORD002798,credit_card,3,58.39
ORD002799,credit_card,10,965.15
ORD002800,boleto,1,549.78
ORD002801,debit_card,1,2731.96
ORD002802,debit_card,1,81.48
ORD002803,debit_card,1,73.65
ORD002804,credit_card,6,1305.76
ORD002805,debit_card,1,125.66
ORD002806,credit_card,6,641.92
ORD002807,debit_card,1,1746.96
ORD002808,credit_card,1,61.68
ORD002809,debit_card,1,355.92
ORD002810,credit_card,6,215.72
ORD002811,boleto,1,2214.56
ORD002812,boleto,1,115.98
ORD002813,credit_card,1,143.7
ORD002814,credit_card,1,139.75
ORD002815,debit_card,1,1024.63
ORD002816,credit_card,3,127.77
ORD002817,credit_card,10,753.91
ORD002818,credit_card,6,376.42
ORD002819,credit_card,2,126.69
ORD002820,voucher,1,555.1
ORD002821,credit_card,6,1118.8
ORD002822,boleto,1,434.44
ORD002823,credit_card,6,385.4
ORD002824,boleto,1,676.7
ORD002825,boleto,1,93.95
ORD002826,credit_card,1,616.27
ORD002827,credit_card,1,182.9
ORD002828,credit_card,1,1144.01
ORD002829,boleto,1,238.3
ORD002830,debit_card,1,451.09
ORD002831,voucher,1,184.82
ORD002832,voucher,1,428.47
ORD002833,boleto,1,318.18
ORD002834,credit_card,1,54.93
ORD002835,credit_card,10,312.04
ORD002836,debit_card,1,274.82
ORD002837,debit_card,1,164.94
ORD002838,credit_card,1,843.43
ORD002839,credit_card,1,651.08
ORD002840,credit_card,3,67.07
ORD002841,credit_card,1,97.27
ORD002842,credit_card,10,123.07
ORD002843,credit_card,1,341.39
ORD002844,credit_card,1,787.0
ORD002845,boleto,1,227.77
ORD002846,boleto,1,638.99
ORD002847,credit_card,10,578.52
ORD002848,voucher,1,1396.76
ORD002849,credit_card,3,352.76
ORD002850,credit_card,2,850.45
ORD002851,voucher,1,32.86
ORD002852,debit_card,1,38.96
ORD002853,boleto,1,88.42
ORD002854,boleto,1,232.15
ORD002855,credit_card,3,643.79
ORD002856,credit_card,6,887.3
ORD002857,credit_card,1,73.94
ORD002858,credit_card,1,1364.3
ORD002859,credit_card,2,1009.09
ORD002860,boleto,1,357.33
ORD002861,credit_card,1,759.93
ORD002862,credit_card,2,151.59
ORD002863,boleto,1,64.12
ORD002864,boleto,1,694.08
ORD002865,credit_card,1,92.59
ORD002866,boleto,1,880.23
ORD002867,credit_card,6,143.94
ORD002868,credit_card,2,147.5
ORD002869,credit_card,1,143.87
ORD002870,debit_card,1,148.16
ORD002871,credit_card,6,932.26
ORD002872,credit_card,2,429.98
ORD002873,boleto,1,978.14
ORD002874,debit_card,1,94.74
ORD002875,credit_card,1,185.82
ORD002876,credit_card,2,720.71
ORD002877,voucher,1,225.85
ORD002878,boleto,1,161.11
ORD002879,credit_card,3,188.56
ORD002880,debit_card,1,355.49
ORD002881,credit_card,2,134.11
ORD002882,credit_card,10,119.58
ORD002883,debit_card,1,514.9
ORD002884,voucher,1,181.24
ORD002885,boleto,1,139.6
ORD002886,credit_card,1,505.94
ORD002887,voucher,1,252.44
ORD002888,credit_card,2,107.65
ORD002889,credit_card,2,959.6
ORD002890,boleto,1,931.7
ORD002891,credit_card,1,255.87
ORD002892,credit_card,6,1105.49
ORD002893,credit_card,3,1198.71
ORD002894,debit_card,1,1658.89
ORD002895,credit_card,1,86.22
ORD002896,credit_card,6,67.45
ORD002897,credit_card,2,16.28
ORD002898,credit_card,1,148.94
ORD002899,credit_card,1,82.71
ORD002900,credit_card,3,253.11
ORD002901,credit_card,2,682.68
ORD002902,credit_card,1,60.87
ORD002903,boleto,1,1345.36
ORD002904,debit_card,1,196.34
ORD002905,credit_card,2,644.1
ORD002906,credit_card,1,1013.86
ORD002907,credit_card,2,195.17
ORD002908,credit_card,6,735.78
ORD002909,debit_card,1,91.56
ORD002910,credit_card,3,271.64
ORD002911,debit_card,1,39.9
ORD002912,boleto,1,812.54
ORD002913,credit_card,6,304.87
ORD002914,credit_card,1,437.05
ORD002915,voucher,1,102.2
ORD002916,debit_card,1,115.78
ORD002917,voucher,1,917.38
ORD002918,debit_card,1,511.02
ORD002919,credit_card,10,610.52
ORD002920,debit_card,1,934.35
ORD002921,boleto,1,1610.4
ORD002922,boleto,1,46.61
ORD002923,credit_card,1,467.2
ORD002924,debit_card,1,82.97
ORD002925,credit_card,1,179.97
ORD002926,credit_card,3,381.78
ORD002927,credit_card,1,282.81
ORD002928,credit_card,2,590.31
ORD002929,credit_card,2,238.98
ORD002930,debit_card,1,228.57
ORD002931,debit_card,1,1885.76
ORD002932,credit_card,3,45.11
ORD002933,credit_card,1,205.52
ORD002934,credit_card,1,161.45
ORD002935,debit_card,1,98.34
ORD002936,debit_card,1,1485.92
ORD002937,voucher,1,2536.77
ORD002938,boleto,1,925.22
ORD002939,credit_card,1,558.21
ORD002940,credit_card,3,217.46
ORD002941,credit_card,1,72.39
ORD002942,credit_card,3,1052.17
ORD002943,boleto,1,116.1
ORD002944,credit_card,10,348.61
ORD002945,debit_card,1,143.24
ORD002946,debit_card,1,370.48
ORD002947,boleto,1,112.46
ORD002948,boleto,1,494.25
ORD002949,credit_card,1,366.31
ORD002950,debit_card,1,385.73
ORD002951,credit_card,3,1191.63
ORD002952,boleto,1,991.72
ORD002953,debit_card,1,350.1
ORD002954,credit_card,6,133.79
ORD002955,credit_card,1,806.27
ORD002956,credit_card,2,353.78
ORD002957,debit_card,1,131.53
ORD002958,credit_card,3,214.43
ORD002959,credit_card,1,147.25
ORD002960,credit_card,1,1895.15
ORD002961,debit_card,1,94.23
ORD002962,boleto,1,779.78
ORD002963,credit_card,6,135.57
ORD002964,credit_card,1,95.45
ORD002965,debit_card,1,140.98
ORD002966,debit_card,1,1271.77
ORD002967,boleto,1,1591.32
ORD002968,credit_card,1,1031.62
ORD002969,debit_card,1,514.05
ORD002970,credit_card,2,163.25
ORD002971,credit_card,2,154.34
ORD002972,credit_card,3,121.37
ORD002973,credit_card,2,420.41
ORD002974,debit_card,1,44.34
ORD002975,credit_card,10,612.22
ORD002976,credit_card,2,67.74
ORD002977,debit_card,1,1701.97
ORD002978,credit_card,1,397.98
ORD002979,boleto,1,378.69
ORD002980,credit_card,1,1196.92
ORD002981,credit_card,2,175.21
ORD002982,credit_card,1,363.6
ORD002983,boleto,1,266.58
ORD002984,credit_card,1,78.71
ORD002985,voucher,1,239.0
ORD002986,credit_card,6,263.68
ORD002987,boleto,1,1768.43
ORD002988,debit_card,1,1430.01
ORD002989,credit_card,2,782.9
ORD002990,credit_card,6,64.45
ORD002991,credit_card,1,142.51
ORD002992,debit_card,1,108.23
ORD002993,credit_card,6,268.12
ORD002994,credit_card,2,56.97
ORD002995,credit_card,1,300.61
ORD002996,credit_card,6,203.45
ORD002997,debit_card,1,290.98
ORD002998,debit_card,1,170.3
ORD002999,credit_card,2,153.47
ORD003000,credit_card,2,255.94
ORD003001,debit_card,1,69.05
ORD003002,credit_card,2,1399.72
ORD003003,debit_card,1,66.95
ORD003004,boleto,1,80.04
ORD003005,credit_card,1,94.32
ORD003006,credit_card,3,322.61
ORD003007,credit_card,1,51.73
ORD003008,credit_card,1,704.35
ORD003009,credit_card,6,36.5
ORD003010,credit_card,2,2111.19
ORD003011,credit_card,3,613.46
ORD003012,debit_card,1,222.68
ORD003013,credit_card,1,656.36
ORD003014,debit_card,1,483.77
ORD003015,credit_card,3,70.07
ORD003016,credit_card,6,165.76
ORD003017,credit_card,1,303.15
ORD003018,credit_card,1,144.89
ORD003019,boleto,1,1578.79
ORD003020,credit_card,2,266.96
ORD003021,voucher,1,78.54
ORD003022,boleto,1,338.55
ORD003023,credit_card,2,248.59
ORD003024,voucher,1,453.57
ORD003025,credit_card,2,1627.65
ORD003026,debit_card,1,212.86
ORD003027,boleto,1,1573.14
ORD003028,credit_card,2,153.03
ORD003029,credit_card,6,366.19
ORD003030,credit_card,1,58.88
ORD003031,voucher,1,88.49
ORD003032,credit_card,6,183.95
ORD003033,boleto,1,96.14
ORD003034,boleto,1,221.79
ORD003035,credit_card,2,1176.43
ORD003036,boleto,1,597.34
ORD003037,voucher,1,2495.78
ORD003038,credit_card,1,65.44
ORD003039,credit_card,10,692.05
ORD003040,credit_card,1,86.44
ORD003041,credit_card,10,187.62
ORD003042,credit_card,1,142.86
ORD003043,credit_card,1,149.47
ORD003044,debit_card,1,196.47
ORD003045,credit_card,3,921.72
ORD003046,credit_card,3,103.86
ORD003047,credit_card,2,395.84
ORD003048,voucher,1,260.8
ORD003049,voucher,1,65.63
ORD003050,credit_card,1,70.53
ORD003051,credit_card,10,95.9
ORD003052,boleto,1,217.18
ORD003053,credit_card,1,357.36
ORD003054,credit_card,2,1509.63
ORD003055,boleto,1,397.15
ORD003056,credit_card,1,334.72
ORD003057,credit_card,10,406.24
ORD003058,credit_card,6,1279.28
ORD003059,boleto,1,121.38
ORD003060,credit_card,3,447.65
ORD003061,debit_card,1,63.4
ORD003062,voucher,1,220.1
ORD003063,credit_card,6,1663.19
ORD003064,credit_card,1,33.24
ORD003065,debit_card,1,178.65
ORD003066,credit_card,6,2269.68
ORD003067,debit_card,1,1377.01
ORD003068,credit_card,1,124.49
ORD003069,credit_card,1,419.21
ORD003070,credit_card,1,431.95
ORD003071,debit_card,1,1533.08
ORD003072,credit_card,1,63.63
ORD003073,credit_card,10,1299.61
ORD003074,credit_card,1,865.54
ORD003075,credit_card,1,266.35
ORD003076,boleto,1,751.04
ORD003077,credit_card,10,261.39
ORD003078,credit_card,2,305.8
ORD003079,debit_card,1,67.88
ORD003080,credit_card,1,459.44
ORD003081,credit_card,1,134.97
ORD003082,credit_card,10,110.83
ORD003083,debit_card,1,1124.49
ORD003084,credit_card,2,200.63
ORD003085,boleto,1,395.34
ORD003086,boleto,1,883.46
ORD003087,voucher,1,1931.16
ORD003088,debit_card,1,518.21
ORD003089,credit_card,2,1845.2
ORD003090,credit_card,3,66.53
ORD003091,credit_card,3,184.33
ORD003092,voucher,1,48.61
ORD003093,credit_card,6,391.99
ORD003094,debit_card,1,796.22
ORD003095,credit_card,1,124.94
ORD003096,debit_card,1,62.99
ORD003097,credit_card,3,350.92
ORD003098,credit_card,2,1717.3
ORD003099,credit_card,1,185.92
ORD003100,voucher,1,68.45
ORD003101,voucher,1,596.71
ORD003102,debit_card,1,55.73
ORD003103,credit_card,3,728.86
ORD003104,credit_card,1,517.48
ORD003105,debit_card,1,186.91
ORD003106,debit_card,1,380.01
ORD003107,credit_card,3,589.99
ORD003108,boleto,1,117.71
ORD003109,boleto,1,756.99
ORD003110,debit_card,1,134.75
ORD003111,credit_card,1,290.87
ORD003112,credit_card,1,79.24
ORD003113,credit_card,1,268.27
ORD003114,boleto,1,617.42
ORD003115,voucher,1,324.23
ORD003116,boleto,1,235.95
ORD003117,credit_card,3,56.97
ORD003118,credit_card,3,471.72
ORD003119,boleto,1,419.25
ORD003120,credit_card,1,174.29
ORD003121,voucher,1,23.72
ORD003122,credit_card,1,165.83
ORD003123,debit_card,1,215.44
ORD003124,boleto,1,87.48
ORD003125,credit_card,2,1808.83
ORD003126,credit_card,2,188.33
ORD003127,credit_card,1,151.76
ORD003128,credit_card,1,709.34
ORD003129,credit_card,1,286.5
ORD003130,credit_card,10,1297.15
ORD003131,credit_card,1,447.4
ORD003132,credit_card,3,71.53
ORD003133,voucher,1,993.31
ORD003134,voucher,1,67.69
ORD003135,credit_card,3,1225.24
ORD003136,voucher,1,152.35
ORD003137,credit_card,1,209.24
ORD003138,credit_card,1,887.21
ORD003139,credit_card,1,282.01
ORD003140,boleto,1,54.01
ORD003141,debit_card,1,53.4
ORD003142,credit_card,2,403.24
ORD003143,credit_card,2,1868.38
ORD003144,credit_card,6,1654.78
ORD003145,credit_card,10,71.55
ORD003146,boleto,1,90.78
ORD003147,credit_card,10,77.66
ORD003148,credit_card,6,697.38
ORD003149,credit_card,3,44.58
ORD003150,debit_card,1,821.14
ORD003151,credit_card,1,587.55
ORD003152,credit_card,2,50.52
ORD003153,credit_card,6,87.7
ORD003154,credit_card,1,941.1
ORD003155,credit_card,10,811.29
ORD003156,debit_card,1,207.81
ORD003157,boleto,1,1357.65
ORD003158,credit_card,6,110.28
ORD003159,credit_card,2,134.45
ORD003160,debit_card,1,308.73
ORD003161,credit_card,1,277.97
ORD003162,credit_card,3,68.92
ORD003163,credit_card,1,54.87
ORD003164,voucher,1,932.11
ORD003165,credit_card,3,1448.44
ORD003166,debit_card,1,2163.85
ORD003167,credit_card,3,119.29
ORD003168,boleto,1,374.83
ORD003169,debit_card,1,882.99
ORD003170,boleto,1,1118.44
ORD003171,boleto,1,2089.27
ORD003172,boleto,1,65.64
ORD003173,credit_card,3,598.85
ORD003174,credit_card,1,1617.76
ORD003175,debit_card,1,84.93
ORD003176,debit_card,1,1380.77
ORD003177,debit_card,1,720.27
ORD003178,credit_card,10,72.28
ORD003179,boleto,1,364.91
ORD003180,debit_card,1,66.78
ORD003181,credit_card,1,91.16
ORD003182,credit_card,1,706.96
ORD003183,boleto,1,381.83
ORD003184,credit_card,1,174.94
ORD003185,voucher,1,1769.35
ORD003186,credit_card,2,99.3
ORD003187,boleto,1,756.22
ORD003188,credit_card,1,3066.4
ORD003189,voucher,1,1082.26
ORD003190,credit_card,3,1377.08
ORD003191,debit_card,1,27.63
ORD003192,boleto,1,716.24
ORD003193,credit_card,1,997.34
ORD003194,credit_card,1,811.34
ORD003195,debit_card,1,468.11
ORD003196,boleto,1,171.75
ORD003197,credit_card,3,1381.14
ORD003198,credit_card,3,233.3
ORD003199,debit_card,1,372.88
ORD003200,credit_card,6,602.39
ORD003201,credit_card,6,62.0
ORD003202,debit_card,1,249.94
ORD003203,credit_card,10,319.09
ORD003204,credit_card,1,105.81
ORD003205,boleto,1,326.04
ORD003206,credit_card,1,724.46
ORD003207,boleto,1,846.61
ORD003208,credit_card,1,474.34
ORD003209,credit_card,2,273.04
ORD003210,boleto,1,1091.47
ORD003211,credit_card,1,130.17
ORD003212,credit_card,2,71.3
ORD003213,credit_card,1,52.3
ORD003214,voucher,1,543.72
ORD003215,credit_card,1,924.6
ORD003216,credit_card,2,663.79
ORD003217,debit_card,1,182.72
ORD003218,credit_card,1,203.43
ORD003219,debit_card,1,443.42
ORD003220,boleto,1,630.97
ORD003221,debit_card,1,45.56
ORD003222,credit_card,2,87.05
ORD003223,credit_card,1,424.49
ORD003224,credit_card,2,247.01
ORD003225,credit_card,1,307.11
ORD003226,credit_card,1,44.04
ORD003227,credit_card,3,1379.26
ORD003228,credit_card,10,1064.07
ORD003229,credit_card,3,610.64
ORD003230,credit_card,1,897.65
ORD003231,debit_card,1,169.54
ORD003232,voucher,1,78.47
ORD003233,credit_card,2,554.27
ORD003234,credit_card,1,1493.85
ORD003235,credit_card,2,79.87
ORD003236,boleto,1,74.31
ORD003237,credit_card,6,253.52
ORD003238,boleto,1,192.53
ORD003239,credit_card,6,106.61
ORD003240,credit_card,1,659.99
ORD003241,credit_card,1,101.02
ORD003242,debit_card,1,26.43
ORD003243,credit_card,1,56.03
ORD003244,credit_card,1,70.52
ORD003245,credit_card,1,189.37
ORD003246,debit_card,1,1456.69
ORD003247,boleto,1,929.69
ORD003248,debit_card,1,955.19
ORD003249,credit_card,1,243.07
ORD003250,debit_card,1,132.25
ORD003251,credit_card,6,232.19
ORD003252,debit_card,1,1028.75
ORD003253,credit_card,10,712.22
ORD003254,credit_card,1,969.32
ORD003255,debit_card,1,158.84
ORD003256,boleto,1,52.99
ORD003257,credit_card,1,257.8
ORD003258,credit_card,2,74.87
ORD003259,debit_card,1,475.41
ORD003260,boleto,1,111.89
ORD003261,credit_card,3,288.61
ORD003262,debit_card,1,592.9
ORD003263,credit_card,10,620.12
ORD003264,voucher,1,274.86
ORD003265,credit_card,1,208.49
ORD003266,debit_card,1,39.93
ORD003267,credit_card,6,516.95
ORD003268,credit_card,6,196.52
ORD003269,credit_card,10,927.49
ORD003270,credit_card,1,180.9
ORD003271,credit_card,10,1473.5
ORD003272,debit_card,1,62.99
ORD003273,credit_card,6,163.64
ORD003274,boleto,1,108.21
ORD003275,credit_card,1,375.92
ORD003276,debit_card,1,60.1
ORD003277,debit_card,1,883.35
ORD003278,credit_card,2,416.31
ORD003279,credit_card,6,311.53
ORD003280,boleto,1,152.21
ORD003281,debit_card,1,1041.33
ORD003282,credit_card,1,100.91
ORD003283,credit_card,1,1799.23
ORD003284,debit_card,1,139.4
ORD003285,credit_card,2,27.37
ORD003286,debit_card,1,1260.6
ORD003287,voucher,1,862.63
ORD003288,boleto,1,182.54
ORD003289,voucher,1,113.84
ORD003290,credit_card,1,135.7
ORD003291,credit_card,2,199.74
ORD003292,boleto,1,1289.19
ORD003293,credit_card,1,232.94
ORD003294,credit_card,1,177.35
ORD003295,credit_card,6,1318.99
ORD003296,debit_card,1,1181.76
ORD003297,boleto,1,199.15
ORD003298,boleto,1,244.64
ORD003299,voucher,1,1212.19
ORD003300,debit_card,1,58.43
ORD003301,voucher,1,46.53
ORD003302,credit_card,2,315.44
ORD003303,boleto,1,1080.45
ORD003304,boleto,1,111.51
ORD003305,boleto,1,379.45
ORD003306,debit_card,1,1511.28
ORD003307,credit_card,2,926.46
ORD003308,credit_card,1,1723.89
ORD003309,credit_card,1,364.52
ORD003310,debit_card,1,89.44
ORD003311,boleto,1,485.75
ORD003312,boleto,1,397.75
ORD003313,boleto,1,830.26
ORD003314,boleto,1,2262.42
ORD003315,credit_card,1,396.91
ORD003316,credit_card,2,84.05
ORD003317,boleto,1,40.88
ORD003318,debit_card,1,561.88
ORD003319,debit_card,1,538.21
ORD003320,debit_card,1,1456.63
ORD003321,credit_card,6,479.26
ORD003322,debit_card,1,528.48
ORD003323,voucher,1,22.51
ORD003324,credit_card,10,137.38
ORD003325,debit_card,1,52.18
ORD003326,voucher,1,237.42
ORD003327,voucher,1,408.18
ORD003328,credit_card,1,134.77
ORD003329,credit_card,10,1850.85
ORD003330,credit_card,3,47.6
ORD003331,credit_card,3,49.52
ORD003332,voucher,1,949.66
ORD003333,debit_card,1,499.64
ORD003334,credit_card,1,115.15
ORD003335,credit_card,6,328.77
ORD003336,credit_card,10,467.59
ORD003337,debit_card,1,137.29
ORD003338,credit_card,1,53.41
ORD003339,credit_card,6,175.33
ORD003340,debit_card,1,555.74
ORD003341,debit_card,1,478.88
ORD003342,voucher,1,74.88
ORD003343,credit_card,10,89.91
ORD003344,debit_card,1,472.53
ORD003345,credit_card,6,100.22
ORD003346,boleto,1,125.64
ORD003347,credit_card,2,58.22
ORD003348,credit_card,2,50.98
ORD003349,credit_card,1,842.55
ORD003350,credit_card,6,467.17
ORD003351,debit_card,1,657.49
ORD003352,boleto,1,118.52
ORD003353,credit_card,1,57.82
ORD003354,credit_card,6,177.15
ORD003355,boleto,1,414.61
ORD003356,credit_card,1,52.14
ORD003357,credit_card,3,2621.56
ORD003358,credit_card,1,355.67
ORD003359,credit_card,3,690.17
ORD003360,boleto,1,959.71
ORD003361,boleto,1,515.29
ORD003362,credit_card,1,106.21
ORD003363,credit_card,3,408.89
ORD003364,voucher,1,1063.17
ORD003365,debit_card,1,1123.36
ORD003366,credit_card,1,30.45
ORD003367,debit_card,1,100.98
ORD003368,debit_card,1,188.91
ORD003369,voucher,1,106.49
ORD003370,voucher,1,101.54
ORD003371,boleto,1,942.86
ORD003372,debit_card,1,1019.76
ORD003373,debit_card,1,968.91
ORD003374,credit_card,1,812.39
ORD003375,debit_card,1,388.34
ORD003376,debit_card,1,803.89
ORD003377,voucher,1,43.79
ORD003378,credit_card,1,289.25
ORD003379,boleto,1,198.13
ORD003380,debit_card,1,1369.47
ORD003381,debit_card,1,369.19
ORD003382,debit_card,1,917.44
ORD003383,credit_card,1,141.33
ORD003384,boleto,1,46.0
ORD003385,credit_card,2,1022.47
ORD003386,credit_card,1,139.67
ORD003387,credit_card,6,430.29
ORD003388,boleto,1,46.46
ORD003389,boleto,1,837.69
ORD003390,credit_card,1,156.13
ORD003391,credit_card,6,1383.13
ORD003392,credit_card,3,300.23
ORD003393,voucher,1,112.0
ORD003394,debit_card,1,221.17
ORD003395,credit_card,1,108.89
ORD003396,credit_card,1,137.43
ORD003397,boleto,1,135.91
ORD003398,voucher,1,905.39
ORD003399,credit_card,3,110.8
ORD003400,boleto,1,1848.28
ORD003401,credit_card,1,46.99
ORD003402,credit_card,3,518.98
ORD003403,credit_card,1,1112.62
ORD003404,boleto,1,55.75
ORD003405,credit_card,3,326.59
ORD003406,debit_card,1,297.84
ORD003407,boleto,1,929.97
ORD003408,debit_card,1,50.3
ORD003409,debit_card,1,691.35
ORD003410,debit_card,1,708.94
ORD003411,credit_card,1,564.8
ORD003412,credit_card,6,185.77
ORD003413,credit_card,1,28.23
ORD003414,boleto,1,292.42
ORD003415,debit_card,1,1290.54
ORD003416,credit_card,3,525.81
ORD003417,credit_card,2,732.14
ORD003418,credit_card,1,254.85
ORD003419,debit_card,1,86.94
ORD003420,boleto,1,192.32
ORD003421,debit_card,1,330.57
ORD003422,debit_card,1,116.89
ORD003423,debit_card,1,96.78
ORD003424,credit_card,3,122.74
ORD003425,debit_card,1,41.37
ORD003426,credit_card,10,99.32
ORD003427,boleto,1,1799.76
ORD003428,credit_card,3,1099.33
ORD003429,debit_card,1,135.65
ORD003430,credit_card,2,60.17
ORD003431,boleto,1,264.68
ORD003432,debit_card,1,2022.29
ORD003433,boleto,1,529.28
ORD003434,credit_card,3,76.06
ORD003435,debit_card,1,361.57
ORD003436,credit_card,1,212.67
ORD003437,debit_card,1,128.5
ORD003438,credit_card,1,40.25
ORD003439,credit_card,6,879.88
ORD003440,voucher,1,88.12
ORD003441,boleto,1,323.05
ORD003442,credit_card,1,274.31
ORD003443,credit_card,6,1770.69
ORD003444,credit_card,1,1644.17
ORD003445,credit_card,3,87.04
ORD003446,credit_card,1,824.06
ORD003447,credit_card,6,2073.73
ORD003448,debit_card,1,1929.07
ORD003449,credit_card,3,679.55
ORD003450,credit_card,2,86.74
ORD003451,boleto,1,880.92
ORD003452,credit_card,3,81.31
ORD003453,credit_card,3,314.47
ORD003454,credit_card,3,198.46
ORD003455,credit_card,2,160.35
ORD003456,debit_card,1,860.94
ORD003457,credit_card,1,971.01
ORD003458,boleto,1,58.92
ORD003459,credit_card,1,402.43
ORD003460,credit_card,10,402.58
ORD003461,debit_card,1,81.92
ORD003462,debit_card,1,448.86
ORD003463,credit_card,1,45.06
ORD003464,credit_card,3,82.84
ORD003465,debit_card,1,303.99
ORD003466,credit_card,2,831.99
ORD003467,credit_card,1,139.8
ORD003468,credit_card,2,1881.39
ORD003469,credit_card,1,418.7
ORD003470,voucher,1,88.83
ORD003471,credit_card,10,1211.9
ORD003472,credit_card,1,213.24
ORD003473,debit_card,1,260.14
ORD003474,debit_card,1,36.41
ORD003475,credit_card,3,241.6
ORD003476,credit_card,2,59.66
ORD003477,boleto,1,235.88
ORD003478,debit_card,1,37.0
ORD003479,credit_card,10,673.19
ORD003480,credit_card,2,817.73
ORD003481,credit_card,3,1136.72
ORD003482,credit_card,6,144.53
ORD003483,credit_card,2,255.12
ORD003484,voucher,1,115.17
ORD003485,credit_card,3,372.96
ORD003486,boleto,1,1009.52
ORD003487,voucher,1,359.07
ORD003488,credit_card,3,1051.15
ORD003489,credit_card,1,22.94
ORD003490,credit_card,6,111.14
ORD003491,debit_card,1,428.61
ORD003492,credit_card,6,490.73
ORD003493,credit_card,6,236.54
ORD003494,credit_card,3,1878.56
ORD003495,debit_card,1,18.37
ORD003496,debit_card,1,415.29
ORD003497,boleto,1,96.18
ORD003498,boleto,1,89.01
ORD003499,credit_card,2,90.64
ORD003500,credit_card,6,761.81
ORD003501,credit_card,6,481.59
ORD003502,credit_card,1,337.46
ORD003503,voucher,1,66.66
ORD003504,credit_card,2,306.16
ORD003505,credit_card,2,113.38
ORD003506,boleto,1,211.64
ORD003507,debit_card,1,2521.95
ORD003508,credit_card,1,210.54
ORD003509,debit_card,1,84.51
ORD003510,boleto,1,882.4
ORD003511,boleto,1,41.78
ORD003512,credit_card,6,214.42
ORD003513,credit_card,1,71.91
ORD003514,credit_card,2,221.36
ORD003515,credit_card,6,274.44
ORD003516,credit_card,1,1858.59
ORD003517,credit_card,1,17.31
ORD003518,credit_card,10,134.37
ORD003519,credit_card,1,565.63
ORD003520,credit_card,1,1592.06
ORD003521,debit_card,1,335.39
ORD003522,debit_card,1,2052.68
ORD003523,credit_card,1,85.49
ORD003524,boleto,1,400.12
ORD003525,credit_card,1,519.95
ORD003526,voucher,1,636.3
ORD003527,credit_card,2,875.62
ORD003528,boleto,1,225.19
ORD003529,credit_card,6,984.92
ORD003530,credit_card,1,56.93
ORD003531,boleto,1,1358.42
ORD003532,credit_card,1,129.44
ORD003533,voucher,1,56.5
ORD003534,credit_card,1,425.48
ORD003535,boleto,1,174.64
ORD003536,credit_card,10,792.46
ORD003537,debit_card,1,259.01
ORD003538,debit_card,1,223.92
ORD003539,debit_card,1,35.28
ORD003540,credit_card,10,732.48
ORD003541,debit_card,1,568.07
ORD003542,credit_card,1,276.99
ORD003543,credit_card,1,710.17
ORD003544,credit_card,2,82.19
ORD003545,voucher,1,299.75
ORD003546,credit_card,2,137.33
ORD003547,credit_card,6,131.77
ORD003548,credit_card,1,926.45
ORD003549,debit_card,1,1017.56
ORD003550,credit_card,6,132.74
ORD003551,boleto,1,81.65
ORD003552,debit_card,1,75.33
ORD003553,boleto,1,155.26
ORD003554,credit_card,2,1177.13
ORD003555,credit_card,2,74.63
ORD003556,voucher,1,3174.92
ORD003557,credit_card,1,182.02
ORD003558,credit_card,3,580.92
ORD003559,debit_card,1,936.22
ORD003560,boleto,1,167.55
ORD003561,credit_card,3,328.97
ORD003562,credit_card,6,207.2
ORD003563,credit_card,1,1379.39
ORD003564,credit_card,3,545.62
ORD003565,credit_card,1,887.53
ORD003566,credit_card,1,1012.23
ORD003567,credit_card,2,204.96
ORD003568,credit_card,6,225.68
ORD003569,boleto,1,386.25
ORD003570,debit_card,1,35.54
ORD003571,credit_card,1,502.13
ORD003572,credit_card,1,344.12
ORD003573,credit_card,6,720.32
ORD003574,boleto,1,318.37
ORD003575,voucher,1,349.64
ORD003576,credit_card,1,1183.99
ORD003577,credit_card,1,83.69
ORD003578,debit_card,1,1593.04
ORD003579,credit_card,1,1361.59
ORD003580,voucher,1,815.04
ORD003581,boleto,1,296.56
ORD003582,credit_card,1,133.95
ORD003583,credit_card,10,186.83
ORD003584,credit_card,1,100.96
ORD003585,credit_card,1,507.34
ORD003586,voucher,1,129.07
ORD003587,debit_card,1,323.95
ORD003588,debit_card,1,373.59
ORD003589,credit_card,6,147.18
ORD003590,credit_card,6,170.94
ORD003591,credit_card,2,1390.49
ORD003592,boleto,1,574.32
ORD003593,voucher,1,899.95
ORD003594,debit_card,1,766.75
ORD003595,boleto,1,186.19
ORD003596,credit_card,2,438.98
ORD003597,boleto,1,98.64
ORD003598,credit_card,3,69.79
ORD003599,credit_card,3,548.91
ORD003600,voucher,1,188.78
ORD003601,credit_card,2,571.25
ORD003602,credit_card,1,61.05
ORD003603,credit_card,1,957.45
ORD003604,boleto,1,77.11
ORD003605,credit_card,2,559.63
ORD003606,debit_card,1,265.75
ORD003607,boleto,1,1040.48
ORD003608,credit_card,1,745.63
ORD003609,credit_card,3,350.95
ORD003610,credit_card,6,382.07
ORD003611,voucher,1,356.4
ORD003612,credit_card,1,77.4
ORD003613,voucher,1,303.07
ORD003614,debit_card,1,1409.96
ORD003615,credit_card,1,149.96
ORD003616,credit_card,1,723.09
ORD003617,credit_card,1,199.39
ORD003618,credit_card,1,223.58
ORD003619,voucher,1,593.72
ORD003620,boleto,1,226.63
ORD003621,credit_card,1,317.49
ORD003622,credit_card,1,632.22
ORD003623,credit_card,1,979.8
ORD003624,debit_card,1,899.61
ORD003625,credit_card,10,591.43
ORD003626,credit_card,10,301.24
ORD003627,credit_card,1,69.99
ORD003628,credit_card,6,430.42
ORD003629,boleto,1,853.81
ORD003630,credit_card,10,415.72
ORD003631,boleto,1,461.21
ORD003632,credit_card,6,1030.19
ORD003633,credit_card,1,83.04
ORD003634,debit_card,1,249.03
ORD003635,debit_card,1,70.57
ORD003636,credit_card,1,62.78
ORD003637,debit_card,1,416.6
ORD003638,credit_card,2,310.15
ORD003639,credit_card,10,90.95
ORD003640,credit_card,1,185.87
ORD003641,credit_card,1,83.66
ORD003642,boleto,1,802.39
ORD003643,credit_card,2,31.05
ORD003644,debit_card,1,156.96
ORD003645,voucher,1,880.55
ORD003646,credit_card,10,432.73
ORD003647,credit_card,10,601.56
ORD003648,boleto,1,136.36
ORD003649,credit_card,3,1139.79
ORD003650,credit_card,10,1387.84
ORD003651,credit_card,1,39.27
ORD003652,credit_card,3,941.65
ORD003653,credit_card,2,2341.51
ORD003654,boleto,1,57.65
ORD003655,credit_card,10,354.17
ORD003656,credit_card,2,128.46
ORD003657,credit_card,1,295.32
ORD003658,credit_card,1,898.51
ORD003659,voucher,1,169.1
ORD003660,debit_card,1,813.4
ORD003661,credit_card,3,74.43
ORD003662,debit_card,1,62.93
ORD003663,credit_card,3,300.69
ORD003664,voucher,1,603.93
ORD003665,voucher,1,191.42
ORD003666,credit_card,1,190.27
ORD003667,voucher,1,63.27
ORD003668,credit_card,6,64.28
ORD003669,credit_card,1,122.06
ORD003670,credit_card,3,78.34
ORD003671,credit_card,3,104.79
ORD003672,voucher,1,450.44
ORD003673,credit_card,2,149.27
ORD003674,debit_card,1,115.59
ORD003675,credit_card,1,59.09
ORD003676,credit_card,1,213.35
ORD003677,voucher,1,971.14
ORD003678,credit_card,1,1264.31
ORD003679,credit_card,10,689.26
ORD003680,credit_card,2,2387.49
ORD003681,debit_card,1,1632.2
ORD003682,boleto,1,100.24
ORD003683,boleto,1,252.03
ORD003684,credit_card,10,554.58
ORD003685,credit_card,2,213.85
ORD003686,debit_card,1,87.11
ORD003687,credit_card,2,137.43
ORD003688,credit_card,2,505.16
ORD003689,credit_card,3,2073.8
ORD003690,debit_card,1,156.8
ORD003691,debit_card,1,79.28
ORD003692,boleto,1,146.57
ORD003693,debit_card,1,464.86
ORD003694,credit_card,3,346.97
ORD003695,debit_card,1,495.0
ORD003696,credit_card,6,635.7
ORD003697,voucher,1,183.08
ORD003698,credit_card,2,93.46
ORD003699,credit_card,10,46.31
ORD003700,voucher,1,181.41
ORD003701,credit_card,3,85.87
ORD003702,boleto,1,372.01
ORD003703,credit_card,1,78.21
ORD003704,voucher,1,273.67
ORD003705,credit_card,2,3176.53
ORD003706,credit_card,2,1180.8
ORD003707,credit_card,1,2059.5
ORD003708,credit_card,3,328.45
ORD003709,boleto,1,73.63
ORD003710,debit_card,1,152.76
ORD003711,credit_card,1,142.22
ORD003712,debit_card,1,55.67
ORD003713,credit_card,1,192.57
ORD003714,credit_card,1,898.94
ORD003715,credit_card,2,281.6
ORD003716,credit_card,1,1005.85
ORD003717,debit_card,1,1866.16
ORD003718,credit_card,1,176.55
ORD003719,credit_card,3,140.39
ORD003720,credit_card,3,142.99
ORD003721,debit_card,1,109.91
ORD003722,debit_card,1,1207.16
ORD003723,credit_card,1,943.78
ORD003724,credit_card,1,57.34
ORD003725,boleto,1,133.88
ORD003726,boleto,1,576.73
ORD003727,debit_card,1,376.59
ORD003728,credit_card,2,65.98
ORD003729,credit_card,3,225.42
ORD003730,credit_card,1,420.86
ORD003731,credit_card,6,1600.39
ORD003732,credit_card,3,336.88
ORD003733,debit_card,1,1582.53
ORD003734,credit_card,2,1740.41
ORD003735,credit_card,3,128.25
ORD003736,credit_card,1,237.91
ORD003737,boleto,1,428.55
ORD003738,credit_card,10,77.88
ORD003739,credit_card,1,1491.23
ORD003740,credit_card,3,270.93
ORD003741,credit_card,3,1423.35
ORD003742,debit_card,1,1480.98
ORD003743,debit_card,1,208.64
ORD003744,debit_card,1,1432.16
ORD003745,credit_card,1,314.46
ORD003746,boleto,1,26.62
ORD003747,credit_card,3,658.05
ORD003748,voucher,1,433.54
ORD003749,credit_card,1,878.07
ORD003750,credit_card,1,1707.22
ORD003751,credit_card,3,122.94
ORD003752,credit_card,6,135.96
ORD003753,credit_card,1,453.5
ORD003754,debit_card,1,155.99
ORD003755,credit_card,1,402.99
ORD003756,boleto,1,129.3
ORD003757,credit_card,3,126.87
ORD003758,credit_card,2,193.59
ORD003759,debit_card,1,82.02
ORD003760,credit_card,1,227.98
ORD003761,boleto,1,55.56
ORD003762,voucher,1,83.77
ORD003763,credit_card,10,660.43
ORD003764,voucher,1,35.08
ORD003765,credit_card,3,54.56
ORD003766,credit_card,3,1411.83
ORD003767,credit_card,6,152.36
ORD003768,debit_card,1,144.38
ORD003769,debit_card,1,631.84
ORD003770,debit_card,1,56.12
ORD003771,credit_card,3,175.99
ORD003772,boleto,1,180.28
ORD003773,debit_card,1,540.11
ORD003774,boleto,1,423.64
ORD003775,boleto,1,116.35
ORD003776,debit_card,1,1624.03
ORD003777,credit_card,6,258.75
ORD003778,boleto,1,81.92
ORD003779,debit_card,1,89.07
ORD003780,credit_card,1,349.11
ORD003781,credit_card,1,2119.39
ORD003782,credit_card,3,64.3
ORD003783,credit_card,1,1169.13
ORD003784,credit_card,1,83.29
ORD003785,credit_card,2,206.45
ORD003786,credit_card,2,166.57
ORD003787,boleto,1,612.74
ORD003788,credit_card,6,78.94
ORD003789,credit_card,2,1414.64
ORD003790,debit_card,1,80.13
ORD003791,credit_card,1,797.56
ORD003792,voucher,1,68.8
ORD003793,boleto,1,72.66
ORD003794,credit_card,1,93.26
ORD003795,boleto,1,87.17
ORD003796,credit_card,1,416.18
ORD003797,boleto,1,780.19
ORD003798,voucher,1,1015.37
ORD003799,boleto,1,58.14
ORD003800,boleto,1,488.33
ORD003801,credit_card,6,1206.76
ORD003802,boleto,1,101.65
ORD003803,credit_card,10,665.77
ORD003804,credit_card,1,131.2
ORD003805,voucher,1,590.45
ORD003806,credit_card,2,304.04
ORD003807,credit_card,2,1689.54
ORD003808,boleto,1,1380.03
ORD003809,boleto,1,394.83
ORD003810,credit_card,10,336.38
ORD003811,voucher,1,127.23
ORD003812,credit_card,6,43.8
ORD003813,credit_card,1,243.45
ORD003814,credit_card,1,640.78
ORD003815,credit_card,1,148.86
ORD003816,credit_card,6,236.69
ORD003817,credit_card,1,682.32
ORD003818,credit_card,1,124.64
ORD003819,credit_card,6,244.37
ORD003820,debit_card,1,795.95
ORD003821,credit_card,1,1786.83
ORD003822,credit_card,2,357.36
ORD003823,debit_card,1,453.31
ORD003824,voucher,1,487.78
ORD003825,boleto,1,38.19
ORD003826,boleto,1,421.65
ORD003827,debit_card,1,1000.17
ORD003828,credit_card,6,98.67
ORD003829,credit_card,2,156.18
ORD003830,boleto,1,452.59
ORD003831,debit_card,1,170.33
ORD003832,credit_card,10,772.33
ORD003833,debit_card,1,717.86
ORD003834,credit_card,1,391.59
ORD003835,credit_card,1,529.24
ORD003836,credit_card,3,202.68
ORD003837,credit_card,1,462.97
ORD003838,boleto,1,155.04
ORD003839,credit_card,6,2190.98
ORD003840,debit_card,1,350.11
ORD003841,voucher,1,781.89
ORD003842,credit_card,2,439.69
ORD003843,credit_card,1,348.62
ORD003844,boleto,1,180.65
ORD003845,debit_card,1,233.96
ORD003846,voucher,1,1157.88
ORD003847,voucher,1,2068.6
ORD003848,credit_card,2,680.72
ORD003849,voucher,1,215.72
ORD003850,credit_card,3,1208.51
ORD003851,debit_card,1,249.07
ORD003852,debit_card,1,419.97
ORD003853,credit_card,3,463.54
ORD003854,debit_card,1,52.97
ORD003855,boleto,1,235.4
ORD003856,credit_card,6,1440.39
ORD003857,credit_card,2,196.28
ORD003858,credit_card,3,945.4
ORD003859,credit_card,6,92.89
ORD003860,credit_card,1,113.17
ORD003861,voucher,1,1641.92
ORD003862,credit_card,2,99.2
ORD003863,debit_card,1,479.15
ORD003864,boleto,1,482.27
ORD003865,credit_card,1,226.14
ORD003866,debit_card,1,422.45
ORD003867,credit_card,6,1287.44
ORD003868,credit_card,2,418.31
ORD003869,credit_card,1,1208.27
ORD003870,credit_card,2,729.62
ORD003871,credit_card,1,156.11
ORD003872,debit_card,1,1545.91
ORD003873,voucher,1,1524.26
ORD003874,boleto,1,86.27
ORD003875,credit_card,2,188.77
ORD003876,credit_card,1,2018.01
ORD003877,credit_card,3,1258.71
ORD003878,credit_card,10,1543.19
ORD003879,credit_card,3,899.86
ORD003880,boleto,1,287.07
ORD003881,credit_card,6,539.01
ORD003882,credit_card,2,578.24
ORD003883,credit_card,6,1365.39
ORD003884,boleto,1,243.45
ORD003885,credit_card,6,2005.52
ORD003886,credit_card,1,1666.55
ORD003887,credit_card,2,285.91
ORD003888,credit_card,6,1214.3
ORD003889,boleto,1,115.66
ORD003890,credit_card,1,76.31
ORD003891,credit_card,3,123.69
ORD003892,credit_card,1,1358.92
ORD003893,debit_card,1,165.55
ORD003894,credit_card,1,935.91
ORD003895,debit_card,1,129.67
ORD003896,credit_card,1,255.54
ORD003897,credit_card,2,94.32
ORD003898,credit_card,3,87.84
ORD003899,credit_card,3,517.84
ORD003900,boleto,1,81.49
ORD003901,credit_card,1,1468.66
ORD003902,credit_card,1,776.79
ORD003903,credit_card,1,298.52
ORD003904,credit_card,2,480.94
ORD003905,credit_card,3,211.59
ORD003906,credit_card,1,609.58
ORD003907,credit_card,1,842.91
ORD003908,boleto,1,45.75
ORD003909,debit_card,1,45.87
ORD003910,boleto,1,402.03
ORD003911,debit_card,1,446.64
ORD003912,credit_card,3,224.39
ORD003913,credit_card,2,385.67
ORD003914,voucher,1,561.93
ORD003915,credit_card,1,75.03
ORD003916,credit_card,2,80.86
ORD003917,credit_card,2,64.46
ORD003918,voucher,1,923.32
ORD003919,debit_card,1,1432.02
ORD003920,credit_card,10,58.01
ORD003921,credit_card,3,1771.51
ORD003922,credit_card,1,130.3
ORD003923,credit_card,3,109.09
ORD003924,credit_card,2,85.13
ORD003925,credit_card,3,718.15
ORD003926,credit_card,1,564.93
ORD003927,debit_card,1,49.22
ORD003928,credit_card,6,53.6
ORD003929,credit_card,1,626.8
ORD003930,credit_card,3,776.17
ORD003931,credit_card,1,205.11
ORD003932,boleto,1,23.52
ORD003933,boleto,1,62.35
ORD003934,credit_card,6,93.47
ORD003935,boleto,1,125.18
ORD003936,credit_card,3,92.18
ORD003937,boleto,1,902.87
ORD003938,debit_card,1,189.33
ORD003939,credit_card,1,230.33
ORD003940,debit_card,1,892.02
ORD003941,credit_card,3,1866.81
ORD003942,boleto,1,173.63
ORD003943,credit_card,6,233.48
ORD003944,credit_card,10,153.15
ORD003945,debit_card,1,123.03
ORD003946,credit_card,6,223.97
ORD003947,credit_card,3,123.69
ORD003948,debit_card,1,329.59
ORD003949,credit_card,1,786.39
ORD003950,credit_card,2,145.04
ORD003951,boleto,1,157.13
ORD003952,credit_card,1,1146.29
ORD003953,debit_card,1,819.77
ORD003954,debit_card,1,605.93
ORD003955,credit_card,1,1260.26
ORD003956,credit_card,1,166.99
ORD003957,credit_card,6,721.31
ORD003958,debit_card,1,71.32
ORD003959,debit_card,1,459.68
ORD003960,credit_card,1,244.27
ORD003961,boleto,1,117.92
ORD003962,credit_card,1,2286.01
ORD003963,voucher,1,186.98
ORD003964,boleto,1,50.09
ORD003965,boleto,1,17.51
ORD003966,debit_card,1,130.97
ORD003967,boleto,1,50.49
ORD003968,credit_card,1,1362.33
ORD003969,boleto,1,408.18
ORD003970,credit_card,1,148.61
ORD003971,credit_card,1,904.8
ORD003972,credit_card,6,1112.79
ORD003973,boleto,1,247.31
ORD003974,credit_card,6,37.09
ORD003975,boleto,1,1751.09
ORD003976,boleto,1,56.84
ORD003977,debit_card,1,53.98
ORD003978,credit_card,6,64.19
ORD003979,debit_card,1,2046.19
ORD003980,boleto,1,1027.06
ORD003981,credit_card,2,504.16
ORD003982,boleto,1,268.56
ORD003983,boleto,1,560.87
ORD003984,credit_card,1,169.78
ORD003985,credit_card,2,1348.87
ORD003986,credit_card,1,165.38
ORD003987,voucher,1,128.4
ORD003988,boleto,1,526.32
ORD003989,credit_card,1,363.15
ORD003990,voucher,1,287.97
ORD003991,credit_card,1,1338.45
ORD003992,boleto,1,133.72
ORD003993,credit_card,1,345.83
ORD003994,credit_card,1,609.91
ORD003995,credit_card,10,334.63
ORD003996,boleto,1,106.89
ORD003997,boleto,1,77.21
ORD003998,boleto,1,1311.86
ORD003999,debit_card,1,1592.9
ORD004000,credit_card,1,695.26
ORD004001,credit_card,1,150.34
ORD004002,credit_card,2,183.93
ORD004003,debit_card,1,389.48
ORD004004,credit_card,3,147.21
ORD004005,credit_card,2,156.55
ORD004006,credit_card,10,109.7
ORD004007,boleto,1,1469.63
ORD004008,credit_card,10,1177.65
ORD004009,credit_card,10,38.35
ORD004010,boleto,1,176.07
ORD004011,debit_card,1,450.53
ORD004012,credit_card,1,130.76
ORD004013,credit_card,1,776.32
ORD004014,credit_card,1,76.19
ORD004015,credit_card,1,292.21
ORD004016,credit_card,1,593.61
ORD004017,credit_card,3,45.35
ORD004018,credit_card,6,354.59
ORD004019,credit_card,1,423.95
ORD004020,credit_card,2,411.27
ORD004021,debit_card,1,96.7
ORD004022,credit_card,2,782.95
ORD004023,boleto,1,141.16
ORD004024,credit_card,1,869.01
ORD004025,boleto,1,395.92
ORD004026,boleto,1,391.4
ORD004027,voucher,1,398.75
ORD004028,credit_card,1,2297.41
ORD004029,credit_card,3,227.21
ORD004030,credit_card,1,240.25
ORD004031,credit_card,2,136.81
ORD004032,debit_card,1,344.52
ORD004033,credit_card,2,175.52
ORD004034,boleto,1,666.13
ORD004035,debit_card,1,167.64
ORD004036,credit_card,3,36.83
ORD004037,credit_card,6,375.36
ORD004038,boleto,1,184.04
ORD004039,debit_card,1,190.16
ORD004040,credit_card,1,1647.67
ORD004041,credit_card,2,239.25
ORD004042,voucher,1,304.0
ORD004043,debit_card,1,2068.92
ORD004044,boleto,1,101.05
ORD004045,debit_card,1,930.35
ORD004046,credit_card,1,419.95
ORD004047,boleto,1,298.08
ORD004048,boleto,1,196.98
ORD004049,credit_card,3,1293.67
ORD004050,debit_card,1,702.14
ORD004051,credit_card,1,802.74
ORD004052,debit_card,1,780.18
ORD004053,boleto,1,325.74
ORD004054,credit_card,1,2060.97
ORD004055,debit_card,1,747.45
ORD004056,boleto,1,146.57
ORD004057,credit_card,1,2621.53
ORD004058,boleto,1,71.65
ORD004059,credit_card,1,204.61
ORD004060,credit_card,3,263.36
ORD004061,credit_card,1,1759.16
ORD004062,credit_card,1,13.84
ORD004063,boleto,1,97.59
ORD004064,credit_card,1,101.66
ORD004065,credit_card,2,50.21
ORD004066,boleto,1,640.16
ORD004067,debit_card,1,733.58
ORD004068,credit_card,6,330.18
ORD004069,credit_card,1,1667.84
ORD004070,debit_card,1,75.19
ORD004071,credit_card,10,197.2
ORD004072,credit_card,1,1022.9
ORD004073,debit_card,1,107.79
ORD004074,voucher,1,56.75
ORD004075,debit_card,1,599.71
ORD004076,credit_card,3,1378.77
ORD004077,debit_card,1,72.48
ORD004078,voucher,1,196.35
ORD004079,credit_card,2,961.01
ORD004080,voucher,1,310.42
ORD004081,voucher,1,202.11
ORD004082,credit_card,2,189.46
ORD004083,boleto,1,207.05
ORD004084,credit_card,1,1334.25
ORD004085,credit_card,1,136.41
ORD004086,debit_card,1,54.88
ORD004087,credit_card,10,1023.65
ORD004088,debit_card,1,1586.01
ORD004089,credit_card,6,1247.25
ORD004090,credit_card,2,195.86
ORD004091,credit_card,1,68.5
ORD004092,credit_card,1,221.23
ORD004093,debit_card,1,197.16
ORD004094,credit_card,1,731.12
ORD004095,credit_card,1,111.48
ORD004096,credit_card,3,54.02
ORD004097,credit_card,1,169.93
ORD004098,boleto,1,83.87
ORD004099,credit_card,6,107.36
ORD004100,voucher,1,309.08
ORD004101,debit_card,1,173.73
ORD004102,credit_card,1,369.57
ORD004103,voucher,1,133.32
ORD004104,debit_card,1,59.33
ORD004105,credit_card,1,96.61
ORD004106,voucher,1,140.84
ORD004107,credit_card,10,1159.44
ORD004108,credit_card,1,1592.83
ORD004109,credit_card,2,1690.81
ORD004110,credit_card,1,81.04
ORD004111,boleto,1,119.39
ORD004112,credit_card,1,601.29
ORD004113,debit_card,1,1765.24
ORD004114,debit_card,1,173.58
ORD004115,credit_card,2,213.72
ORD004116,credit_card,1,255.99
ORD004117,debit_card,1,508.71
ORD004118,credit_card,6,80.66
ORD004119,debit_card,1,85.59
ORD004120,credit_card,1,64.5
ORD004121,credit_card,1,240.22
ORD004122,credit_card,1,56.48
ORD004123,credit_card,3,276.55
ORD004124,boleto,1,95.34
ORD004125,credit_card,6,520.22
ORD004126,debit_card,1,147.69
ORD004127,boleto,1,797.56
ORD004128,credit_card,1,202.04
ORD004129,credit_card,2,139.88
ORD004130,debit_card,1,433.27
ORD004131,credit_card,3,757.52
ORD004132,debit_card,1,337.66
ORD004133,voucher,1,66.4
ORD004134,boleto,1,195.34
ORD004135,credit_card,6,408.38
ORD004136,credit_card,1,598.76
ORD004137,boleto,1,179.09
ORD004138,credit_card,10,43.88
ORD004139,debit_card,1,527.63
ORD004140,credit_card,1,55.85
ORD004141,credit_card,1,170.17
ORD004142,credit_card,2,680.67
ORD004143,debit_card,1,249.32
ORD004144,credit_card,6,1146.71
ORD004145,credit_card,1,310.31
ORD004146,debit_card,1,960.54
ORD004147,credit_card,6,3436.35
ORD004148,credit_card,2,1029.01
ORD004149,boleto,1,489.02
ORD004150,credit_card,1,1693.11
ORD004151,credit_card,2,1514.09
ORD004152,credit_card,1,1605.77
ORD004153,boleto,1,81.93
ORD004154,credit_card,3,328.15
ORD004155,debit_card,1,41.12
ORD004156,boleto,1,1554.71
ORD004157,credit_card,10,533.05
ORD004158,credit_card,1,448.07
ORD004159,credit_card,1,28.38
ORD004160,credit_card,6,237.35
ORD004161,debit_card,1,145.47
ORD004162,boleto,1,168.86
ORD004163,credit_card,1,869.84
ORD004164,credit_card,3,1051.18
ORD004165,debit_card,1,140.41
ORD004166,debit_card,1,950.28
ORD004167,debit_card,1,1031.25
ORD004168,voucher,1,1554.99
ORD004169,debit_card,1,2666.5
ORD004170,credit_card,2,386.05
ORD004171,debit_card,1,852.87
ORD004172,credit_card,1,178.79
ORD004173,credit_card,6,806.6
ORD004174,debit_card,1,56.31
ORD004175,boleto,1,203.4
ORD004176,credit_card,1,75.45
ORD004177,debit_card,1,315.63
ORD004178,credit_card,3,146.22
ORD004179,boleto,1,125.27
ORD004180,credit_card,6,69.4
ORD004181,boleto,1,1245.82
ORD004182,credit_card,1,118.26
ORD004183,credit_card,1,1863.77
ORD004184,credit_card,3,96.56
ORD004185,credit_card,3,958.59
ORD004186,debit_card,1,313.3
ORD004187,boleto,1,1552.11
ORD004188,credit_card,6,93.24
ORD004189,credit_card,1,516.32
ORD004190,boleto,1,856.5
ORD004191,debit_card,1,82.63
ORD004192,boleto,1,91.11
ORD004193,credit_card,6,37.49
ORD004194,credit_card,6,236.06
ORD004195,credit_card,1,663.01
ORD004196,credit_card,1,146.23
ORD004197,debit_card,1,3054.75
ORD004198,credit_card,2,145.54
ORD004199,credit_card,2,267.83
ORD004200,debit_card,1,556.44
ORD004201,credit_card,1,2860.87
ORD004202,debit_card,1,91.14
ORD004203,credit_card,2,803.7
ORD004204,debit_card,1,209.77
ORD004205,credit_card,1,2179.5
ORD004206,credit_card,3,313.66
ORD004207,debit_card,1,215.03
ORD004208,boleto,1,218.57
ORD004209,debit_card,1,173.6
ORD004210,debit_card,1,137.05
ORD004211,boleto,1,350.23
ORD004212,credit_card,10,94.19
ORD004213,boleto,1,379.88
ORD004214,credit_card,1,1475.64
ORD004215,boleto,1,83.63
ORD004216,credit_card,1,211.94
ORD004217,boleto,1,549.01
ORD004218,credit_card,1,1749.64
ORD004219,boleto,1,963.77
ORD004220,credit_card,1,341.69
ORD004221,debit_card,1,349.14
ORD004222,debit_card,1,316.43
ORD004223,debit_card,1,40.31
ORD004224,credit_card,1,355.69
ORD004225,credit_card,10,70.54
ORD004226,debit_card,1,164.18
ORD004227,boleto,1,368.11
ORD004228,debit_card,1,1072.1
ORD004229,credit_card,1,69.71
ORD004230,boleto,1,89.59
ORD004231,credit_card,2,133.98
ORD004232,credit_card,1,54.39
ORD004233,credit_card,3,186.92
ORD004234,credit_card,1,151.81
ORD004235,credit_card,1,305.23
ORD004236,boleto,1,355.55
ORD004237,voucher,1,44.16
ORD004238,credit_card,3,23.21
ORD004239,credit_card,1,99.68
ORD004240,voucher,1,105.21
ORD004241,debit_card,1,857.2
ORD004242,credit_card,3,557.41
ORD004243,credit_card,10,449.25
ORD004244,debit_card,1,221.01
ORD004245,credit_card,6,387.73
ORD004246,boleto,1,744.11
ORD004247,debit_card,1,195.69
ORD004248,debit_card,1,811.1
ORD004249,credit_card,1,57.4
ORD004250,credit_card,6,28.38
ORD004251,boleto,1,467.3
ORD004252,credit_card,6,622.25
ORD004253,voucher,1,49.7
ORD004254,credit_card,6,77.62
ORD004255,credit_card,10,52.46
ORD004256,credit_card,1,458.51
ORD004257,credit_card,1,1651.0
ORD004258,boleto,1,545.72
ORD004259,credit_card,3,1515.97
ORD004260,credit_card,2,272.66
ORD004261,credit_card,2,1101.9
ORD004262,credit_card,1,513.86
ORD004263,credit_card,3,129.83
ORD004264,credit_card,2,72.96
ORD004265,credit_card,1,690.88
ORD004266,credit_card,1,142.68
ORD004267,credit_card,1,42.19
ORD004268,credit_card,10,1461.38
ORD004269,credit_card,1,1431.29
ORD004270,credit_card,1,399.38
ORD004271,credit_card,2,1092.47
ORD004272,credit_card,1,303.31
ORD004273,debit_card,1,832.13
ORD004274,debit_card,1,1122.12
ORD004275,boleto,1,273.53
ORD004276,boleto,1,57.06
ORD004277,credit_card,3,116.2
ORD004278,debit_card,1,221.75
ORD004279,credit_card,2,1191.59
ORD004280,boleto,1,110.22
ORD004281,credit_card,6,130.08
ORD004282,credit_card,10,54.28
ORD004283,debit_card,1,56.66
ORD004284,boleto,1,594.54
ORD004285,credit_card,1,1028.36
ORD004286,debit_card,1,282.29
ORD004287,boleto,1,43.82
ORD004288,voucher,1,107.88
ORD004289,debit_card,1,389.06
ORD004290,voucher,1,1220.18
ORD004291,voucher,1,23.08
ORD004292,voucher,1,353.52
ORD004293,debit_card,1,419.16
ORD004294,debit_card,1,81.06
ORD004295,boleto,1,104.93
ORD004296,debit_card,1,400.41
ORD004297,debit_card,1,76.06
ORD004298,debit_card,1,530.18
ORD004299,boleto,1,216.91
ORD004300,credit_card,3,47.86
ORD004301,boleto,1,482.96
ORD004302,boleto,1,166.83
ORD004303,credit_card,3,510.14
ORD004304,credit_card,6,37.84
ORD004305,credit_card,1,1205.52
ORD004306,debit_card,1,100.67
ORD004307,credit_card,6,116.06
ORD004308,debit_card,1,196.53
ORD004309,boleto,1,785.72
ORD004310,credit_card,6,643.49
ORD004311,boleto,1,617.26
ORD004312,credit_card,1,226.01
ORD004313,credit_card,1,184.14
ORD004314,debit_card,1,703.13
ORD004315,credit_card,2,339.68
ORD004316,voucher,1,161.6
ORD004317,debit_card,1,63.5
ORD004318,boleto,1,86.56
ORD004319,debit_card,1,254.9
ORD004320,credit_card,1,69.13
ORD004321,boleto,1,4527.3
ORD004322,credit_card,1,264.17
ORD004323,boleto,1,804.03
ORD004324,boleto,1,564.7
ORD004325,boleto,1,1279.28
ORD004326,debit_card,1,535.7
ORD004327,debit_card,1,370.06
ORD004328,boleto,1,895.16
ORD004329,credit_card,1,207.77
ORD004330,credit_card,1,975.82
ORD004331,boleto,1,287.07
ORD004332,credit_card,1,128.18
ORD004333,debit_card,1,50.54
ORD004334,credit_card,2,55.86
ORD004335,boleto,1,313.74
ORD004336,credit_card,3,23.17
ORD004337,credit_card,1,37.16
ORD004338,voucher,1,950.39
ORD004339,debit_card,1,163.65
ORD004340,credit_card,1,110.87
ORD004341,credit_card,10,830.45
ORD004342,credit_card,2,127.97
ORD004343,debit_card,1,807.93
ORD004344,debit_card,1,259.23
ORD004345,debit_card,1,1203.13
ORD004346,debit_card,1,326.66
ORD004347,boleto,1,106.42
ORD004348,credit_card,1,60.74
ORD004349,credit_card,1,245.73
ORD004350,credit_card,3,109.46
ORD004351,credit_card,2,53.36
ORD004352,credit_card,1,53.76
ORD004353,credit_card,1,1758.63
ORD004354,boleto,1,372.09
ORD004355,credit_card,6,282.72
ORD004356,credit_card,1,377.42
ORD004357,credit_card,1,155.06
ORD004358,credit_card,6,458.21
ORD004359,credit_card,1,842.96
ORD004360,credit_card,2,803.83
ORD004361,boleto,1,428.5
ORD004362,credit_card,1,835.16
ORD004363,credit_card,2,1801.41
ORD004364,debit_card,1,159.87
ORD004365,debit_card,1,37.5
ORD004366,credit_card,2,574.68
ORD004367,credit_card,1,107.72
ORD004368,credit_card,1,136.67
ORD004369,credit_card,10,351.11
ORD004370,credit_card,2,351.11
ORD004371,debit_card,1,619.53
ORD004372,boleto,1,122.18
ORD004373,boleto,1,1453.73
ORD004374,credit_card,10,127.67
ORD004375,credit_card,1,155.49
ORD004376,credit_card,1,137.41
ORD004377,voucher,1,1113.6
ORD004378,credit_card,10,563.84
ORD004379,credit_card,2,116.09
ORD004380,credit_card,1,751.54
ORD004381,debit_card,1,2206.18
ORD004382,credit_card,1,2007.17
ORD004383,credit_card,1,1544.13
ORD004384,debit_card,1,248.94
ORD004385,boleto,1,160.81
ORD004386,credit_card,10,88.59
ORD004387,credit_card,2,823.34
ORD004388,credit_card,2,45.32
ORD004389,credit_card,2,1491.31
ORD004390,credit_card,2,328.51
ORD004391,credit_card,1,398.24
ORD004392,credit_card,3,520.87
ORD004393,credit_card,1,95.57
ORD004394,credit_card,2,1307.03
ORD004395,credit_card,3,115.72
ORD004396,debit_card,1,312.01
ORD004397,credit_card,6,816.53
ORD004398,credit_card,1,1132.66
ORD004399,boleto,1,76.05
ORD004400,credit_card,6,133.38
ORD004401,debit_card,1,136.14
ORD004402,credit_card,1,121.86
ORD004403,debit_card,1,573.94
ORD004404,credit_card,2,609.13
ORD004405,credit_card,10,43.43
ORD004406,credit_card,6,1287.0
ORD004407,boleto,1,46.24
ORD004408,debit_card,1,46.91
ORD004409,credit_card,3,327.63
ORD004410,debit_card,1,93.14
ORD004411,credit_card,10,114.64
ORD004412,debit_card,1,317.98
ORD004413,credit_card,1,873.26
ORD004414,credit_card,1,778.08
ORD004415,credit_card,1,1005.65
ORD004416,credit_card,1,99.27
ORD004417,debit_card,1,1181.66
ORD004418,debit_card,1,160.48
ORD004419,credit_card,10,334.37
ORD004420,credit_card,1,38.04
ORD004421,credit_card,3,43.99
